{
	"one" : 	{
		"navscale1/function" : "*",
		"navscale1/function/parameter1" : 0.0,
		"navscale1/function/parameter2" : 0.0,
		"navscale1/function/symmetry" : "*",
		"navscale1/abs" : 0.0,
		"navscale1/abs2" : 0.0,
		"navscale1/action" : 0.0,
		"navscale1/clip" : 0,
		"navscale1/delta1" : 0.0,
		"navscale1/delta2" : 0.0,
		"navscale1/diffMode" : 0,
		"navscale1/minMax" : [ 0.0, 0.0 ],
		"navscale1/offset" : 0.0,
		"navscale1/pre-offset" : 0.0,
		"navscale1/QoM" : 0.0,
		"navscale1/schmitTrig" : 0.0,
		"navscale1/velocity" : 0.0,
		"navscale1/visualize" : 0.0,
		"navscale1/filter/mode" : 0,
		"navscale1/filter/samples" : 0,
		"navscale1/out/filtered" : 0.0,
		"navscale1/out/filtered/scaled" : 0.0,
		"navscale1/out/final" : 0.84,
		"navscale1/pre-slide/down" : 0,
		"navscale1/pre-slide/up" : 0,
		"navscale1/ramp/grain" : 0,
		"navscale1/ramp/time" : 0,
		"navscale1/scale/clear" : "bang",
		"navscale1/scale/max" : 0.0,
		"navscale1/scale/min" : 0.0,
		"navscale1/scale/mode" : 0,
		"navscale1/scale/window" : 0,
		"navscale1/scale/input/max" : 0.0,
		"navscale1/scale/input/min" : 0.0,
		"navscale1/schmitt/debounce" : 0,
		"navscale1/schmitt/lower" : 0.0,
		"navscale1/schmitt/on" : 0.0,
		"navscale1/schmitt/ramp" : 0,
		"navscale1/schmitt/upper" : 0.0,
		"navscale1/slide/down" : 0,
		"navscale1/slide/up" : 0,
		"navscale2/function" : "*",
		"navscale2/function/parameter1" : 0.0,
		"navscale2/function/parameter2" : 0.0,
		"navscale2/function/symmetry" : "*",
		"navscale2/abs" : 0.0,
		"navscale2/abs2" : 0.0,
		"navscale2/action" : 0.0,
		"navscale2/clip" : 0,
		"navscale2/delta1" : 0.0,
		"navscale2/delta2" : 0.0,
		"navscale2/diffMode" : 0,
		"navscale2/minMax" : [ 0.0, 0.0 ],
		"navscale2/offset" : 0.0,
		"navscale2/pre-offset" : 0.0,
		"navscale2/QoM" : 0.0,
		"navscale2/schmitTrig" : 0.0,
		"navscale2/velocity" : 0.0,
		"navscale2/visualize" : 0.0,
		"navscale2/filter/mode" : 0,
		"navscale2/filter/samples" : 0,
		"navscale2/out/filtered" : 0.0,
		"navscale2/out/filtered/scaled" : 0.0,
		"navscale2/out/final" : 0.5391,
		"navscale2/pre-slide/down" : 0,
		"navscale2/pre-slide/up" : 0,
		"navscale2/ramp/grain" : 0,
		"navscale2/ramp/time" : 0,
		"navscale2/scale/clear" : "bang",
		"navscale2/scale/max" : 0.0,
		"navscale2/scale/min" : 0.0,
		"navscale2/scale/mode" : 0,
		"navscale2/scale/window" : 0,
		"navscale2/scale/input/max" : 0.0,
		"navscale2/scale/input/min" : 0.0,
		"navscale2/schmitt/debounce" : 0,
		"navscale2/schmitt/lower" : 0.0,
		"navscale2/schmitt/on" : 0.0,
		"navscale2/schmitt/ramp" : 0,
		"navscale2/schmitt/upper" : 0.0,
		"navscale2/slide/down" : 0,
		"navscale2/slide/up" : 0,
		"navvalues/navaccavg" : 0.10937,
		"navvalues/navaccqom" : 0.19242,
		"navvalues/navgyroavg" : 0.998698,
		"navvalues/navgyroqom" : 0.102232,
		"ngimu_r1/barometer" : 0.0,
		"ngimu_r1/barometer/active" : 1.0,
		"ngimu_r1/acc/pitch" : 0.050657,
		"ngimu_r1/acc/pitch/active" : 1.0,
		"ngimu_r1/acc/pitch/invert" : 0.0,
		"ngimu_r1/acc/pitch/offset" : 0.0,
		"ngimu_r1/acc/preview" : 0.0,
		"ngimu_r1/acc/roll" : 0.007094,
		"ngimu_r1/acc/roll/active" : 1.0,
		"ngimu_r1/acc/roll/invert" : 0.0,
		"ngimu_r1/acc/roll/offset" : 0.0,
		"ngimu_r1/acc/magnitude/active" : 1.0,
		"ngimu_r1/acc/magnitude/norm" : 0.0,
		"ngimu_r1/acc/magnitude/raw" : 0.0,
		"ngimu_r1/acc/orientation/preview" : 0.0,
		"ngimu_r1/acc/qom/norm" : 0.0,
		"ngimu_r1/acc/qom/raw" : -1.0,
		"ngimu_r1/acc/x/active" : 1.0,
		"ngimu_r1/acc/x/norm" : 0.0,
		"ngimu_r1/acc/x/raw" : 0.0,
		"ngimu_r1/acc/x/qom/norm" : 0.0,
		"ngimu_r1/acc/x/qom/raw" : 0.0,
		"ngimu_r1/acc/y/active" : 1.0,
		"ngimu_r1/acc/y/norm" : 0.0,
		"ngimu_r1/acc/y/raw" : 0.0,
		"ngimu_r1/acc/y/qom/norm" : 0.0,
		"ngimu_r1/acc/y/qom/raw" : 0.0,
		"ngimu_r1/acc/z/active" : 1.0,
		"ngimu_r1/acc/z/norm" : 0.0,
		"ngimu_r1/acc/z/raw" : 0.0,
		"ngimu_r1/acc/z/qom/norm" : 0.0,
		"ngimu_r1/acc/z/qom/raw" : 0.0,
		"ngimu_r1/altitude/active" : 1.0,
		"ngimu_r1/altitude/preview" : 0.0,
		"ngimu_r1/altitude/raw" : 0.0,
		"ngimu_r1/battery/charge" : 0.0,
		"ngimu_r1/battery/current" : 0.0,
		"ngimu_r1/battery/percentage" : 0.0,
		"ngimu_r1/battery/time" : 0.0,
		"ngimu_r1/battery/voltage" : 0.0,
		"ngimu_r1/earth/preview" : 0.0,
		"ngimu_r1/earth/x/active" : 1.0,
		"ngimu_r1/earth/x/norm" : 0.0,
		"ngimu_r1/earth/x/raw" : 0.0,
		"ngimu_r1/earth/y/active" : 1.0,
		"ngimu_r1/earth/y/norm" : 0.0,
		"ngimu_r1/earth/y/raw" : 0.0,
		"ngimu_r1/earth/z/active" : 1.0,
		"ngimu_r1/earth/z/norm" : 0.0,
		"ngimu_r1/earth/z/raw" : 0.0,
		"ngimu_r1/euler/preview" : 0.0,
		"ngimu_r1/euler/pitch/active" : 1.0,
		"ngimu_r1/euler/pitch/norm" : 0.0,
		"ngimu_r1/euler/pitch/raw" : 0.0,
		"ngimu_r1/euler/roll/active" : 1.0,
		"ngimu_r1/euler/roll/norm" : 0.0,
		"ngimu_r1/euler/roll/raw" : 0.0,
		"ngimu_r1/euler/yaw/active" : 1.0,
		"ngimu_r1/euler/yaw/norm" : 0.0,
		"ngimu_r1/euler/yaw/raw" : 0.0,
		"ngimu_r1/gyro/preview" : 0.0,
		"ngimu_r1/gyro/magnitude/active" : 1.0,
		"ngimu_r1/gyro/magnitude/norm" : 0.0,
		"ngimu_r1/gyro/magnitude/raw" : 0.0,
		"ngimu_r1/gyro/qom/norm" : 0.0,
		"ngimu_r1/gyro/qom/raw" : 0.0,
		"ngimu_r1/gyro/x/active" : 1.0,
		"ngimu_r1/gyro/x/norm" : 0.0,
		"ngimu_r1/gyro/x/raw" : 0.0,
		"ngimu_r1/gyro/x/qom/norm" : 0.0,
		"ngimu_r1/gyro/x/qom/raw" : 0.0,
		"ngimu_r1/gyro/y/active" : 1.0,
		"ngimu_r1/gyro/y/norm" : 0.0,
		"ngimu_r1/gyro/y/raw" : 0.0,
		"ngimu_r1/gyro/y/qom/norm" : 0.0,
		"ngimu_r1/gyro/y/qom/raw" : 0.0,
		"ngimu_r1/gyro/z/active" : 1.0,
		"ngimu_r1/gyro/z/norm" : 0.0,
		"ngimu_r1/gyro/z/raw" : 0.0,
		"ngimu_r1/gyro/z/qom/norm" : 0.0,
		"ngimu_r1/gyro/z/qom/raw" : 0.0,
		"ngimu_r1/linear/preview" : 0.0,
		"ngimu_r1/linear/x/active" : 1.0,
		"ngimu_r1/linear/x/norm" : 0.0,
		"ngimu_r1/linear/x/raw" : 0.0,
		"ngimu_r1/linear/y/active" : 1.0,
		"ngimu_r1/linear/y/norm" : 0.0,
		"ngimu_r1/linear/y/raw" : 0.0,
		"ngimu_r1/linear/z/active" : 1.0,
		"ngimu_r1/linear/z/norm" : 0.0,
		"ngimu_r1/linear/z/raw" : 0.0,
		"ngimu_r1/mag/preview" : 0.0,
		"ngimu_r1/mag/qom" : 0.0,
		"ngimu_r1/mag/magnitude/active" : 1.0,
		"ngimu_r1/mag/magnitude/raw" : 0.0,
		"ngimu_r1/mag/magnitude/scaled" : 0.0,
		"ngimu_r1/mag/x/active" : 1.0,
		"ngimu_r1/mag/x/qom" : 0.0,
		"ngimu_r1/mag/x/raw" : 0.0,
		"ngimu_r1/mag/y/active" : 1.0,
		"ngimu_r1/mag/y/qom" : 0.0,
		"ngimu_r1/mag/y/raw" : 0.0,
		"ngimu_r1/mag/z/active" : 1.0,
		"ngimu_r1/mag/z/qom" : 0.0,
		"ngimu_r1/mag/z/raw" : 0.0,
		"ngimu_r1/magnitudes/preview" : 0.0,
		"ngimu_r1/matrix/preview" : 0.0,
		"ngimu_r1/matrix/xx/active" : 1.0,
		"ngimu_r1/matrix/xx/raw" : 0.0,
		"ngimu_r1/matrix/xy/active" : 1.0,
		"ngimu_r1/matrix/xy/raw" : 0.0,
		"ngimu_r1/matrix/xz/active" : 1.0,
		"ngimu_r1/matrix/xz/raw" : 0.0,
		"ngimu_r1/matrix/yx/active" : 1.0,
		"ngimu_r1/matrix/yx/raw" : 0.0,
		"ngimu_r1/matrix/yy/active" : 1.0,
		"ngimu_r1/matrix/yy/raw" : 0.0,
		"ngimu_r1/matrix/yz/active" : 1.0,
		"ngimu_r1/matrix/yz/raw" : 0.0,
		"ngimu_r1/matrix/zx/active" : 1.0,
		"ngimu_r1/matrix/zx/raw" : 0.0,
		"ngimu_r1/matrix/zy/active" : 1.0,
		"ngimu_r1/matrix/zy/raw" : 0.0,
		"ngimu_r1/matrix/zz/active" : 1.0,
		"ngimu_r1/matrix/zz/raw" : 0.0,
		"ngimu_r1/port/in" : 8000,
		"ngimu_r1/quaternion/preview" : 0.0,
		"ngimu_r1/quaternion/w/active" : 1.0,
		"ngimu_r1/quaternion/w/raw" : 0.0,
		"ngimu_r1/quaternion/x/active" : 1.0,
		"ngimu_r1/quaternion/x/raw" : 0.0,
		"ngimu_r1/quaternion/y/active" : 1.0,
		"ngimu_r1/quaternion/y/raw" : 0.0,
		"ngimu_r1/quaternion/z/active" : 1.0,
		"ngimu_r1/quaternion/z/raw" : 0.0,
		"ngimu_r1/rssi/dbm" : 0.0,
		"ngimu_r1/rssi/dbm/active" : 1.0,
		"ngimu_r1/rssi/percent" : 0.0,
		"ngimu_r1/rssi/percent/active" : 1.0,
		"ngimu_r1/temperature/processor" : 0.0,
		"ngimu_r1/temperature/processor/active" : 1.0,
		"ngimu_r1/temperature/sensors" : 0.0,
		"ngimu_r1/temperature/sensors/active" : 1.0,
		"ngimu_r2/barometer" : 0.0,
		"ngimu_r2/barometer/active" : 1.0,
		"ngimu_r2/acc/pitch" : 0.050657,
		"ngimu_r2/acc/pitch/active" : 1.0,
		"ngimu_r2/acc/pitch/invert" : 0.0,
		"ngimu_r2/acc/pitch/offset" : 0.0,
		"ngimu_r2/acc/preview" : 0.0,
		"ngimu_r2/acc/roll" : 0.007094,
		"ngimu_r2/acc/roll/active" : 1.0,
		"ngimu_r2/acc/roll/invert" : 0.0,
		"ngimu_r2/acc/roll/offset" : 0.0,
		"ngimu_r2/acc/magnitude/active" : 1.0,
		"ngimu_r2/acc/magnitude/norm" : 0.0,
		"ngimu_r2/acc/magnitude/raw" : 0.0,
		"ngimu_r2/acc/orientation/preview" : 0.0,
		"ngimu_r2/acc/qom/norm" : 0.0,
		"ngimu_r2/acc/qom/raw" : -1.0,
		"ngimu_r2/acc/x/active" : 1.0,
		"ngimu_r2/acc/x/norm" : 0.0,
		"ngimu_r2/acc/x/raw" : 0.0,
		"ngimu_r2/acc/x/qom/norm" : 0.0,
		"ngimu_r2/acc/x/qom/raw" : 0.0,
		"ngimu_r2/acc/y/active" : 1.0,
		"ngimu_r2/acc/y/norm" : 0.0,
		"ngimu_r2/acc/y/raw" : 0.0,
		"ngimu_r2/acc/y/qom/norm" : 0.0,
		"ngimu_r2/acc/y/qom/raw" : 0.0,
		"ngimu_r2/acc/z/active" : 1.0,
		"ngimu_r2/acc/z/norm" : 0.0,
		"ngimu_r2/acc/z/raw" : 0.0,
		"ngimu_r2/acc/z/qom/norm" : 0.0,
		"ngimu_r2/acc/z/qom/raw" : 0.0,
		"ngimu_r2/altitude/active" : 1.0,
		"ngimu_r2/altitude/preview" : 0.0,
		"ngimu_r2/altitude/raw" : 0.0,
		"ngimu_r2/battery/charge" : 0.0,
		"ngimu_r2/battery/current" : 0.0,
		"ngimu_r2/battery/percentage" : 0.0,
		"ngimu_r2/battery/time" : 0.0,
		"ngimu_r2/battery/voltage" : 0.0,
		"ngimu_r2/earth/preview" : 0.0,
		"ngimu_r2/earth/x/active" : 1.0,
		"ngimu_r2/earth/x/norm" : 0.0,
		"ngimu_r2/earth/x/raw" : 0.0,
		"ngimu_r2/earth/y/active" : 1.0,
		"ngimu_r2/earth/y/norm" : 0.0,
		"ngimu_r2/earth/y/raw" : 0.0,
		"ngimu_r2/earth/z/active" : 1.0,
		"ngimu_r2/earth/z/norm" : 0.0,
		"ngimu_r2/earth/z/raw" : 0.0,
		"ngimu_r2/euler/preview" : 0.0,
		"ngimu_r2/euler/pitch/active" : 1.0,
		"ngimu_r2/euler/pitch/norm" : 0.0,
		"ngimu_r2/euler/pitch/raw" : 0.0,
		"ngimu_r2/euler/roll/active" : 1.0,
		"ngimu_r2/euler/roll/norm" : 0.0,
		"ngimu_r2/euler/roll/raw" : 0.0,
		"ngimu_r2/euler/yaw/active" : 1.0,
		"ngimu_r2/euler/yaw/norm" : 0.0,
		"ngimu_r2/euler/yaw/raw" : 0.0,
		"ngimu_r2/gyro/preview" : 0.0,
		"ngimu_r2/gyro/magnitude/active" : 1.0,
		"ngimu_r2/gyro/magnitude/norm" : 0.0,
		"ngimu_r2/gyro/magnitude/raw" : 0.0,
		"ngimu_r2/gyro/qom/norm" : 0.0,
		"ngimu_r2/gyro/qom/raw" : 0.0,
		"ngimu_r2/gyro/x/active" : 1.0,
		"ngimu_r2/gyro/x/norm" : 0.0,
		"ngimu_r2/gyro/x/raw" : 0.0,
		"ngimu_r2/gyro/x/qom/norm" : 0.0,
		"ngimu_r2/gyro/x/qom/raw" : 0.0,
		"ngimu_r2/gyro/y/active" : 1.0,
		"ngimu_r2/gyro/y/norm" : 0.0,
		"ngimu_r2/gyro/y/raw" : 0.0,
		"ngimu_r2/gyro/y/qom/norm" : 0.0,
		"ngimu_r2/gyro/y/qom/raw" : 0.0,
		"ngimu_r2/gyro/z/active" : 1.0,
		"ngimu_r2/gyro/z/norm" : 0.0,
		"ngimu_r2/gyro/z/raw" : 0.0,
		"ngimu_r2/gyro/z/qom/norm" : 0.0,
		"ngimu_r2/gyro/z/qom/raw" : 0.0,
		"ngimu_r2/linear/preview" : 0.0,
		"ngimu_r2/linear/x/active" : 1.0,
		"ngimu_r2/linear/x/norm" : 0.0,
		"ngimu_r2/linear/x/raw" : 0.0,
		"ngimu_r2/linear/y/active" : 1.0,
		"ngimu_r2/linear/y/norm" : 0.0,
		"ngimu_r2/linear/y/raw" : 0.0,
		"ngimu_r2/linear/z/active" : 1.0,
		"ngimu_r2/linear/z/norm" : 0.0,
		"ngimu_r2/linear/z/raw" : 0.0,
		"ngimu_r2/mag/preview" : 0.0,
		"ngimu_r2/mag/qom" : 0.0,
		"ngimu_r2/mag/magnitude/active" : 1.0,
		"ngimu_r2/mag/magnitude/raw" : 0.0,
		"ngimu_r2/mag/magnitude/scaled" : 0.0,
		"ngimu_r2/mag/x/active" : 1.0,
		"ngimu_r2/mag/x/qom" : 0.0,
		"ngimu_r2/mag/x/raw" : 0.0,
		"ngimu_r2/mag/y/active" : 1.0,
		"ngimu_r2/mag/y/qom" : 0.0,
		"ngimu_r2/mag/y/raw" : 0.0,
		"ngimu_r2/mag/z/active" : 1.0,
		"ngimu_r2/mag/z/qom" : 0.0,
		"ngimu_r2/mag/z/raw" : 0.0,
		"ngimu_r2/magnitudes/preview" : 0.0,
		"ngimu_r2/matrix/preview" : 0.0,
		"ngimu_r2/matrix/xx/active" : 1.0,
		"ngimu_r2/matrix/xx/raw" : 0.0,
		"ngimu_r2/matrix/xy/active" : 1.0,
		"ngimu_r2/matrix/xy/raw" : 0.0,
		"ngimu_r2/matrix/xz/active" : 1.0,
		"ngimu_r2/matrix/xz/raw" : 0.0,
		"ngimu_r2/matrix/yx/active" : 1.0,
		"ngimu_r2/matrix/yx/raw" : 0.0,
		"ngimu_r2/matrix/yy/active" : 1.0,
		"ngimu_r2/matrix/yy/raw" : 0.0,
		"ngimu_r2/matrix/yz/active" : 1.0,
		"ngimu_r2/matrix/yz/raw" : 0.0,
		"ngimu_r2/matrix/zx/active" : 1.0,
		"ngimu_r2/matrix/zx/raw" : 0.0,
		"ngimu_r2/matrix/zy/active" : 1.0,
		"ngimu_r2/matrix/zy/raw" : 0.0,
		"ngimu_r2/matrix/zz/active" : 1.0,
		"ngimu_r2/matrix/zz/raw" : 0.0,
		"ngimu_r2/port/in" : 8000,
		"ngimu_r2/quaternion/preview" : 0.0,
		"ngimu_r2/quaternion/w/active" : 1.0,
		"ngimu_r2/quaternion/w/raw" : 0.0,
		"ngimu_r2/quaternion/x/active" : 1.0,
		"ngimu_r2/quaternion/x/raw" : 0.0,
		"ngimu_r2/quaternion/y/active" : 1.0,
		"ngimu_r2/quaternion/y/raw" : 0.0,
		"ngimu_r2/quaternion/z/active" : 1.0,
		"ngimu_r2/quaternion/z/raw" : 0.0,
		"ngimu_r2/rssi/dbm" : 0.0,
		"ngimu_r2/rssi/dbm/active" : 1.0,
		"ngimu_r2/rssi/percent" : 0.0,
		"ngimu_r2/rssi/percent/active" : 1.0,
		"ngimu_r2/temperature/processor" : 0.0,
		"ngimu_r2/temperature/processor/active" : 1.0,
		"ngimu_r2/temperature/sensors" : 0.0,
		"ngimu_r2/temperature/sensors/active" : 1.0,
		"oscoutput/address" : "127.0.0.1",
		"oscoutput/port" : 8808,
		"oscoutput/prepend" : "/value/",
		"oscoutput/sig" : 0.0,
		"oscoutput1/address" : "127.0.0.1",
		"oscoutput1/port" : 8801,
		"oscoutput1/prepend" : "/value/",
		"oscoutput1/sig" : 0.0,
		"oscoutput2/address" : "127.0.0.1",
		"oscoutput2/port" : 8802,
		"oscoutput2/prepend" : "/value/",
		"oscoutput2/sig" : 0.0,
		"oscoutput3/address" : "127.0.0.1",
		"oscoutput3/port" : 8803,
		"oscoutput3/prepend" : "/value/",
		"oscoutput3/sig" : 0.0,
		"oscoutput4/address" : "127.0.0.1",
		"oscoutput4/port" : 8804,
		"oscoutput4/prepend" : "/value/",
		"oscoutput4/sig" : 0.0,
		"oscoutput5/address" : "127.0.0.1",
		"oscoutput5/port" : 8805,
		"oscoutput5/prepend" : "/value/",
		"oscoutput5/sig" : 0.0,
		"oscoutput6/address" : "127.0.0.1",
		"oscoutput6/port" : 8806,
		"oscoutput6/prepend" : "/value/",
		"oscoutput6/sig" : 0.0,
		"oscoutput7/address" : "127.0.0.1",
		"oscoutput7/port" : 8807,
		"oscoutput7/prepend" : "/value/",
		"oscoutput7/sig" : 0.0,
		"oscroute1/abs" : 0.0,
		"oscroute1/abs2" : 0.0,
		"oscroute1/namespacebrowser/local_receive" : "2901-front",
		"oscroute1/namespacebrowser/nodeAddress" : "/navscale1/out/final",
		"oscroute1/namespacebrowser/origin" : [ 363.0, 81.0 ],
		"oscroute1/offset" : 0.0,
		"oscroute1/offset2" : 0.0,
		"oscroute1/scalebypass" : 1.0,
		"oscroute1/settingList" : [ 1, 0.0, 0.0, 0.0, "s", 0, "s", 0.0, "s", 0.0, "s", "s" ],
		"oscroute1/input/max" : 1.0,
		"oscroute1/input/min" : 0.0,
		"oscroute1/output/max" : 1.0,
		"oscroute1/output/min" : 0.0,
		"oscroute2/abs" : 0.0,
		"oscroute2/abs2" : 0.0,
		"oscroute2/namespacebrowser/local_receive" : "2893-front",
		"oscroute2/namespacebrowser/nodeAddress" : "/ngimu_r1/gyro/z/raw",
		"oscroute2/namespacebrowser/origin" : [ 363.0, 481.0 ],
		"oscroute2/offset" : 0.0,
		"oscroute2/offset2" : 0.0,
		"oscroute2/scalebypass" : 1.0,
		"oscroute2/settingList" : [ 1, 0.0, 0.0, 0.0, "s", 0, "s", 0.0, "s", 0.0, "s", "s" ],
		"oscroute2/input/max" : 1.0,
		"oscroute2/input/min" : 0.0,
		"oscroute2/output/max" : 1.0,
		"oscroute2/output/min" : 0.0,
		"oscroute3/abs" : 0.0,
		"oscroute3/abs2" : 0.0,
		"oscroute3/namespacebrowser/local_receive" : "2885-front",
		"oscroute3/namespacebrowser/nodeAddress" : "/navscale2/out/final",
		"oscroute3/namespacebrowser/origin" : [ 363.0, 513.0 ],
		"oscroute3/offset" : 0.0,
		"oscroute3/offset2" : 0.0,
		"oscroute3/scalebypass" : 1.0,
		"oscroute3/settingList" : [ 1, 0.0, 0.0, 0.0, "s", 0, "s", 0.0, "s", 0.0, "s", "s" ],
		"oscroute3/input/max" : 1.0,
		"oscroute3/input/min" : 0.0,
		"oscroute3/output/max" : 1.0,
		"oscroute3/output/min" : 0.0,
		"oscroute4/abs" : 0.0,
		"oscroute4/abs2" : 0.0,
		"oscroute4/namespacebrowser/local_receive" : "2877-front",
		"oscroute4/namespacebrowser/nodeAddress" : "/navvalues/navaccqom",
		"oscroute4/namespacebrowser/origin" : [ 363.0, 408.0 ],
		"oscroute4/offset" : 0.0,
		"oscroute4/offset2" : 0.0,
		"oscroute4/scalebypass" : 1.0,
		"oscroute4/settingList" : [ 1, 0.0, 0.0, 0.0, "s", 0, "s", 0.0, "s", 0.0, "s", "s" ],
		"oscroute4/input/max" : 1.0,
		"oscroute4/input/min" : 0.0,
		"oscroute4/output/max" : 1.0,
		"oscroute4/output/min" : 0.0,
		"oscroute5/abs" : 0.0,
		"oscroute5/abs2" : 0.0,
		"oscroute5/namespacebrowser/local_receive" : "2869-front",
		"oscroute5/namespacebrowser/nodeAddress" : "/navvalues/navgyroqom",
		"oscroute5/namespacebrowser/origin" : [ 363.0, 440.0 ],
		"oscroute5/offset" : 0.0,
		"oscroute5/offset2" : 0.0,
		"oscroute5/scalebypass" : 1.0,
		"oscroute5/settingList" : [ 1, 0.0, 0.0, 0.0, "s", 0, "s", 0.0, "s", 0.0, "s", "s" ],
		"oscroute5/input/max" : 1.0,
		"oscroute5/input/min" : 0.0,
		"oscroute5/output/max" : 1.0,
		"oscroute5/output/min" : 0.0,
		"oscroute6/abs" : 0.0,
		"oscroute6/abs2" : 0.0,
		"oscroute6/namespacebrowser/local_receive" : "2861-front",
		"oscroute6/namespacebrowser/nodeAddress" : "none",
		"oscroute6/namespacebrowser/origin" : [ 0.0, 0.0 ],
		"oscroute6/offset" : 0.0,
		"oscroute6/offset2" : 0.0,
		"oscroute6/scalebypass" : 1.0,
		"oscroute6/input/max" : 1.0,
		"oscroute6/input/min" : 0.0,
		"oscroute6/output/max" : 1.0,
		"oscroute6/output/min" : 0.0,
		"oscroute7/abs" : 0.0,
		"oscroute7/abs2" : 0.0,
		"oscroute7/namespacebrowser/local_receive" : "2853-front",
		"oscroute7/namespacebrowser/nodeAddress" : "none",
		"oscroute7/namespacebrowser/origin" : [ 0.0, 0.0 ],
		"oscroute7/offset" : 0.0,
		"oscroute7/offset2" : 0.0,
		"oscroute7/scalebypass" : 1.0,
		"oscroute7/input/max" : 1.0,
		"oscroute7/input/min" : 0.0,
		"oscroute7/output/max" : 1.0,
		"oscroute7/output/min" : 0.0,
		"oscroute8/abs" : 0.0,
		"oscroute8/abs2" : 0.0,
		"oscroute8/namespacebrowser/local_receive" : "2845-front",
		"oscroute8/namespacebrowser/nodeAddress" : "none",
		"oscroute8/namespacebrowser/origin" : [ 0.0, 0.0 ],
		"oscroute8/offset" : 0.0,
		"oscroute8/offset2" : 0.0,
		"oscroute8/scalebypass" : 1.0,
		"oscroute8/input/max" : 1.0,
		"oscroute8/input/min" : 0.0,
		"oscroute8/output/max" : 1.0,
		"oscroute8/output/min" : 0.0,
		"rand1/grain" : 10,
		"rand1/interpolate" : 500,
		"rand1/max" : 1.0,
		"rand1/min" : 0.0,
		"rand1/on" : 0.0,
		"rand1/step" : 1.0,
		"rand1/out/final" : 0.0,
		"rand1/out/final/int" : 0,
		"rand1/out/metro" : "bang",
		"rand1/out/pre-interpolation" : 0.0,
		"rand1/rate/max" : 1000,
		"rand1/rate/min" : 30,
		"rand2/grain" : 10,
		"rand2/interpolate" : 500,
		"rand2/max" : 1.0,
		"rand2/min" : 0.0,
		"rand2/on" : 0.0,
		"rand2/step" : 1.0,
		"rand2/out/final" : 0.0,
		"rand2/out/final/int" : 0,
		"rand2/out/metro" : "bang",
		"rand2/out/pre-interpolation" : 0.0,
		"rand2/rate/max" : 1000,
		"rand2/rate/min" : 30,
		"scale1/envelope" : 0.0,
		"scale1/offset" : 0.0,
		"scale1/pre-lpcutoff" : 20000.0,
		"scale1/autoscale/mode" : 0,
		"scale1/autoscale/reset" : "bang",
		"scale1/autoscale/input/max" : 0.0,
		"scale1/autoscale/input/min" : 0.0,
		"scale1/autoscale/output/max" : 0.0,
		"scale1/autoscale/output/min" : 0.0,
		"scale1/average/type" : 0,
		"scale1/average/window" : 0,
		"scale1/filter/frequency" : 0.0,
		"scale1/filter/gain" : 1.0,
		"scale1/filter/q" : 1.0,
		"scale1/filter/type" : 2,
		"scale1/floatslide/down" : 0.0,
		"scale1/floatslide/up" : 0.0,
		"scale1/pre-slide/down" : 0.0,
		"scale1/pre-slide/up" : 0.0,
		"scale1/ramp/down" : 0.0,
		"scale1/ramp/up" : 0.0,
		"scale1/snapshot/rate" : 0.0
	}
,
	"two" : 	{
		"navscale1/function" : "*",
		"navscale1/function/parameter1" : 0.0,
		"navscale1/function/parameter2" : 0.0,
		"navscale1/function/symmetry" : "*",
		"navscale1/abs" : 0.0,
		"navscale1/abs2" : 0.0,
		"navscale1/action" : 0.0,
		"navscale1/clip" : 0,
		"navscale1/delta1" : -0.326777,
		"navscale1/delta2" : 0.0,
		"navscale1/diffMode" : 0,
		"navscale1/minMax" : [ -66.030097999999995, 92.771133000000006 ],
		"navscale1/offset" : 0.0,
		"navscale1/pre-offset" : 0.0,
		"navscale1/QoM" : 0.326777,
		"navscale1/schmitTrig" : 0.0,
		"navscale1/velocity" : 0.0,
		"navscale1/visualize" : 0.0,
		"navscale1/filter/mode" : 0,
		"navscale1/filter/samples" : 0,
		"navscale1/out/filtered" : -0.164222,
		"navscale1/out/filtered/scaled" : 0.337437,
		"navscale1/out/final" : 0.499179,
		"navscale1/pre-slide/down" : 0,
		"navscale1/pre-slide/up" : 0,
		"navscale1/ramp/grain" : 0,
		"navscale1/ramp/time" : 0,
		"navscale1/scale/clear" : "bang",
		"navscale1/scale/max" : 0.0,
		"navscale1/scale/min" : 0.0,
		"navscale1/scale/mode" : 5,
		"navscale1/scale/window" : 0,
		"navscale1/scale/input/max" : 100.0,
		"navscale1/scale/input/min" : -100.0,
		"navscale1/schmitt/debounce" : 0,
		"navscale1/schmitt/lower" : 0.0,
		"navscale1/schmitt/on" : 0.0,
		"navscale1/schmitt/ramp" : 0,
		"navscale1/schmitt/upper" : 0.0,
		"navscale1/slide/down" : 0,
		"navscale1/slide/up" : 0,
		"navscale2/function" : "*",
		"navscale2/function/parameter1" : 0.0,
		"navscale2/function/parameter2" : 0.0,
		"navscale2/function/symmetry" : "*",
		"navscale2/abs" : 0.0,
		"navscale2/abs2" : 0.0,
		"navscale2/action" : 0.0,
		"navscale2/clip" : 0,
		"navscale2/delta1" : -0.000612,
		"navscale2/delta2" : 0.0,
		"navscale2/diffMode" : 0,
		"navscale2/minMax" : [ 0.10009, 0.542687 ],
		"navscale2/offset" : 0.0,
		"navscale2/pre-offset" : 0.0,
		"navscale2/QoM" : 0.000612,
		"navscale2/schmitTrig" : 0.0,
		"navscale2/velocity" : 0.0,
		"navscale2/visualize" : 0.0,
		"navscale2/filter/mode" : 0,
		"navscale2/filter/samples" : 0,
		"navscale2/out/filtered" : 0.307997,
		"navscale2/out/filtered/scaled" : 0.478134,
		"navscale2/out/final" : 0.384997,
		"navscale2/pre-slide/down" : 0,
		"navscale2/pre-slide/up" : 0,
		"navscale2/ramp/grain" : 0,
		"navscale2/ramp/time" : 0,
		"navscale2/scale/clear" : "bang",
		"navscale2/scale/max" : 0.0,
		"navscale2/scale/min" : 0.0,
		"navscale2/scale/mode" : 5,
		"navscale2/scale/window" : 0,
		"navscale2/scale/input/max" : 0.8,
		"navscale2/scale/input/min" : 0.0,
		"navscale2/schmitt/debounce" : 0,
		"navscale2/schmitt/lower" : 0.0,
		"navscale2/schmitt/on" : 0.0,
		"navscale2/schmitt/ramp" : 0,
		"navscale2/schmitt/upper" : 0.0,
		"navscale2/slide/down" : 0,
		"navscale2/slide/up" : 0,
		"navvalues/navaccavg" : -0.002944,
		"navvalues/navaccqom" : 0.053721,
		"navvalues/navgyroavg" : 0.998891,
		"navvalues/navgyroqom" : 0.025659,
		"ngimu_r1/barometer" : 1023.223816000000056,
		"ngimu_r1/barometer/active" : 1.0,
		"ngimu_r1/acc/pitch" : 0.050657,
		"ngimu_r1/acc/pitch/active" : 1.0,
		"ngimu_r1/acc/pitch/invert" : 0.0,
		"ngimu_r1/acc/pitch/offset" : 0.0,
		"ngimu_r1/acc/preview" : 1.0,
		"ngimu_r1/acc/roll" : 0.007094,
		"ngimu_r1/acc/roll/active" : 1.0,
		"ngimu_r1/acc/roll/invert" : 0.0,
		"ngimu_r1/acc/roll/offset" : 0.0,
		"ngimu_r1/acc/magnitude/active" : 1.0,
		"ngimu_r1/acc/magnitude/norm" : 0.0,
		"ngimu_r1/acc/magnitude/raw" : 0.0,
		"ngimu_r1/acc/orientation/preview" : 0.0,
		"ngimu_r1/acc/qom/norm" : 0.0,
		"ngimu_r1/acc/qom/raw" : -1.0,
		"ngimu_r1/acc/x/active" : 1.0,
		"ngimu_r1/acc/x/norm" : -0.003697,
		"ngimu_r1/acc/x/raw" : -0.059159,
		"ngimu_r1/acc/x/qom/norm" : 0.0,
		"ngimu_r1/acc/x/qom/raw" : 0.0,
		"ngimu_r1/acc/y/active" : 1.0,
		"ngimu_r1/acc/y/norm" : 0.061648,
		"ngimu_r1/acc/y/raw" : 0.986372,
		"ngimu_r1/acc/y/qom/norm" : 0.0,
		"ngimu_r1/acc/y/qom/raw" : 0.0,
		"ngimu_r1/acc/z/active" : 1.0,
		"ngimu_r1/acc/z/norm" : -0.000201,
		"ngimu_r1/acc/z/raw" : -0.003221,
		"ngimu_r1/acc/z/qom/norm" : 0.0,
		"ngimu_r1/acc/z/qom/raw" : 0.0,
		"ngimu_r1/altitude/active" : 1.0,
		"ngimu_r1/altitude/preview" : 0.0,
		"ngimu_r1/altitude/raw" : 0.0,
		"ngimu_r1/battery/charge" : 0.0,
		"ngimu_r1/battery/current" : 273.75,
		"ngimu_r1/battery/percentage" : 0.721914,
		"ngimu_r1/battery/time" : 136.125,
		"ngimu_r1/battery/voltage" : 3.85875,
		"ngimu_r1/earth/preview" : 0.0,
		"ngimu_r1/earth/x/active" : 1.0,
		"ngimu_r1/earth/x/norm" : 0.0,
		"ngimu_r1/earth/x/raw" : 0.0,
		"ngimu_r1/earth/y/active" : 1.0,
		"ngimu_r1/earth/y/norm" : 0.0,
		"ngimu_r1/earth/y/raw" : 0.0,
		"ngimu_r1/earth/z/active" : 1.0,
		"ngimu_r1/earth/z/norm" : 0.0,
		"ngimu_r1/earth/z/raw" : 0.0,
		"ngimu_r1/euler/preview" : 0.0,
		"ngimu_r1/euler/pitch/active" : 1.0,
		"ngimu_r1/euler/pitch/norm" : 0.0,
		"ngimu_r1/euler/pitch/raw" : 0.0,
		"ngimu_r1/euler/roll/active" : 1.0,
		"ngimu_r1/euler/roll/norm" : 0.0,
		"ngimu_r1/euler/roll/raw" : 0.0,
		"ngimu_r1/euler/yaw/active" : 1.0,
		"ngimu_r1/euler/yaw/norm" : 0.0,
		"ngimu_r1/euler/yaw/raw" : 0.0,
		"ngimu_r1/gyro/preview" : 1.0,
		"ngimu_r1/gyro/magnitude/active" : 1.0,
		"ngimu_r1/gyro/magnitude/norm" : 0.0,
		"ngimu_r1/gyro/magnitude/raw" : 0.0,
		"ngimu_r1/gyro/qom/norm" : 0.0,
		"ngimu_r1/gyro/qom/raw" : 0.0,
		"ngimu_r1/gyro/x/active" : 1.0,
		"ngimu_r1/gyro/x/norm" : -0.000124,
		"ngimu_r1/gyro/x/raw" : -0.248501,
		"ngimu_r1/gyro/x/qom/norm" : 0.0,
		"ngimu_r1/gyro/x/qom/raw" : 0.0,
		"ngimu_r1/gyro/y/active" : 1.0,
		"ngimu_r1/gyro/y/norm" : -0.000159,
		"ngimu_r1/gyro/y/raw" : -0.318431,
		"ngimu_r1/gyro/y/qom/norm" : 0.0,
		"ngimu_r1/gyro/y/qom/raw" : 0.0,
		"ngimu_r1/gyro/z/active" : 1.0,
		"ngimu_r1/gyro/z/norm" : -0.000176,
		"ngimu_r1/gyro/z/raw" : -0.354288,
		"ngimu_r1/gyro/z/qom/norm" : 0.0,
		"ngimu_r1/gyro/z/qom/raw" : 0.0,
		"ngimu_r1/linear/preview" : 1.0,
		"ngimu_r1/linear/x/active" : 1.0,
		"ngimu_r1/linear/x/norm" : 0.0,
		"ngimu_r1/linear/x/raw" : 0.0,
		"ngimu_r1/linear/y/active" : 1.0,
		"ngimu_r1/linear/y/norm" : 0.0,
		"ngimu_r1/linear/y/raw" : 0.0,
		"ngimu_r1/linear/z/active" : 1.0,
		"ngimu_r1/linear/z/norm" : 0.0,
		"ngimu_r1/linear/z/raw" : 0.0,
		"ngimu_r1/mag/preview" : 0.0,
		"ngimu_r1/mag/qom" : 0.0,
		"ngimu_r1/mag/magnitude/active" : 1.0,
		"ngimu_r1/mag/magnitude/raw" : 0.0,
		"ngimu_r1/mag/magnitude/scaled" : 0.0,
		"ngimu_r1/mag/x/active" : 1.0,
		"ngimu_r1/mag/x/qom" : 0.0,
		"ngimu_r1/mag/x/raw" : 15.614447,
		"ngimu_r1/mag/y/active" : 1.0,
		"ngimu_r1/mag/y/qom" : 0.0,
		"ngimu_r1/mag/y/raw" : -48.002688999999997,
		"ngimu_r1/mag/z/active" : 1.0,
		"ngimu_r1/mag/z/qom" : 0.0,
		"ngimu_r1/mag/z/raw" : -16.303671000000001,
		"ngimu_r1/magnitudes/preview" : 0.0,
		"ngimu_r1/matrix/preview" : 0.0,
		"ngimu_r1/matrix/xx/active" : 1.0,
		"ngimu_r1/matrix/xx/raw" : 0.0,
		"ngimu_r1/matrix/xy/active" : 1.0,
		"ngimu_r1/matrix/xy/raw" : 0.0,
		"ngimu_r1/matrix/xz/active" : 1.0,
		"ngimu_r1/matrix/xz/raw" : 0.0,
		"ngimu_r1/matrix/yx/active" : 1.0,
		"ngimu_r1/matrix/yx/raw" : 0.0,
		"ngimu_r1/matrix/yy/active" : 1.0,
		"ngimu_r1/matrix/yy/raw" : 0.0,
		"ngimu_r1/matrix/yz/active" : 1.0,
		"ngimu_r1/matrix/yz/raw" : 0.0,
		"ngimu_r1/matrix/zx/active" : 1.0,
		"ngimu_r1/matrix/zx/raw" : 0.0,
		"ngimu_r1/matrix/zy/active" : 1.0,
		"ngimu_r1/matrix/zy/raw" : 0.0,
		"ngimu_r1/matrix/zz/active" : 1.0,
		"ngimu_r1/matrix/zz/raw" : 0.0,
		"ngimu_r1/port/in" : 7800,
		"ngimu_r1/quaternion/preview" : 0.0,
		"ngimu_r1/quaternion/w/active" : 1.0,
		"ngimu_r1/quaternion/w/raw" : 0.622948,
		"ngimu_r1/quaternion/x/active" : 1.0,
		"ngimu_r1/quaternion/x/raw" : -0.641694,
		"ngimu_r1/quaternion/y/active" : 1.0,
		"ngimu_r1/quaternion/y/raw" : 0.29406,
		"ngimu_r1/quaternion/z/active" : 1.0,
		"ngimu_r1/quaternion/z/raw" : 0.332145,
		"ngimu_r1/rssi/dbm" : 0.0,
		"ngimu_r1/rssi/dbm/active" : 1.0,
		"ngimu_r1/rssi/percent" : 0.0,
		"ngimu_r1/rssi/percent/active" : 1.0,
		"ngimu_r1/temperature/processor" : 0.0,
		"ngimu_r1/temperature/processor/active" : 1.0,
		"ngimu_r1/temperature/sensors" : 0.0,
		"ngimu_r1/temperature/sensors/active" : 1.0,
		"ngimu_r2/barometer" : 0.0,
		"ngimu_r2/barometer/active" : 1.0,
		"ngimu_r2/acc/pitch" : 0.050657,
		"ngimu_r2/acc/pitch/active" : 1.0,
		"ngimu_r2/acc/pitch/invert" : 0.0,
		"ngimu_r2/acc/pitch/offset" : 0.0,
		"ngimu_r2/acc/preview" : 0.0,
		"ngimu_r2/acc/roll" : 0.007094,
		"ngimu_r2/acc/roll/active" : 1.0,
		"ngimu_r2/acc/roll/invert" : 0.0,
		"ngimu_r2/acc/roll/offset" : 0.0,
		"ngimu_r2/acc/magnitude/active" : 1.0,
		"ngimu_r2/acc/magnitude/norm" : 0.0,
		"ngimu_r2/acc/magnitude/raw" : 0.0,
		"ngimu_r2/acc/orientation/preview" : 0.0,
		"ngimu_r2/acc/qom/norm" : 0.0,
		"ngimu_r2/acc/qom/raw" : -1.0,
		"ngimu_r2/acc/x/active" : 1.0,
		"ngimu_r2/acc/x/norm" : 0.0,
		"ngimu_r2/acc/x/raw" : 0.0,
		"ngimu_r2/acc/x/qom/norm" : 0.0,
		"ngimu_r2/acc/x/qom/raw" : 0.0,
		"ngimu_r2/acc/y/active" : 1.0,
		"ngimu_r2/acc/y/norm" : 0.0,
		"ngimu_r2/acc/y/raw" : 0.0,
		"ngimu_r2/acc/y/qom/norm" : 0.0,
		"ngimu_r2/acc/y/qom/raw" : 0.0,
		"ngimu_r2/acc/z/active" : 1.0,
		"ngimu_r2/acc/z/norm" : 0.0,
		"ngimu_r2/acc/z/raw" : 0.0,
		"ngimu_r2/acc/z/qom/norm" : 0.0,
		"ngimu_r2/acc/z/qom/raw" : 0.0,
		"ngimu_r2/altitude/active" : 1.0,
		"ngimu_r2/altitude/preview" : 0.0,
		"ngimu_r2/altitude/raw" : 0.0,
		"ngimu_r2/battery/charge" : 0.0,
		"ngimu_r2/battery/current" : 0.0,
		"ngimu_r2/battery/percentage" : 0.0,
		"ngimu_r2/battery/time" : 0.0,
		"ngimu_r2/battery/voltage" : 0.0,
		"ngimu_r2/earth/preview" : 0.0,
		"ngimu_r2/earth/x/active" : 1.0,
		"ngimu_r2/earth/x/norm" : 0.0,
		"ngimu_r2/earth/x/raw" : 0.0,
		"ngimu_r2/earth/y/active" : 1.0,
		"ngimu_r2/earth/y/norm" : 0.0,
		"ngimu_r2/earth/y/raw" : 0.0,
		"ngimu_r2/earth/z/active" : 1.0,
		"ngimu_r2/earth/z/norm" : 0.0,
		"ngimu_r2/earth/z/raw" : 0.0,
		"ngimu_r2/euler/preview" : 0.0,
		"ngimu_r2/euler/pitch/active" : 1.0,
		"ngimu_r2/euler/pitch/norm" : 0.0,
		"ngimu_r2/euler/pitch/raw" : 0.0,
		"ngimu_r2/euler/roll/active" : 1.0,
		"ngimu_r2/euler/roll/norm" : 0.0,
		"ngimu_r2/euler/roll/raw" : 0.0,
		"ngimu_r2/euler/yaw/active" : 1.0,
		"ngimu_r2/euler/yaw/norm" : 0.0,
		"ngimu_r2/euler/yaw/raw" : 0.0,
		"ngimu_r2/gyro/preview" : 0.0,
		"ngimu_r2/gyro/magnitude/active" : 1.0,
		"ngimu_r2/gyro/magnitude/norm" : 0.0,
		"ngimu_r2/gyro/magnitude/raw" : 0.0,
		"ngimu_r2/gyro/qom/norm" : 0.0,
		"ngimu_r2/gyro/qom/raw" : 0.0,
		"ngimu_r2/gyro/x/active" : 1.0,
		"ngimu_r2/gyro/x/norm" : 0.0,
		"ngimu_r2/gyro/x/raw" : 0.0,
		"ngimu_r2/gyro/x/qom/norm" : 0.0,
		"ngimu_r2/gyro/x/qom/raw" : 0.0,
		"ngimu_r2/gyro/y/active" : 1.0,
		"ngimu_r2/gyro/y/norm" : 0.0,
		"ngimu_r2/gyro/y/raw" : 0.0,
		"ngimu_r2/gyro/y/qom/norm" : 0.0,
		"ngimu_r2/gyro/y/qom/raw" : 0.0,
		"ngimu_r2/gyro/z/active" : 1.0,
		"ngimu_r2/gyro/z/norm" : 0.0,
		"ngimu_r2/gyro/z/raw" : 0.0,
		"ngimu_r2/gyro/z/qom/norm" : 0.0,
		"ngimu_r2/gyro/z/qom/raw" : 0.0,
		"ngimu_r2/linear/preview" : 0.0,
		"ngimu_r2/linear/x/active" : 1.0,
		"ngimu_r2/linear/x/norm" : 0.0,
		"ngimu_r2/linear/x/raw" : 0.0,
		"ngimu_r2/linear/y/active" : 1.0,
		"ngimu_r2/linear/y/norm" : 0.0,
		"ngimu_r2/linear/y/raw" : 0.0,
		"ngimu_r2/linear/z/active" : 1.0,
		"ngimu_r2/linear/z/norm" : 0.0,
		"ngimu_r2/linear/z/raw" : 0.0,
		"ngimu_r2/mag/preview" : 0.0,
		"ngimu_r2/mag/qom" : 0.0,
		"ngimu_r2/mag/magnitude/active" : 1.0,
		"ngimu_r2/mag/magnitude/raw" : 0.0,
		"ngimu_r2/mag/magnitude/scaled" : 0.0,
		"ngimu_r2/mag/x/active" : 1.0,
		"ngimu_r2/mag/x/qom" : 0.0,
		"ngimu_r2/mag/x/raw" : 0.0,
		"ngimu_r2/mag/y/active" : 1.0,
		"ngimu_r2/mag/y/qom" : 0.0,
		"ngimu_r2/mag/y/raw" : 0.0,
		"ngimu_r2/mag/z/active" : 1.0,
		"ngimu_r2/mag/z/qom" : 0.0,
		"ngimu_r2/mag/z/raw" : 0.0,
		"ngimu_r2/magnitudes/preview" : 0.0,
		"ngimu_r2/matrix/preview" : 0.0,
		"ngimu_r2/matrix/xx/active" : 1.0,
		"ngimu_r2/matrix/xx/raw" : 0.0,
		"ngimu_r2/matrix/xy/active" : 1.0,
		"ngimu_r2/matrix/xy/raw" : 0.0,
		"ngimu_r2/matrix/xz/active" : 1.0,
		"ngimu_r2/matrix/xz/raw" : 0.0,
		"ngimu_r2/matrix/yx/active" : 1.0,
		"ngimu_r2/matrix/yx/raw" : 0.0,
		"ngimu_r2/matrix/yy/active" : 1.0,
		"ngimu_r2/matrix/yy/raw" : 0.0,
		"ngimu_r2/matrix/yz/active" : 1.0,
		"ngimu_r2/matrix/yz/raw" : 0.0,
		"ngimu_r2/matrix/zx/active" : 1.0,
		"ngimu_r2/matrix/zx/raw" : 0.0,
		"ngimu_r2/matrix/zy/active" : 1.0,
		"ngimu_r2/matrix/zy/raw" : 0.0,
		"ngimu_r2/matrix/zz/active" : 1.0,
		"ngimu_r2/matrix/zz/raw" : 0.0,
		"ngimu_r2/port/in" : 8000,
		"ngimu_r2/quaternion/preview" : 0.0,
		"ngimu_r2/quaternion/w/active" : 1.0,
		"ngimu_r2/quaternion/w/raw" : 0.0,
		"ngimu_r2/quaternion/x/active" : 1.0,
		"ngimu_r2/quaternion/x/raw" : 0.0,
		"ngimu_r2/quaternion/y/active" : 1.0,
		"ngimu_r2/quaternion/y/raw" : 0.0,
		"ngimu_r2/quaternion/z/active" : 1.0,
		"ngimu_r2/quaternion/z/raw" : 0.0,
		"ngimu_r2/rssi/dbm" : 0.0,
		"ngimu_r2/rssi/dbm/active" : 1.0,
		"ngimu_r2/rssi/percent" : 0.0,
		"ngimu_r2/rssi/percent/active" : 1.0,
		"ngimu_r2/temperature/processor" : 0.0,
		"ngimu_r2/temperature/processor/active" : 1.0,
		"ngimu_r2/temperature/sensors" : 0.0,
		"ngimu_r2/temperature/sensors/active" : 1.0,
		"oscoutput/address" : "127.0.0.1",
		"oscoutput/port" : 8808,
		"oscoutput/prepend" : "/value/",
		"oscoutput/sig" : 0.0,
		"oscoutput1/address" : "127.0.0.1",
		"oscoutput1/port" : 8801,
		"oscoutput1/prepend" : "/value/",
		"oscoutput1/sig" : 0.0,
		"oscoutput2/address" : "127.0.0.1",
		"oscoutput2/port" : 8802,
		"oscoutput2/prepend" : "/value/",
		"oscoutput2/sig" : 0.0,
		"oscoutput3/address" : "127.0.0.1",
		"oscoutput3/port" : 8803,
		"oscoutput3/prepend" : "/value/",
		"oscoutput3/sig" : 0.0,
		"oscoutput4/address" : "127.0.0.1",
		"oscoutput4/port" : 8804,
		"oscoutput4/prepend" : "/value/",
		"oscoutput4/sig" : 0.0,
		"oscoutput5/address" : "127.0.0.1",
		"oscoutput5/port" : 8805,
		"oscoutput5/prepend" : "/value/",
		"oscoutput5/sig" : 0.0,
		"oscoutput6/address" : "127.0.0.1",
		"oscoutput6/port" : 8806,
		"oscoutput6/prepend" : "/value/",
		"oscoutput6/sig" : 0.0,
		"oscoutput7/address" : "127.0.0.1",
		"oscoutput7/port" : 8807,
		"oscoutput7/prepend" : "/value/",
		"oscoutput7/sig" : 0.0,
		"oscroute1/abs" : 0.0,
		"oscroute1/abs2" : 0.0,
		"oscroute1/namespacebrowser/local_receive" : "2901-front",
		"oscroute1/namespacebrowser/nodeAddress" : "/navscale1/out/final",
		"oscroute1/namespacebrowser/origin" : [ 363.0, 81.0 ],
		"oscroute1/offset" : 0.0,
		"oscroute1/offset2" : 0.0,
		"oscroute1/scalebypass" : 1.0,
		"oscroute1/settingList" : [ 1, 0.0, 0.0, 0.0, "s", 0, "s", 0.0, "s", 0.0, "s", "s" ],
		"oscroute1/input/max" : 1.0,
		"oscroute1/input/min" : 0.0,
		"oscroute1/output/max" : 1.0,
		"oscroute1/output/min" : 0.0,
		"oscroute2/abs" : 0.0,
		"oscroute2/abs2" : 0.0,
		"oscroute2/namespacebrowser/local_receive" : "2893-front",
		"oscroute2/namespacebrowser/nodeAddress" : "/ngimu_r1/gyro/z/raw",
		"oscroute2/namespacebrowser/origin" : [ 363.0, 481.0 ],
		"oscroute2/offset" : 0.0,
		"oscroute2/offset2" : 0.0,
		"oscroute2/scalebypass" : 1.0,
		"oscroute2/settingList" : [ 1, 0.0, 0.0, 0.0, "s", 0, "s", 0.0, "s", 0.0, "s", "s" ],
		"oscroute2/input/max" : 1.0,
		"oscroute2/input/min" : 0.0,
		"oscroute2/output/max" : 1.0,
		"oscroute2/output/min" : 0.0,
		"oscroute3/abs" : 0.0,
		"oscroute3/abs2" : 0.0,
		"oscroute3/namespacebrowser/local_receive" : "2885-front",
		"oscroute3/namespacebrowser/nodeAddress" : "/navscale2/out/final",
		"oscroute3/namespacebrowser/origin" : [ 363.0, 513.0 ],
		"oscroute3/offset" : 0.0,
		"oscroute3/offset2" : 0.0,
		"oscroute3/scalebypass" : 1.0,
		"oscroute3/settingList" : [ 1, 0.0, 0.0, 0.0, "s", 0, "s", 0.0, "s", 0.0, "s", "s" ],
		"oscroute3/input/max" : 1.0,
		"oscroute3/input/min" : 0.0,
		"oscroute3/output/max" : 1.0,
		"oscroute3/output/min" : 0.0,
		"oscroute4/abs" : 0.0,
		"oscroute4/abs2" : 0.0,
		"oscroute4/namespacebrowser/local_receive" : "2877-front",
		"oscroute4/namespacebrowser/nodeAddress" : "/navvalues/navaccqom",
		"oscroute4/namespacebrowser/origin" : [ 363.0, 408.0 ],
		"oscroute4/offset" : 0.0,
		"oscroute4/offset2" : 0.0,
		"oscroute4/scalebypass" : 1.0,
		"oscroute4/settingList" : [ 1, 0.0, 0.0, 0.0, "s", 0, "s", 0.0, "s", 0.0, "s", "s" ],
		"oscroute4/input/max" : 1.0,
		"oscroute4/input/min" : 0.0,
		"oscroute4/output/max" : 1.0,
		"oscroute4/output/min" : 0.0,
		"oscroute5/abs" : 0.0,
		"oscroute5/abs2" : 0.0,
		"oscroute5/namespacebrowser/local_receive" : "2869-front",
		"oscroute5/namespacebrowser/nodeAddress" : "/navvalues/navgyroqom",
		"oscroute5/namespacebrowser/origin" : [ 363.0, 440.0 ],
		"oscroute5/offset" : 0.0,
		"oscroute5/offset2" : 0.0,
		"oscroute5/scalebypass" : 1.0,
		"oscroute5/settingList" : [ 1, 0.0, 0.0, 0.0, "s", 0, "s", 0.0, "s", 0.0, "s", "s" ],
		"oscroute5/input/max" : 1.0,
		"oscroute5/input/min" : 0.0,
		"oscroute5/output/max" : 1.0,
		"oscroute5/output/min" : 0.0,
		"oscroute6/abs" : 0.0,
		"oscroute6/abs2" : 0.0,
		"oscroute6/namespacebrowser/local_receive" : "2861-front",
		"oscroute6/namespacebrowser/nodeAddress" : "none",
		"oscroute6/namespacebrowser/origin" : [ 0.0, 0.0 ],
		"oscroute6/offset" : 0.0,
		"oscroute6/offset2" : 0.0,
		"oscroute6/scalebypass" : 1.0,
		"oscroute6/input/max" : 1.0,
		"oscroute6/input/min" : 0.0,
		"oscroute6/output/max" : 1.0,
		"oscroute6/output/min" : 0.0,
		"oscroute7/abs" : 0.0,
		"oscroute7/abs2" : 0.0,
		"oscroute7/namespacebrowser/local_receive" : "2853-front",
		"oscroute7/namespacebrowser/nodeAddress" : "none",
		"oscroute7/namespacebrowser/origin" : [ 0.0, 0.0 ],
		"oscroute7/offset" : 0.0,
		"oscroute7/offset2" : 0.0,
		"oscroute7/scalebypass" : 1.0,
		"oscroute7/input/max" : 1.0,
		"oscroute7/input/min" : 0.0,
		"oscroute7/output/max" : 1.0,
		"oscroute7/output/min" : 0.0,
		"oscroute8/abs" : 0.0,
		"oscroute8/abs2" : 0.0,
		"oscroute8/namespacebrowser/local_receive" : "2845-front",
		"oscroute8/namespacebrowser/nodeAddress" : "none",
		"oscroute8/namespacebrowser/origin" : [ 0.0, 0.0 ],
		"oscroute8/offset" : 0.0,
		"oscroute8/offset2" : 0.0,
		"oscroute8/scalebypass" : 1.0,
		"oscroute8/input/max" : 1.0,
		"oscroute8/input/min" : 0.0,
		"oscroute8/output/max" : 1.0,
		"oscroute8/output/min" : 0.0,
		"rand1/grain" : 10,
		"rand1/interpolate" : 500,
		"rand1/max" : 1.0,
		"rand1/min" : 0.0,
		"rand1/on" : 0.0,
		"rand1/step" : 1.0,
		"rand1/out/final" : 0.0,
		"rand1/out/final/int" : 0,
		"rand1/out/metro" : "bang",
		"rand1/out/pre-interpolation" : 0.0,
		"rand1/rate/max" : 1000,
		"rand1/rate/min" : 30,
		"rand2/grain" : 10,
		"rand2/interpolate" : 500,
		"rand2/max" : 1.0,
		"rand2/min" : 0.0,
		"rand2/on" : 0.0,
		"rand2/step" : 1.0,
		"rand2/out/final" : 0.0,
		"rand2/out/final/int" : 0,
		"rand2/out/metro" : "bang",
		"rand2/out/pre-interpolation" : 0.0,
		"rand2/rate/max" : 1000,
		"rand2/rate/min" : 30,
		"scale1/envelope" : 0.0,
		"scale1/offset" : 0.0,
		"scale1/pre-lpcutoff" : 20000.0,
		"scale1/autoscale/mode" : 0,
		"scale1/autoscale/reset" : "bang",
		"scale1/autoscale/input/max" : 0.0,
		"scale1/autoscale/input/min" : 0.0,
		"scale1/autoscale/output/max" : 0.0,
		"scale1/autoscale/output/min" : 0.0,
		"scale1/average/type" : 0,
		"scale1/average/window" : 0,
		"scale1/filter/frequency" : 0.0,
		"scale1/filter/gain" : 1.0,
		"scale1/filter/q" : 1.0,
		"scale1/filter/type" : 2,
		"scale1/floatslide/down" : 0.0,
		"scale1/floatslide/up" : 0.0,
		"scale1/pre-slide/down" : 0.0,
		"scale1/pre-slide/up" : 0.0,
		"scale1/ramp/down" : 0.0,
		"scale1/ramp/up" : 0.0,
		"scale1/snapshot/rate" : 0.0
	}
,
	"three" : 	{
		"navscale1/function" : "*",
		"navscale1/function/parameter1" : 0.0,
		"navscale1/function/parameter2" : 0.0,
		"navscale1/function/symmetry" : "*",
		"navscale1/abs" : 0.0,
		"navscale1/abs2" : 0.0,
		"navscale1/action" : 0.0,
		"navscale1/clip" : 0,
		"navscale1/delta1" : -0.122203,
		"navscale1/delta2" : 0.0,
		"navscale1/diffMode" : 0,
		"navscale1/minMax" : [ 65556.0, 0.0 ],
		"navscale1/offset" : 0.0,
		"navscale1/pre-offset" : 0.0,
		"navscale1/QoM" : 0.122203,
		"navscale1/schmitTrig" : 0.0,
		"navscale1/velocity" : 0.0,
		"navscale1/visualize" : 0.0,
		"navscale1/filter/mode" : 0,
		"navscale1/filter/samples" : 0,
		"navscale1/out/filtered" : -0.083733,
		"navscale1/out/filtered/scaled" : 0.499581,
		"navscale1/out/final" : 0.500192,
		"navscale1/pre-slide/down" : 0,
		"navscale1/pre-slide/up" : 0,
		"navscale1/ramp/grain" : 0,
		"navscale1/ramp/time" : 0,
		"navscale1/scale/clear" : "bang",
		"navscale1/scale/max" : 0.0,
		"navscale1/scale/min" : 0.0,
		"navscale1/scale/mode" : 5,
		"navscale1/scale/window" : 0,
		"navscale1/scale/input/max" : 100.0,
		"navscale1/scale/input/min" : -100.0,
		"navscale1/schmitt/debounce" : 0,
		"navscale1/schmitt/lower" : 0.0,
		"navscale1/schmitt/on" : 0.0,
		"navscale1/schmitt/ramp" : 0,
		"navscale1/schmitt/upper" : 0.0,
		"navscale1/slide/down" : 0,
		"navscale1/slide/up" : 0,
		"navscale2/function" : "*",
		"navscale2/function/parameter1" : 0.0,
		"navscale2/function/parameter2" : 0.0,
		"navscale2/function/symmetry" : "*",
		"navscale2/abs" : 0.0,
		"navscale2/abs2" : 0.0,
		"navscale2/action" : 0.0,
		"navscale2/clip" : 0,
		"navscale2/delta1" : -0.000067,
		"navscale2/delta2" : 0.0,
		"navscale2/diffMode" : 0,
		"navscale2/minMax" : [ 65556.0, 0.0 ],
		"navscale2/offset" : 0.0,
		"navscale2/pre-offset" : 0.0,
		"navscale2/QoM" : 0.000067,
		"navscale2/schmitTrig" : 0.0,
		"navscale2/velocity" : 0.0,
		"navscale2/visualize" : 0.0,
		"navscale2/filter/mode" : 0,
		"navscale2/filter/samples" : 0,
		"navscale2/out/filtered" : 0.363772,
		"navscale2/out/filtered/scaled" : 0.478134,
		"navscale2/out/final" : 0.454715,
		"navscale2/pre-slide/down" : 0,
		"navscale2/pre-slide/up" : 0,
		"navscale2/ramp/grain" : 0,
		"navscale2/ramp/time" : 0,
		"navscale2/scale/clear" : "bang",
		"navscale2/scale/max" : 0.0,
		"navscale2/scale/min" : 0.0,
		"navscale2/scale/mode" : 5,
		"navscale2/scale/window" : 0,
		"navscale2/scale/input/max" : 0.8,
		"navscale2/scale/input/min" : 0.0,
		"navscale2/schmitt/debounce" : 0,
		"navscale2/schmitt/lower" : 0.0,
		"navscale2/schmitt/on" : 0.0,
		"navscale2/schmitt/ramp" : 0,
		"navscale2/schmitt/upper" : 0.0,
		"navscale2/slide/down" : 0,
		"navscale2/slide/up" : 0,
		"navvalues/navaccavg" : 0.095557,
		"navvalues/navaccqom" : 0.006099,
		"navvalues/navgyroavg" : 0.996443,
		"navvalues/navgyroqom" : 0.002654,
		"ngimu_r1/barometer" : 1023.421569999999974,
		"ngimu_r1/barometer/active" : 1.0,
		"ngimu_r1/acc/pitch" : 0.03599,
		"ngimu_r1/acc/pitch/active" : 1.0,
		"ngimu_r1/acc/pitch/invert" : 0.0,
		"ngimu_r1/acc/pitch/offset" : 0.0,
		"ngimu_r1/acc/preview" : 1.0,
		"ngimu_r1/acc/roll" : -0.258189,
		"ngimu_r1/acc/roll/active" : 1.0,
		"ngimu_r1/acc/roll/invert" : 0.0,
		"ngimu_r1/acc/roll/offset" : 0.0,
		"ngimu_r1/acc/magnitude/active" : 1.0,
		"ngimu_r1/acc/magnitude/norm" : 0.0,
		"ngimu_r1/acc/magnitude/raw" : 0.0,
		"ngimu_r1/acc/orientation/preview" : 0.0,
		"ngimu_r1/acc/qom/norm" : 0.000125,
		"ngimu_r1/acc/qom/raw" : 0.009272,
		"ngimu_r1/acc/x/active" : 1.0,
		"ngimu_r1/acc/x/norm" : 0.008965,
		"ngimu_r1/acc/x/raw" : 0.143448,
		"ngimu_r1/acc/x/qom/norm" : 0.000125,
		"ngimu_r1/acc/x/qom/raw" : 0.003987,
		"ngimu_r1/acc/y/active" : 1.0,
		"ngimu_r1/acc/y/norm" : 0.062361,
		"ngimu_r1/acc/y/raw" : 0.997779,
		"ngimu_r1/acc/y/qom/norm" : 0.000209,
		"ngimu_r1/acc/y/qom/raw" : 0.006695,
		"ngimu_r1/acc/z/active" : 1.0,
		"ngimu_r1/acc/z/norm" : -0.003119,
		"ngimu_r1/acc/z/raw" : -0.04991,
		"ngimu_r1/acc/z/qom/norm" : 0.000091,
		"ngimu_r1/acc/z/qom/raw" : 0.002908,
		"ngimu_r1/altitude/active" : 1.0,
		"ngimu_r1/altitude/preview" : 0.0,
		"ngimu_r1/altitude/raw" : 0.0,
		"ngimu_r1/battery/charge" : 0.0,
		"ngimu_r1/battery/current" : 278.75,
		"ngimu_r1/battery/percentage" : 0.556133,
		"ngimu_r1/battery/time" : 103.96875,
		"ngimu_r1/battery/voltage" : 3.745625,
		"ngimu_r1/earth/preview" : 0.0,
		"ngimu_r1/earth/x/active" : 1.0,
		"ngimu_r1/earth/x/norm" : 0.0,
		"ngimu_r1/earth/x/raw" : 0.0,
		"ngimu_r1/earth/y/active" : 1.0,
		"ngimu_r1/earth/y/norm" : 0.0,
		"ngimu_r1/earth/y/raw" : 0.0,
		"ngimu_r1/earth/z/active" : 1.0,
		"ngimu_r1/earth/z/norm" : 0.0,
		"ngimu_r1/earth/z/raw" : 0.0,
		"ngimu_r1/euler/preview" : 0.0,
		"ngimu_r1/euler/pitch/active" : 1.0,
		"ngimu_r1/euler/pitch/norm" : 0.0,
		"ngimu_r1/euler/pitch/raw" : 0.0,
		"ngimu_r1/euler/roll/active" : 1.0,
		"ngimu_r1/euler/roll/norm" : 0.0,
		"ngimu_r1/euler/roll/raw" : 0.0,
		"ngimu_r1/euler/yaw/active" : 1.0,
		"ngimu_r1/euler/yaw/norm" : 0.0,
		"ngimu_r1/euler/yaw/raw" : 0.0,
		"ngimu_r1/gyro/preview" : 1.0,
		"ngimu_r1/gyro/magnitude/active" : 1.0,
		"ngimu_r1/gyro/magnitude/norm" : 0.0,
		"ngimu_r1/gyro/magnitude/raw" : 0.0,
		"ngimu_r1/gyro/qom/norm" : 0.000018,
		"ngimu_r1/gyro/qom/raw" : 0.370168,
		"ngimu_r1/gyro/x/active" : 1.0,
		"ngimu_r1/gyro/x/norm" : -0.000096,
		"ngimu_r1/gyro/x/raw" : -0.192647,
		"ngimu_r1/gyro/x/qom/norm" : 0.000031,
		"ngimu_r1/gyro/x/qom/raw" : 0.123389,
		"ngimu_r1/gyro/y/active" : 1.0,
		"ngimu_r1/gyro/y/norm" : 0.00005,
		"ngimu_r1/gyro/y/raw" : 0.099452,
		"ngimu_r1/gyro/y/qom/norm" : 0.000045,
		"ngimu_r1/gyro/y/qom/raw" : 0.181937,
		"ngimu_r1/gyro/z/active" : 1.0,
		"ngimu_r1/gyro/z/norm" : -0.000079,
		"ngimu_r1/gyro/z/raw" : -0.158005,
		"ngimu_r1/gyro/z/qom/norm" : 0.000015,
		"ngimu_r1/gyro/z/qom/raw" : 0.061283,
		"ngimu_r1/linear/preview" : 1.0,
		"ngimu_r1/linear/x/active" : 1.0,
		"ngimu_r1/linear/x/norm" : 0.0,
		"ngimu_r1/linear/x/raw" : 0.0,
		"ngimu_r1/linear/y/active" : 1.0,
		"ngimu_r1/linear/y/norm" : 0.0,
		"ngimu_r1/linear/y/raw" : 0.0,
		"ngimu_r1/linear/z/active" : 1.0,
		"ngimu_r1/linear/z/norm" : 0.0,
		"ngimu_r1/linear/z/raw" : 0.0,
		"ngimu_r1/mag/preview" : 0.0,
		"ngimu_r1/mag/qom" : 0.0,
		"ngimu_r1/mag/magnitude/active" : 1.0,
		"ngimu_r1/mag/magnitude/raw" : 0.0,
		"ngimu_r1/mag/magnitude/scaled" : 0.0,
		"ngimu_r1/mag/x/active" : 1.0,
		"ngimu_r1/mag/x/qom" : 0.0,
		"ngimu_r1/mag/x/raw" : 5.190657,
		"ngimu_r1/mag/y/active" : 1.0,
		"ngimu_r1/mag/y/qom" : 0.0,
		"ngimu_r1/mag/y/raw" : -42.983612000000001,
		"ngimu_r1/mag/z/active" : 1.0,
		"ngimu_r1/mag/z/qom" : 0.0,
		"ngimu_r1/mag/z/raw" : -17.112580999999999,
		"ngimu_r1/magnitudes/preview" : 0.0,
		"ngimu_r1/matrix/preview" : 0.0,
		"ngimu_r1/matrix/xx/active" : 1.0,
		"ngimu_r1/matrix/xx/raw" : 0.0,
		"ngimu_r1/matrix/xy/active" : 1.0,
		"ngimu_r1/matrix/xy/raw" : 0.0,
		"ngimu_r1/matrix/xz/active" : 1.0,
		"ngimu_r1/matrix/xz/raw" : 0.0,
		"ngimu_r1/matrix/yx/active" : 1.0,
		"ngimu_r1/matrix/yx/raw" : 0.0,
		"ngimu_r1/matrix/yy/active" : 1.0,
		"ngimu_r1/matrix/yy/raw" : 0.0,
		"ngimu_r1/matrix/yz/active" : 1.0,
		"ngimu_r1/matrix/yz/raw" : 0.0,
		"ngimu_r1/matrix/zx/active" : 1.0,
		"ngimu_r1/matrix/zx/raw" : 0.0,
		"ngimu_r1/matrix/zy/active" : 1.0,
		"ngimu_r1/matrix/zy/raw" : 0.0,
		"ngimu_r1/matrix/zz/active" : 1.0,
		"ngimu_r1/matrix/zz/raw" : 0.0,
		"ngimu_r1/port/in" : 7800,
		"ngimu_r1/quaternion/preview" : 0.0,
		"ngimu_r1/quaternion/w/active" : 1.0,
		"ngimu_r1/quaternion/w/raw" : 0.621101,
		"ngimu_r1/quaternion/x/active" : 1.0,
		"ngimu_r1/quaternion/x/raw" : -0.594514,
		"ngimu_r1/quaternion/y/active" : 1.0,
		"ngimu_r1/quaternion/y/raw" : 0.405294,
		"ngimu_r1/quaternion/z/active" : 1.0,
		"ngimu_r1/quaternion/z/raw" : 0.305207,
		"ngimu_r1/rssi/dbm" : 0.0,
		"ngimu_r1/rssi/dbm/active" : 1.0,
		"ngimu_r1/rssi/percent" : 0.0,
		"ngimu_r1/rssi/percent/active" : 1.0,
		"ngimu_r1/temperature/processor" : 0.0,
		"ngimu_r1/temperature/processor/active" : 1.0,
		"ngimu_r1/temperature/sensors" : 0.0,
		"ngimu_r1/temperature/sensors/active" : 1.0,
		"ngimu_r2/barometer" : 0.0,
		"ngimu_r2/barometer/active" : 1.0,
		"ngimu_r2/acc/pitch" : 0.050657,
		"ngimu_r2/acc/pitch/active" : 1.0,
		"ngimu_r2/acc/pitch/invert" : 0.0,
		"ngimu_r2/acc/pitch/offset" : 0.0,
		"ngimu_r2/acc/preview" : 0.0,
		"ngimu_r2/acc/roll" : 0.007094,
		"ngimu_r2/acc/roll/active" : 1.0,
		"ngimu_r2/acc/roll/invert" : 0.0,
		"ngimu_r2/acc/roll/offset" : 0.0,
		"ngimu_r2/acc/magnitude/active" : 1.0,
		"ngimu_r2/acc/magnitude/norm" : 0.0,
		"ngimu_r2/acc/magnitude/raw" : 0.0,
		"ngimu_r2/acc/orientation/preview" : 0.0,
		"ngimu_r2/acc/qom/norm" : 0.0,
		"ngimu_r2/acc/qom/raw" : -1.0,
		"ngimu_r2/acc/x/active" : 1.0,
		"ngimu_r2/acc/x/norm" : 0.0,
		"ngimu_r2/acc/x/raw" : 0.0,
		"ngimu_r2/acc/x/qom/norm" : 0.0,
		"ngimu_r2/acc/x/qom/raw" : 0.0,
		"ngimu_r2/acc/y/active" : 1.0,
		"ngimu_r2/acc/y/norm" : 0.0,
		"ngimu_r2/acc/y/raw" : 0.0,
		"ngimu_r2/acc/y/qom/norm" : 0.0,
		"ngimu_r2/acc/y/qom/raw" : 0.0,
		"ngimu_r2/acc/z/active" : 1.0,
		"ngimu_r2/acc/z/norm" : 0.0,
		"ngimu_r2/acc/z/raw" : 0.0,
		"ngimu_r2/acc/z/qom/norm" : 0.0,
		"ngimu_r2/acc/z/qom/raw" : 0.0,
		"ngimu_r2/altitude/active" : 1.0,
		"ngimu_r2/altitude/preview" : 0.0,
		"ngimu_r2/altitude/raw" : 0.0,
		"ngimu_r2/battery/charge" : 0.0,
		"ngimu_r2/battery/current" : 0.0,
		"ngimu_r2/battery/percentage" : 0.0,
		"ngimu_r2/battery/time" : 0.0,
		"ngimu_r2/battery/voltage" : 0.0,
		"ngimu_r2/earth/preview" : 0.0,
		"ngimu_r2/earth/x/active" : 1.0,
		"ngimu_r2/earth/x/norm" : 0.0,
		"ngimu_r2/earth/x/raw" : 0.0,
		"ngimu_r2/earth/y/active" : 1.0,
		"ngimu_r2/earth/y/norm" : 0.0,
		"ngimu_r2/earth/y/raw" : 0.0,
		"ngimu_r2/earth/z/active" : 1.0,
		"ngimu_r2/earth/z/norm" : 0.0,
		"ngimu_r2/earth/z/raw" : 0.0,
		"ngimu_r2/euler/preview" : 0.0,
		"ngimu_r2/euler/pitch/active" : 1.0,
		"ngimu_r2/euler/pitch/norm" : 0.0,
		"ngimu_r2/euler/pitch/raw" : 0.0,
		"ngimu_r2/euler/roll/active" : 1.0,
		"ngimu_r2/euler/roll/norm" : 0.0,
		"ngimu_r2/euler/roll/raw" : 0.0,
		"ngimu_r2/euler/yaw/active" : 1.0,
		"ngimu_r2/euler/yaw/norm" : 0.0,
		"ngimu_r2/euler/yaw/raw" : 0.0,
		"ngimu_r2/gyro/preview" : 0.0,
		"ngimu_r2/gyro/magnitude/active" : 1.0,
		"ngimu_r2/gyro/magnitude/norm" : 0.0,
		"ngimu_r2/gyro/magnitude/raw" : 0.0,
		"ngimu_r2/gyro/qom/norm" : 0.0,
		"ngimu_r2/gyro/qom/raw" : 0.0,
		"ngimu_r2/gyro/x/active" : 1.0,
		"ngimu_r2/gyro/x/norm" : 0.0,
		"ngimu_r2/gyro/x/raw" : 0.0,
		"ngimu_r2/gyro/x/qom/norm" : 0.0,
		"ngimu_r2/gyro/x/qom/raw" : 0.0,
		"ngimu_r2/gyro/y/active" : 1.0,
		"ngimu_r2/gyro/y/norm" : 0.0,
		"ngimu_r2/gyro/y/raw" : 0.0,
		"ngimu_r2/gyro/y/qom/norm" : 0.0,
		"ngimu_r2/gyro/y/qom/raw" : 0.0,
		"ngimu_r2/gyro/z/active" : 1.0,
		"ngimu_r2/gyro/z/norm" : 0.0,
		"ngimu_r2/gyro/z/raw" : 0.0,
		"ngimu_r2/gyro/z/qom/norm" : 0.0,
		"ngimu_r2/gyro/z/qom/raw" : 0.0,
		"ngimu_r2/linear/preview" : 0.0,
		"ngimu_r2/linear/x/active" : 1.0,
		"ngimu_r2/linear/x/norm" : 0.0,
		"ngimu_r2/linear/x/raw" : 0.0,
		"ngimu_r2/linear/y/active" : 1.0,
		"ngimu_r2/linear/y/norm" : 0.0,
		"ngimu_r2/linear/y/raw" : 0.0,
		"ngimu_r2/linear/z/active" : 1.0,
		"ngimu_r2/linear/z/norm" : 0.0,
		"ngimu_r2/linear/z/raw" : 0.0,
		"ngimu_r2/mag/preview" : 0.0,
		"ngimu_r2/mag/qom" : 0.0,
		"ngimu_r2/mag/magnitude/active" : 1.0,
		"ngimu_r2/mag/magnitude/raw" : 0.0,
		"ngimu_r2/mag/magnitude/scaled" : 0.0,
		"ngimu_r2/mag/x/active" : 1.0,
		"ngimu_r2/mag/x/qom" : 0.0,
		"ngimu_r2/mag/x/raw" : 0.0,
		"ngimu_r2/mag/y/active" : 1.0,
		"ngimu_r2/mag/y/qom" : 0.0,
		"ngimu_r2/mag/y/raw" : 0.0,
		"ngimu_r2/mag/z/active" : 1.0,
		"ngimu_r2/mag/z/qom" : 0.0,
		"ngimu_r2/mag/z/raw" : 0.0,
		"ngimu_r2/magnitudes/preview" : 0.0,
		"ngimu_r2/matrix/preview" : 0.0,
		"ngimu_r2/matrix/xx/active" : 1.0,
		"ngimu_r2/matrix/xx/raw" : 0.0,
		"ngimu_r2/matrix/xy/active" : 1.0,
		"ngimu_r2/matrix/xy/raw" : 0.0,
		"ngimu_r2/matrix/xz/active" : 1.0,
		"ngimu_r2/matrix/xz/raw" : 0.0,
		"ngimu_r2/matrix/yx/active" : 1.0,
		"ngimu_r2/matrix/yx/raw" : 0.0,
		"ngimu_r2/matrix/yy/active" : 1.0,
		"ngimu_r2/matrix/yy/raw" : 0.0,
		"ngimu_r2/matrix/yz/active" : 1.0,
		"ngimu_r2/matrix/yz/raw" : 0.0,
		"ngimu_r2/matrix/zx/active" : 1.0,
		"ngimu_r2/matrix/zx/raw" : 0.0,
		"ngimu_r2/matrix/zy/active" : 1.0,
		"ngimu_r2/matrix/zy/raw" : 0.0,
		"ngimu_r2/matrix/zz/active" : 1.0,
		"ngimu_r2/matrix/zz/raw" : 0.0,
		"ngimu_r2/port/in" : 8000,
		"ngimu_r2/quaternion/preview" : 0.0,
		"ngimu_r2/quaternion/w/active" : 1.0,
		"ngimu_r2/quaternion/w/raw" : 0.0,
		"ngimu_r2/quaternion/x/active" : 1.0,
		"ngimu_r2/quaternion/x/raw" : 0.0,
		"ngimu_r2/quaternion/y/active" : 1.0,
		"ngimu_r2/quaternion/y/raw" : 0.0,
		"ngimu_r2/quaternion/z/active" : 1.0,
		"ngimu_r2/quaternion/z/raw" : 0.0,
		"ngimu_r2/rssi/dbm" : 0.0,
		"ngimu_r2/rssi/dbm/active" : 1.0,
		"ngimu_r2/rssi/percent" : 0.0,
		"ngimu_r2/rssi/percent/active" : 1.0,
		"ngimu_r2/temperature/processor" : 0.0,
		"ngimu_r2/temperature/processor/active" : 1.0,
		"ngimu_r2/temperature/sensors" : 0.0,
		"ngimu_r2/temperature/sensors/active" : 1.0,
		"oscoutput/address" : "127.0.0.1",
		"oscoutput/port" : 8808,
		"oscoutput/prepend" : "/value/",
		"oscoutput/sig" : 0.0,
		"oscoutput1/address" : "127.0.0.1",
		"oscoutput1/port" : 8801,
		"oscoutput1/prepend" : "/value/",
		"oscoutput1/sig" : 0.0,
		"oscoutput2/address" : "127.0.0.1",
		"oscoutput2/port" : 8802,
		"oscoutput2/prepend" : "/value/",
		"oscoutput2/sig" : 0.0,
		"oscoutput3/address" : "127.0.0.1",
		"oscoutput3/port" : 8803,
		"oscoutput3/prepend" : "/value/",
		"oscoutput3/sig" : 0.0,
		"oscoutput4/address" : "127.0.0.1",
		"oscoutput4/port" : 8804,
		"oscoutput4/prepend" : "/value/",
		"oscoutput4/sig" : 0.0,
		"oscoutput5/address" : "127.0.0.1",
		"oscoutput5/port" : 8805,
		"oscoutput5/prepend" : "/value/",
		"oscoutput5/sig" : 0.0,
		"oscoutput6/address" : "127.0.0.1",
		"oscoutput6/port" : 8806,
		"oscoutput6/prepend" : "/value/",
		"oscoutput6/sig" : 0.0,
		"oscoutput7/address" : "127.0.0.1",
		"oscoutput7/port" : 8807,
		"oscoutput7/prepend" : "/value/",
		"oscoutput7/sig" : 0.0,
		"oscroute1/abs" : 0.0,
		"oscroute1/abs2" : 0.0,
		"oscroute1/namespacebrowser/local_receive" : "2901-front",
		"oscroute1/namespacebrowser/nodeAddress" : "/navscale1/out/final",
		"oscroute1/namespacebrowser/origin" : [ 363.0, 81.0 ],
		"oscroute1/offset" : 0.0,
		"oscroute1/offset2" : 0.0,
		"oscroute1/scalebypass" : 1.0,
		"oscroute1/settingList" : [ 1, 0.0, 0.0, 0.0, "s", 0, "s", 0.0, "s", 0.0, "s", "s" ],
		"oscroute1/input/max" : 1.0,
		"oscroute1/input/min" : 0.0,
		"oscroute1/output/max" : 1.0,
		"oscroute1/output/min" : 0.0,
		"oscroute2/abs" : 0.0,
		"oscroute2/abs2" : 0.0,
		"oscroute2/namespacebrowser/local_receive" : "2893-front",
		"oscroute2/namespacebrowser/nodeAddress" : "/ngimu_r1/gyro/z/raw",
		"oscroute2/namespacebrowser/origin" : [ 363.0, 481.0 ],
		"oscroute2/offset" : 0.0,
		"oscroute2/offset2" : 0.0,
		"oscroute2/scalebypass" : 1.0,
		"oscroute2/settingList" : [ 1, 0.0, 0.0, 0.0, "s", 0, "s", 0.0, "s", 0.0, "s", "s" ],
		"oscroute2/input/max" : 1.0,
		"oscroute2/input/min" : 0.0,
		"oscroute2/output/max" : 1.0,
		"oscroute2/output/min" : 0.0,
		"oscroute3/abs" : 0.0,
		"oscroute3/abs2" : 0.0,
		"oscroute3/namespacebrowser/local_receive" : "2885-front",
		"oscroute3/namespacebrowser/nodeAddress" : "/navscale2/out/final",
		"oscroute3/namespacebrowser/origin" : [ 363.0, 513.0 ],
		"oscroute3/offset" : 0.0,
		"oscroute3/offset2" : 0.0,
		"oscroute3/scalebypass" : 1.0,
		"oscroute3/settingList" : [ 1, 0.0, 0.0, 0.0, "s", 0, "s", 0.0, "s", 0.0, "s", "s" ],
		"oscroute3/input/max" : 1.0,
		"oscroute3/input/min" : 0.0,
		"oscroute3/output/max" : 1.0,
		"oscroute3/output/min" : 0.0,
		"oscroute4/abs" : 0.0,
		"oscroute4/abs2" : 0.0,
		"oscroute4/namespacebrowser/local_receive" : "2877-front",
		"oscroute4/namespacebrowser/nodeAddress" : "/navvalues/navaccqom",
		"oscroute4/namespacebrowser/origin" : [ 363.0, 408.0 ],
		"oscroute4/offset" : 0.0,
		"oscroute4/offset2" : 0.0,
		"oscroute4/scalebypass" : 1.0,
		"oscroute4/settingList" : [ 1, 0.0, 0.0, 0.0, "s", 0, "s", 0.0, "s", 0.0, "s", "s" ],
		"oscroute4/input/max" : 1.0,
		"oscroute4/input/min" : 0.0,
		"oscroute4/output/max" : 1.0,
		"oscroute4/output/min" : 0.0,
		"oscroute5/abs" : 0.0,
		"oscroute5/abs2" : 0.0,
		"oscroute5/namespacebrowser/local_receive" : "2869-front",
		"oscroute5/namespacebrowser/nodeAddress" : "/navvalues/navgyroqom",
		"oscroute5/namespacebrowser/origin" : [ 363.0, 440.0 ],
		"oscroute5/offset" : 0.0,
		"oscroute5/offset2" : 0.0,
		"oscroute5/scalebypass" : 1.0,
		"oscroute5/settingList" : [ 1, 0.0, 0.0, 0.0, "s", 0, "s", 0.0, "s", 0.0, "s", "s" ],
		"oscroute5/input/max" : 1.0,
		"oscroute5/input/min" : 0.0,
		"oscroute5/output/max" : 1.0,
		"oscroute5/output/min" : 0.0,
		"oscroute6/abs" : 0.0,
		"oscroute6/abs2" : 0.0,
		"oscroute6/namespacebrowser/local_receive" : "2861-front",
		"oscroute6/namespacebrowser/nodeAddress" : "none",
		"oscroute6/namespacebrowser/origin" : [ 0.0, 0.0 ],
		"oscroute6/offset" : 0.0,
		"oscroute6/offset2" : 0.0,
		"oscroute6/scalebypass" : 1.0,
		"oscroute6/input/max" : 1.0,
		"oscroute6/input/min" : 0.0,
		"oscroute6/output/max" : 1.0,
		"oscroute6/output/min" : 0.0,
		"oscroute7/abs" : 0.0,
		"oscroute7/abs2" : 0.0,
		"oscroute7/namespacebrowser/local_receive" : "2853-front",
		"oscroute7/namespacebrowser/nodeAddress" : "none",
		"oscroute7/namespacebrowser/origin" : [ 0.0, 0.0 ],
		"oscroute7/offset" : 0.0,
		"oscroute7/offset2" : 0.0,
		"oscroute7/scalebypass" : 1.0,
		"oscroute7/input/max" : 1.0,
		"oscroute7/input/min" : 0.0,
		"oscroute7/output/max" : 1.0,
		"oscroute7/output/min" : 0.0,
		"oscroute8/abs" : 0.0,
		"oscroute8/abs2" : 0.0,
		"oscroute8/namespacebrowser/local_receive" : "2845-front",
		"oscroute8/namespacebrowser/nodeAddress" : "none",
		"oscroute8/namespacebrowser/origin" : [ 0.0, 0.0 ],
		"oscroute8/offset" : 0.0,
		"oscroute8/offset2" : 0.0,
		"oscroute8/scalebypass" : 1.0,
		"oscroute8/input/max" : 1.0,
		"oscroute8/input/min" : 0.0,
		"oscroute8/output/max" : 1.0,
		"oscroute8/output/min" : 0.0,
		"rand1/grain" : 10,
		"rand1/interpolate" : 500,
		"rand1/max" : 1.0,
		"rand1/min" : 0.0,
		"rand1/on" : 0.0,
		"rand1/step" : 1.0,
		"rand1/out/final" : 0.0,
		"rand1/out/final/int" : 0,
		"rand1/out/metro" : "bang",
		"rand1/out/pre-interpolation" : 0.0,
		"rand1/rate/max" : 1000,
		"rand1/rate/min" : 30,
		"rand2/grain" : 10,
		"rand2/interpolate" : 500,
		"rand2/max" : 1.0,
		"rand2/min" : 0.0,
		"rand2/on" : 0.0,
		"rand2/step" : 1.0,
		"rand2/out/final" : 0.0,
		"rand2/out/final/int" : 0,
		"rand2/out/metro" : "bang",
		"rand2/out/pre-interpolation" : 0.0,
		"rand2/rate/max" : 1000,
		"rand2/rate/min" : 30,
		"scale1/envelope" : 0.0,
		"scale1/offset" : 0.0,
		"scale1/pre-lpcutoff" : 20000.0,
		"scale1/autoscale/mode" : 0,
		"scale1/autoscale/reset" : "bang",
		"scale1/autoscale/input/max" : 0.0,
		"scale1/autoscale/input/min" : 0.0,
		"scale1/autoscale/output/max" : 0.0,
		"scale1/autoscale/output/min" : 0.0,
		"scale1/average/type" : 0,
		"scale1/average/window" : 0,
		"scale1/filter/frequency" : 0.0,
		"scale1/filter/gain" : 1.0,
		"scale1/filter/q" : 1.0,
		"scale1/filter/type" : 2,
		"scale1/floatslide/down" : 0.0,
		"scale1/floatslide/up" : 0.0,
		"scale1/pre-slide/down" : 0.0,
		"scale1/pre-slide/up" : 0.0,
		"scale1/ramp/down" : 0.0,
		"scale1/ramp/up" : 0.0,
		"scale1/snapshot/rate" : 0.0
	}

}
