{
	"preset1" : 	{
		"baton1/baton1-johnson/origin" : 2012,
		"baton1/baton1-johnson/seq_five" : 500,
		"baton1/baton1-johnson/seq_four" : "*",
		"baton1/baton1-johnson/seq_one" : 110,
		"baton1/baton1-johnson/seq_seven" : "*",
		"baton1/baton1-johnson/seq_six" : "*",
		"baton1/baton1-johnson/seq_three" : 3550,
		"baton1/baton1-johnson/seq_two" : 2001,
		"baton1/baton1-johnson/value" : 2,
		"baton1/baton1-johnson.1/origin" : "*",
		"baton1/baton1-johnson.1/seq_five" : "*",
		"baton1/baton1-johnson.1/seq_four" : "*",
		"baton1/baton1-johnson.1/seq_one" : "*",
		"baton1/baton1-johnson.1/seq_seven" : "*",
		"baton1/baton1-johnson.1/seq_six" : "*",
		"baton1/baton1-johnson.1/seq_three" : "*",
		"baton1/baton1-johnson.1/seq_two" : "*",
		"baton1/baton1-johnson.1/seq_zero" : "*",
		"baton1/baton1-johnson.1/value" : 0,
		"baton1/baton1-messy/translatedinput" : [ 0, 0, 0 ],
		"baton1/baton1-messy/baton1-messy-val01" : 1.0,
		"baton1/baton1-messy/baton1-messy-val02" : 0.0,
		"baton1/baton1-messy/baton1-messy-val03" : 0.0,
		"baton1/baton1-messy/baton1-messy-val04" : 0.0,
		"baton1/baton1-messy/baton1-messy-val05" : 0.0,
		"baton1/baton1-messy/baton1-messy-val06" : 0.0,
		"baton1/baton1-messy/baton1-messy-val07" : 0.0,
		"baton1/baton1-messy/baton1-messy-val08" : 0.0,
		"baton1/baton1-messy/baton1-messy-val09" : 0.0,
		"baton1/baton1-messy/baton1-messy-val10" : 0.0,
		"baton1/baton1-messy/baton1-messy-val11" : 0.0,
		"baton1/baton1-messy/baton1-messy-val12" : 0.0,
		"baton1/baton1-messy/baton1-messy-val13" : 0.0,
		"baton1/baton1-messy/baton1-messy-val14" : 0.0,
		"baton1/baton1-messy/baton1-messy-val15" : 0.0,
		"baton1/baton1-messy/baton1-messy-val16" : 0.0,
		"baton1/baton1-messy/valout" : 3.0,
		"baton1/baton1-scale/degree" : 3,
		"baton1/baton1-scale/output" : 4.0,
		"baton1/baton1-scale/scale" : 3,
		"baton2/baton1-messy/translatedinput" : [ 0, 0, 0 ],
		"baton2/baton1-messy/baton1-messy-val01" : 0.0,
		"baton2/baton1-messy/baton1-messy-val02" : 0.0,
		"baton2/baton1-messy/baton1-messy-val03" : 0.0,
		"baton2/baton1-messy/baton1-messy-val04" : 0.0,
		"baton2/baton1-messy/baton1-messy-val05" : 0.0,
		"baton2/baton1-messy/baton1-messy-val06" : 0.0,
		"baton2/baton1-messy/baton1-messy-val07" : 0.0,
		"baton2/baton1-messy/baton1-messy-val08" : 0.0,
		"baton2/baton1-messy/baton1-messy-val09" : 0.0,
		"baton2/baton1-messy/baton1-messy-val10" : 0.0,
		"baton2/baton1-messy/baton1-messy-val11" : 0.0,
		"baton2/baton1-messy/baton1-messy-val12" : 0.0,
		"baton2/baton1-messy/baton1-messy-val13" : 0.0,
		"baton2/baton1-messy/baton1-messy-val14" : 0.0,
		"baton2/baton1-messy/baton1-messy-val15" : 0.0,
		"baton2/baton1-messy/baton1-messy-val16" : 0.0,
		"baton2/baton1-messy/valout" : 0.0,
		"baton2/baton2-johnson/origin" : "*",
		"baton2/baton2-johnson/seq_five" : "*",
		"baton2/baton2-johnson/seq_four" : "*",
		"baton2/baton2-johnson/seq_one" : "*",
		"baton2/baton2-johnson/seq_seven" : "*",
		"baton2/baton2-johnson/seq_six" : "*",
		"baton2/baton2-johnson/seq_three" : "*",
		"baton2/baton2-johnson/seq_two" : "*",
		"baton2/baton2-johnson/seq_zero" : "*",
		"baton2/baton2-johnson/value" : 0,
		"baton2/baton2-johnson.1/origin" : "*",
		"baton2/baton2-johnson.1/seq_five" : "*",
		"baton2/baton2-johnson.1/seq_four" : "*",
		"baton2/baton2-johnson.1/seq_one" : "*",
		"baton2/baton2-johnson.1/seq_seven" : "*",
		"baton2/baton2-johnson.1/seq_six" : "*",
		"baton2/baton2-johnson.1/seq_three" : "*",
		"baton2/baton2-johnson.1/seq_two" : "*",
		"baton2/baton2-johnson.1/seq_zero" : "*",
		"baton2/baton2-johnson.1/value" : 0,
		"baton2/baton2-scale/degree" : 0,
		"baton2/baton2-scale/output" : 0.0,
		"baton2/baton2-scale/scale" : 0,
		"baton3/baton1-messy/translatedinput" : [ 0, 0, 0 ],
		"baton3/baton1-messy/baton1-messy-val01" : 0.0,
		"baton3/baton1-messy/baton1-messy-val02" : 0.0,
		"baton3/baton1-messy/baton1-messy-val03" : 0.0,
		"baton3/baton1-messy/baton1-messy-val04" : 0.0,
		"baton3/baton1-messy/baton1-messy-val05" : 0.0,
		"baton3/baton1-messy/baton1-messy-val06" : 0.0,
		"baton3/baton1-messy/baton1-messy-val07" : 0.0,
		"baton3/baton1-messy/baton1-messy-val08" : 0.0,
		"baton3/baton1-messy/baton1-messy-val09" : 0.0,
		"baton3/baton1-messy/baton1-messy-val10" : 0.0,
		"baton3/baton1-messy/baton1-messy-val11" : 0.0,
		"baton3/baton1-messy/baton1-messy-val12" : 0.0,
		"baton3/baton1-messy/baton1-messy-val13" : 0.0,
		"baton3/baton1-messy/baton1-messy-val14" : 0.0,
		"baton3/baton1-messy/baton1-messy-val15" : 0.0,
		"baton3/baton1-messy/baton1-messy-val16" : 0.0,
		"baton3/baton1-messy/valout" : 0.0,
		"baton3/baton3-johnson/origin" : "*",
		"baton3/baton3-johnson/seq_five" : "*",
		"baton3/baton3-johnson/seq_four" : "*",
		"baton3/baton3-johnson/seq_one" : "*",
		"baton3/baton3-johnson/seq_seven" : "*",
		"baton3/baton3-johnson/seq_six" : "*",
		"baton3/baton3-johnson/seq_three" : "*",
		"baton3/baton3-johnson/seq_two" : "*",
		"baton3/baton3-johnson/seq_zero" : "*",
		"baton3/baton3-johnson/value" : 0,
		"baton3/baton3-scale/degree" : 0,
		"baton3/baton3-scale/output" : 0.0,
		"baton3/baton3-scale/scale" : 0,
		"baton3-johnson/origin" : "*",
		"baton3-johnson/seq_five" : "*",
		"baton3-johnson/seq_four" : "*",
		"baton3-johnson/seq_one" : "*",
		"baton3-johnson/seq_seven" : "*",
		"baton3-johnson/seq_six" : "*",
		"baton3-johnson/seq_three" : "*",
		"baton3-johnson/seq_two" : "*",
		"baton3-johnson/seq_zero" : "*",
		"baton3-johnson/value" : 0,
		"batonroute1/abs" : 0.0,
		"batonroute1/abs2" : 0.0,
		"batonroute1/namespacebrowser/nodeAddress" : "/wheel3/acc/trig",
		"batonroute1/offset" : 0.0,
		"batonroute1/offset2" : 0.0,
		"batonroute1/scalebypass" : 1.0,
		"batonroute1/settingList" : [ 1, 0.0, 0.0, 0.0, "s", 0, "s", 0.0, "s", 0.0, "s", "s" ],
		"batonroute1/input/max" : 1.0,
		"batonroute1/input/min" : 0.0,
		"batonroute1/output/max" : 1.0,
		"batonroute1/output/min" : 0.0,
		"batonroute2/abs" : 0.0,
		"batonroute2/abs2" : 0.0,
		"batonroute2/namespacebrowser/nodeAddress" : "none",
		"batonroute2/offset" : 0.0,
		"batonroute2/offset2" : 0.0,
		"batonroute2/scalebypass" : 1.0,
		"batonroute2/input/max" : 1.0,
		"batonroute2/input/min" : 0.0,
		"batonroute2/output/max" : 1.0,
		"batonroute2/output/min" : 0.0,
		"batonroute3/abs" : 0.0,
		"batonroute3/abs2" : 0.0,
		"batonroute3/namespacebrowser/nodeAddress" : "/wheel3/acc/trig",
		"batonroute3/offset" : 0.0,
		"batonroute3/offset2" : 0.0,
		"batonroute3/scalebypass" : 1.0,
		"batonroute3/settingList" : [ 1, 0.0, 0.0, 0.0, "s", 0, "s", 0.0, "s", 0.0, "s", "s" ],
		"batonroute3/input/max" : 1.0,
		"batonroute3/input/min" : 0.0,
		"batonroute3/output/max" : 1.0,
		"batonroute3/output/min" : 0.0,
		"navrand1/grain" : 10,
		"navrand1/interpolate" : 500,
		"navrand1/max" : 1.0,
		"navrand1/min" : 0.0,
		"navrand1/on" : 1.0,
		"navrand1/step" : 1.0,
		"navrand1/out/pre-interpolation" : 0.498,
		"navrand1/out/final/float" : 0.600752,
		"navrand1/out/final/int" : 296,
		"navrand1/rate/max" : 1000,
		"navrand1/rate/min" : 30,
		"navrand2/grain" : 10,
		"navrand2/interpolate" : 500,
		"navrand2/max" : 1.0,
		"navrand2/min" : 0.0,
		"navrand2/on" : 0.0,
		"navrand2/step" : 1.0,
		"navrand2/out/pre-interpolation" : 0.0,
		"navrand2/out/final/float" : 0.0,
		"navrand2/out/final/int" : 0,
		"navrand2/rate/max" : 1000,
		"navrand2/rate/min" : 30,
		"navrand3/grain" : 10,
		"navrand3/interpolate" : 500,
		"navrand3/max" : 1.0,
		"navrand3/min" : 0.0,
		"navrand3/on" : 0.0,
		"navrand3/step" : 1.0,
		"navrand3/out/pre-interpolation" : 0.0,
		"navrand3/out/final/float" : 0.0,
		"navrand3/out/final/int" : 0,
		"navrand3/rate/max" : 1000,
		"navrand3/rate/min" : 30,
		"navrand4/grain" : 10,
		"navrand4/interpolate" : 500,
		"navrand4/max" : 1.0,
		"navrand4/min" : 0.0,
		"navrand4/on" : 0.0,
		"navrand4/step" : 1.0,
		"navrand4/out/pre-interpolation" : 0.0,
		"navrand4/out/final/float" : 0.0,
		"navrand4/out/final/int" : 0,
		"navrand4/rate/max" : 1000,
		"navrand4/rate/min" : 30,
		"navrand5/grain" : 10,
		"navrand5/interpolate" : 500,
		"navrand5/max" : 1.0,
		"navrand5/min" : 0.0,
		"navrand5/on" : 0.0,
		"navrand5/step" : 1.0,
		"navrand5/out/pre-interpolation" : 0.0,
		"navrand5/out/final/float" : 0.0,
		"navrand5/out/final/int" : 0,
		"navrand5/rate/max" : 1000,
		"navrand5/rate/min" : 30,
		"navrand6/grain" : 10,
		"navrand6/interpolate" : 500,
		"navrand6/max" : 1.0,
		"navrand6/min" : 0.0,
		"navrand6/on" : 0.0,
		"navrand6/step" : 1.0,
		"navrand6/out/pre-interpolation" : 0.0,
		"navrand6/out/final/float" : 0.0,
		"navrand6/out/final/int" : 0,
		"navrand6/rate/max" : 1000,
		"navrand6/rate/min" : 30,
		"navrand7/grain" : 10,
		"navrand7/interpolate" : 500,
		"navrand7/max" : 1.0,
		"navrand7/min" : 0.0,
		"navrand7/on" : 0.0,
		"navrand7/step" : 1.0,
		"navrand7/out/pre-interpolation" : 0.0,
		"navrand7/out/final/float" : 0.0,
		"navrand7/out/final/int" : 0,
		"navrand7/rate/max" : 1000,
		"navrand7/rate/min" : 30,
		"navrand8/grain" : 10,
		"navrand8/interpolate" : 500,
		"navrand8/max" : 1.0,
		"navrand8/min" : 0.0,
		"navrand8/on" : 0.0,
		"navrand8/step" : 1.0,
		"navrand8/out/pre-interpolation" : 0.0,
		"navrand8/out/final/float" : 0.0,
		"navrand8/out/final/int" : 0,
		"navrand8/rate/max" : 1000,
		"navrand8/rate/min" : 30,
		"ngimu_r1/barometer" : 0.0,
		"ngimu_r1/barometer/active" : 1.0,
		"ngimu_r1/acc/pitch" : 0.050657,
		"ngimu_r1/acc/pitch/active" : 1.0,
		"ngimu_r1/acc/pitch/invert" : 0.0,
		"ngimu_r1/acc/pitch/offset" : 0.0,
		"ngimu_r1/acc/preview" : 0.0,
		"ngimu_r1/acc/roll" : 0.007094,
		"ngimu_r1/acc/roll/active" : 1.0,
		"ngimu_r1/acc/roll/invert" : 0.0,
		"ngimu_r1/acc/roll/offset" : 0.0,
		"ngimu_r1/acc/magnitude/active" : 1.0,
		"ngimu_r1/acc/magnitude/norm" : 0.0,
		"ngimu_r1/acc/magnitude/raw" : 0.0,
		"ngimu_r1/acc/orientation/preview" : 0.0,
		"ngimu_r1/acc/qom/norm" : 0.0,
		"ngimu_r1/acc/qom/raw" : -1.0,
		"ngimu_r1/acc/x/active" : 1.0,
		"ngimu_r1/acc/x/norm" : 0.0,
		"ngimu_r1/acc/x/raw" : 0.0,
		"ngimu_r1/acc/x/qom/norm" : 0.0,
		"ngimu_r1/acc/x/qom/raw" : 0.0,
		"ngimu_r1/acc/y/active" : 1.0,
		"ngimu_r1/acc/y/norm" : 0.0,
		"ngimu_r1/acc/y/raw" : 0.0,
		"ngimu_r1/acc/y/qom/norm" : 0.0,
		"ngimu_r1/acc/y/qom/raw" : 0.0,
		"ngimu_r1/acc/z/active" : 1.0,
		"ngimu_r1/acc/z/norm" : 0.0,
		"ngimu_r1/acc/z/raw" : 0.0,
		"ngimu_r1/acc/z/qom/norm" : 0.0,
		"ngimu_r1/acc/z/qom/raw" : 0.0,
		"ngimu_r1/altitude/active" : 1.0,
		"ngimu_r1/altitude/preview" : 0.0,
		"ngimu_r1/altitude/raw" : 0.0,
		"ngimu_r1/battery/charge" : 0.0,
		"ngimu_r1/battery/current" : 0.0,
		"ngimu_r1/battery/percentage" : 0.0,
		"ngimu_r1/battery/time" : 0.0,
		"ngimu_r1/battery/voltage" : 0.0,
		"ngimu_r1/earth/preview" : 0.0,
		"ngimu_r1/earth/x/active" : 1.0,
		"ngimu_r1/earth/x/norm" : 0.0,
		"ngimu_r1/earth/x/raw" : 0.0,
		"ngimu_r1/earth/y/active" : 1.0,
		"ngimu_r1/earth/y/norm" : 0.0,
		"ngimu_r1/earth/y/raw" : 0.0,
		"ngimu_r1/earth/z/active" : 1.0,
		"ngimu_r1/earth/z/norm" : 0.0,
		"ngimu_r1/earth/z/raw" : 0.0,
		"ngimu_r1/euler/preview" : 0.0,
		"ngimu_r1/euler/pitch/active" : 1.0,
		"ngimu_r1/euler/pitch/norm" : 0.0,
		"ngimu_r1/euler/pitch/raw" : 0.0,
		"ngimu_r1/euler/roll/active" : 1.0,
		"ngimu_r1/euler/roll/norm" : 0.0,
		"ngimu_r1/euler/roll/raw" : 0.0,
		"ngimu_r1/euler/yaw/active" : 1.0,
		"ngimu_r1/euler/yaw/norm" : 0.0,
		"ngimu_r1/euler/yaw/raw" : 0.0,
		"ngimu_r1/gyro/preview" : 0.0,
		"ngimu_r1/gyro/magnitude/active" : 1.0,
		"ngimu_r1/gyro/magnitude/norm" : 0.0,
		"ngimu_r1/gyro/magnitude/raw" : 0.0,
		"ngimu_r1/gyro/qom/norm" : 0.0,
		"ngimu_r1/gyro/qom/raw" : 0.0,
		"ngimu_r1/gyro/x/active" : 1.0,
		"ngimu_r1/gyro/x/norm" : 0.0,
		"ngimu_r1/gyro/x/raw" : 0.0,
		"ngimu_r1/gyro/x/qom/norm" : 0.0,
		"ngimu_r1/gyro/x/qom/raw" : 0.0,
		"ngimu_r1/gyro/y/active" : 1.0,
		"ngimu_r1/gyro/y/norm" : 0.0,
		"ngimu_r1/gyro/y/raw" : 0.0,
		"ngimu_r1/gyro/y/qom/norm" : 0.0,
		"ngimu_r1/gyro/y/qom/raw" : 0.0,
		"ngimu_r1/gyro/z/active" : 1.0,
		"ngimu_r1/gyro/z/norm" : 0.0,
		"ngimu_r1/gyro/z/raw" : 0.0,
		"ngimu_r1/gyro/z/qom/norm" : 0.0,
		"ngimu_r1/gyro/z/qom/raw" : 0.0,
		"ngimu_r1/linear/preview" : 0.0,
		"ngimu_r1/linear/x/active" : 1.0,
		"ngimu_r1/linear/x/norm" : 0.0,
		"ngimu_r1/linear/x/raw" : 0.0,
		"ngimu_r1/linear/y/active" : 1.0,
		"ngimu_r1/linear/y/norm" : 0.0,
		"ngimu_r1/linear/y/raw" : 0.0,
		"ngimu_r1/linear/z/active" : 1.0,
		"ngimu_r1/linear/z/norm" : 0.0,
		"ngimu_r1/linear/z/raw" : 0.0,
		"ngimu_r1/mag/preview" : 0.0,
		"ngimu_r1/mag/qom" : 0.0,
		"ngimu_r1/mag/magnitude/active" : 1.0,
		"ngimu_r1/mag/magnitude/raw" : 0.0,
		"ngimu_r1/mag/magnitude/scaled" : 0.0,
		"ngimu_r1/mag/x/active" : 1.0,
		"ngimu_r1/mag/x/qom" : 0.0,
		"ngimu_r1/mag/x/raw" : 0.0,
		"ngimu_r1/mag/y/active" : 1.0,
		"ngimu_r1/mag/y/qom" : 0.0,
		"ngimu_r1/mag/y/raw" : 0.0,
		"ngimu_r1/mag/z/active" : 1.0,
		"ngimu_r1/mag/z/qom" : 0.0,
		"ngimu_r1/mag/z/raw" : 0.0,
		"ngimu_r1/magnitudes/preview" : 0.0,
		"ngimu_r1/matrix/preview" : 0.0,
		"ngimu_r1/matrix/xx/active" : 1.0,
		"ngimu_r1/matrix/xx/raw" : 0.0,
		"ngimu_r1/matrix/xy/active" : 1.0,
		"ngimu_r1/matrix/xy/raw" : 0.0,
		"ngimu_r1/matrix/xz/active" : 1.0,
		"ngimu_r1/matrix/xz/raw" : 0.0,
		"ngimu_r1/matrix/yx/active" : 1.0,
		"ngimu_r1/matrix/yx/raw" : 0.0,
		"ngimu_r1/matrix/yy/active" : 1.0,
		"ngimu_r1/matrix/yy/raw" : 0.0,
		"ngimu_r1/matrix/yz/active" : 1.0,
		"ngimu_r1/matrix/yz/raw" : 0.0,
		"ngimu_r1/matrix/zx/active" : 1.0,
		"ngimu_r1/matrix/zx/raw" : 0.0,
		"ngimu_r1/matrix/zy/active" : 1.0,
		"ngimu_r1/matrix/zy/raw" : 0.0,
		"ngimu_r1/matrix/zz/active" : 1.0,
		"ngimu_r1/matrix/zz/raw" : 0.0,
		"ngimu_r1/port/in" : 8000,
		"ngimu_r1/quaternion/preview" : 0.0,
		"ngimu_r1/quaternion/w/active" : 1.0,
		"ngimu_r1/quaternion/w/raw" : 0.0,
		"ngimu_r1/quaternion/x/active" : 1.0,
		"ngimu_r1/quaternion/x/raw" : 0.0,
		"ngimu_r1/quaternion/y/active" : 1.0,
		"ngimu_r1/quaternion/y/raw" : 0.0,
		"ngimu_r1/quaternion/z/active" : 1.0,
		"ngimu_r1/quaternion/z/raw" : 0.0,
		"ngimu_r1/rssi/dbm" : 0.0,
		"ngimu_r1/rssi/dbm/active" : 1.0,
		"ngimu_r1/rssi/percent" : 0.0,
		"ngimu_r1/rssi/percent/active" : 1.0,
		"ngimu_r1/temperature/processor" : 0.0,
		"ngimu_r1/temperature/processor/active" : 1.0,
		"ngimu_r1/temperature/sensors" : 0.0,
		"ngimu_r1/temperature/sensors/active" : 1.0,
		"ngimu_r2/barometer" : 0.0,
		"ngimu_r2/barometer/active" : 1.0,
		"ngimu_r2/acc/pitch" : 0.050657,
		"ngimu_r2/acc/pitch/active" : 1.0,
		"ngimu_r2/acc/pitch/invert" : 0.0,
		"ngimu_r2/acc/pitch/offset" : 0.0,
		"ngimu_r2/acc/preview" : 0.0,
		"ngimu_r2/acc/roll" : 0.007094,
		"ngimu_r2/acc/roll/active" : 1.0,
		"ngimu_r2/acc/roll/invert" : 0.0,
		"ngimu_r2/acc/roll/offset" : 0.0,
		"ngimu_r2/acc/magnitude/active" : 1.0,
		"ngimu_r2/acc/magnitude/norm" : 0.0,
		"ngimu_r2/acc/magnitude/raw" : 0.0,
		"ngimu_r2/acc/orientation/preview" : 0.0,
		"ngimu_r2/acc/qom/norm" : 0.0,
		"ngimu_r2/acc/qom/raw" : -1.0,
		"ngimu_r2/acc/x/active" : 1.0,
		"ngimu_r2/acc/x/norm" : 0.0,
		"ngimu_r2/acc/x/raw" : 0.0,
		"ngimu_r2/acc/x/qom/norm" : 0.0,
		"ngimu_r2/acc/x/qom/raw" : 0.0,
		"ngimu_r2/acc/y/active" : 1.0,
		"ngimu_r2/acc/y/norm" : 0.0,
		"ngimu_r2/acc/y/raw" : 0.0,
		"ngimu_r2/acc/y/qom/norm" : 0.0,
		"ngimu_r2/acc/y/qom/raw" : 0.0,
		"ngimu_r2/acc/z/active" : 1.0,
		"ngimu_r2/acc/z/norm" : 0.0,
		"ngimu_r2/acc/z/raw" : 0.0,
		"ngimu_r2/acc/z/qom/norm" : 0.0,
		"ngimu_r2/acc/z/qom/raw" : 0.0,
		"ngimu_r2/altitude/active" : 1.0,
		"ngimu_r2/altitude/preview" : 0.0,
		"ngimu_r2/altitude/raw" : 0.0,
		"ngimu_r2/battery/charge" : 0.0,
		"ngimu_r2/battery/current" : 0.0,
		"ngimu_r2/battery/percentage" : 0.0,
		"ngimu_r2/battery/time" : 0.0,
		"ngimu_r2/battery/voltage" : 0.0,
		"ngimu_r2/earth/preview" : 0.0,
		"ngimu_r2/earth/x/active" : 1.0,
		"ngimu_r2/earth/x/norm" : 0.0,
		"ngimu_r2/earth/x/raw" : 0.0,
		"ngimu_r2/earth/y/active" : 1.0,
		"ngimu_r2/earth/y/norm" : 0.0,
		"ngimu_r2/earth/y/raw" : 0.0,
		"ngimu_r2/earth/z/active" : 1.0,
		"ngimu_r2/earth/z/norm" : 0.0,
		"ngimu_r2/earth/z/raw" : 0.0,
		"ngimu_r2/euler/preview" : 0.0,
		"ngimu_r2/euler/pitch/active" : 1.0,
		"ngimu_r2/euler/pitch/norm" : 0.0,
		"ngimu_r2/euler/pitch/raw" : 0.0,
		"ngimu_r2/euler/roll/active" : 1.0,
		"ngimu_r2/euler/roll/norm" : 0.0,
		"ngimu_r2/euler/roll/raw" : 0.0,
		"ngimu_r2/euler/yaw/active" : 1.0,
		"ngimu_r2/euler/yaw/norm" : 0.0,
		"ngimu_r2/euler/yaw/raw" : 0.0,
		"ngimu_r2/gyro/preview" : 0.0,
		"ngimu_r2/gyro/magnitude/active" : 1.0,
		"ngimu_r2/gyro/magnitude/norm" : 0.0,
		"ngimu_r2/gyro/magnitude/raw" : 0.0,
		"ngimu_r2/gyro/qom/norm" : 0.0,
		"ngimu_r2/gyro/qom/raw" : 0.0,
		"ngimu_r2/gyro/x/active" : 1.0,
		"ngimu_r2/gyro/x/norm" : 0.0,
		"ngimu_r2/gyro/x/raw" : 0.0,
		"ngimu_r2/gyro/x/qom/norm" : 0.0,
		"ngimu_r2/gyro/x/qom/raw" : 0.0,
		"ngimu_r2/gyro/y/active" : 1.0,
		"ngimu_r2/gyro/y/norm" : 0.0,
		"ngimu_r2/gyro/y/raw" : 0.0,
		"ngimu_r2/gyro/y/qom/norm" : 0.0,
		"ngimu_r2/gyro/y/qom/raw" : 0.0,
		"ngimu_r2/gyro/z/active" : 1.0,
		"ngimu_r2/gyro/z/norm" : 0.0,
		"ngimu_r2/gyro/z/raw" : 0.0,
		"ngimu_r2/gyro/z/qom/norm" : 0.0,
		"ngimu_r2/gyro/z/qom/raw" : 0.0,
		"ngimu_r2/linear/preview" : 0.0,
		"ngimu_r2/linear/x/active" : 1.0,
		"ngimu_r2/linear/x/norm" : 0.0,
		"ngimu_r2/linear/x/raw" : 0.0,
		"ngimu_r2/linear/y/active" : 1.0,
		"ngimu_r2/linear/y/norm" : 0.0,
		"ngimu_r2/linear/y/raw" : 0.0,
		"ngimu_r2/linear/z/active" : 1.0,
		"ngimu_r2/linear/z/norm" : 0.0,
		"ngimu_r2/linear/z/raw" : 0.0,
		"ngimu_r2/mag/preview" : 0.0,
		"ngimu_r2/mag/qom" : 0.0,
		"ngimu_r2/mag/magnitude/active" : 1.0,
		"ngimu_r2/mag/magnitude/raw" : 0.0,
		"ngimu_r2/mag/magnitude/scaled" : 0.0,
		"ngimu_r2/mag/x/active" : 1.0,
		"ngimu_r2/mag/x/qom" : 0.0,
		"ngimu_r2/mag/x/raw" : 0.0,
		"ngimu_r2/mag/y/active" : 1.0,
		"ngimu_r2/mag/y/qom" : 0.0,
		"ngimu_r2/mag/y/raw" : 0.0,
		"ngimu_r2/mag/z/active" : 1.0,
		"ngimu_r2/mag/z/qom" : 0.0,
		"ngimu_r2/mag/z/raw" : 0.0,
		"ngimu_r2/magnitudes/preview" : 0.0,
		"ngimu_r2/matrix/preview" : 0.0,
		"ngimu_r2/matrix/xx/active" : 1.0,
		"ngimu_r2/matrix/xx/raw" : 0.0,
		"ngimu_r2/matrix/xy/active" : 1.0,
		"ngimu_r2/matrix/xy/raw" : 0.0,
		"ngimu_r2/matrix/xz/active" : 1.0,
		"ngimu_r2/matrix/xz/raw" : 0.0,
		"ngimu_r2/matrix/yx/active" : 1.0,
		"ngimu_r2/matrix/yx/raw" : 0.0,
		"ngimu_r2/matrix/yy/active" : 1.0,
		"ngimu_r2/matrix/yy/raw" : 0.0,
		"ngimu_r2/matrix/yz/active" : 1.0,
		"ngimu_r2/matrix/yz/raw" : 0.0,
		"ngimu_r2/matrix/zx/active" : 1.0,
		"ngimu_r2/matrix/zx/raw" : 0.0,
		"ngimu_r2/matrix/zy/active" : 1.0,
		"ngimu_r2/matrix/zy/raw" : 0.0,
		"ngimu_r2/matrix/zz/active" : 1.0,
		"ngimu_r2/matrix/zz/raw" : 0.0,
		"ngimu_r2/port/in" : 8000,
		"ngimu_r2/quaternion/preview" : 0.0,
		"ngimu_r2/quaternion/w/active" : 1.0,
		"ngimu_r2/quaternion/w/raw" : 0.0,
		"ngimu_r2/quaternion/x/active" : 1.0,
		"ngimu_r2/quaternion/x/raw" : 0.0,
		"ngimu_r2/quaternion/y/active" : 1.0,
		"ngimu_r2/quaternion/y/raw" : 0.0,
		"ngimu_r2/quaternion/z/active" : 1.0,
		"ngimu_r2/quaternion/z/raw" : 0.0,
		"ngimu_r2/rssi/dbm" : 0.0,
		"ngimu_r2/rssi/dbm/active" : 1.0,
		"ngimu_r2/rssi/percent" : 0.0,
		"ngimu_r2/rssi/percent/active" : 1.0,
		"ngimu_r2/temperature/processor" : 0.0,
		"ngimu_r2/temperature/processor/active" : 1.0,
		"ngimu_r2/temperature/sensors" : 0.0,
		"ngimu_r2/temperature/sensors/active" : 1.0,
		"oscoutput1/address" : "127.0.0.1",
		"oscoutput1/oscoutput1-oscroute/abs" : 0.0,
		"oscoutput1/oscoutput1-oscroute/abs2" : 0.0,
		"oscoutput1/oscoutput1-oscroute/namespacebrowser/nodeAddress" : "/navrand1/out/final/float",
		"oscoutput1/oscoutput1-oscroute/offset" : 0.0,
		"oscoutput1/oscoutput1-oscroute/offset2" : 0.0,
		"oscoutput1/oscoutput1-oscroute/scalebypass" : 1.0,
		"oscoutput1/oscoutput1-oscroute/settingList" : [ 1, 0.0, 0.0, 0.0, "s", 0, "s", 0.0, "s", 0.0, "s", "s" ],
		"oscoutput1/oscoutput1-oscroute/input/max" : 1.0,
		"oscoutput1/oscoutput1-oscroute/input/min" : 0.0,
		"oscoutput1/oscoutput1-oscroute/output/max" : 1.0,
		"oscoutput1/oscoutput1-oscroute/output/min" : 0.0,
		"oscoutput1/port" : 8801,
		"oscoutput1/prepend" : "/value/",
		"oscoutput10/address" : "127.0.0.1",
		"oscoutput10/oscoutput10-oscroute/abs" : 0.0,
		"oscoutput10/oscoutput10-oscroute/abs2" : 0.0,
		"oscoutput10/oscoutput10-oscroute/namespacebrowser/nodeAddress" : "none",
		"oscoutput10/oscoutput10-oscroute/offset" : 0.0,
		"oscoutput10/oscoutput10-oscroute/offset2" : 0.0,
		"oscoutput10/oscoutput10-oscroute/scalebypass" : 1.0,
		"oscoutput10/oscoutput10-oscroute/input/max" : 1.0,
		"oscoutput10/oscoutput10-oscroute/input/min" : 0.0,
		"oscoutput10/oscoutput10-oscroute/output/max" : 1.0,
		"oscoutput10/oscoutput10-oscroute/output/min" : 0.0,
		"oscoutput10/port" : 8810,
		"oscoutput10/prepend" : "/value/",
		"oscoutput11/address" : "127.0.0.1",
		"oscoutput11/oscoutput11-oscroute/abs" : 0.0,
		"oscoutput11/oscoutput11-oscroute/abs2" : 0.0,
		"oscoutput11/oscoutput11-oscroute/namespacebrowser/nodeAddress" : "none",
		"oscoutput11/oscoutput11-oscroute/offset" : 0.0,
		"oscoutput11/oscoutput11-oscroute/offset2" : 0.0,
		"oscoutput11/oscoutput11-oscroute/scalebypass" : 1.0,
		"oscoutput11/oscoutput11-oscroute/input/max" : 1.0,
		"oscoutput11/oscoutput11-oscroute/input/min" : 0.0,
		"oscoutput11/oscoutput11-oscroute/output/max" : 1.0,
		"oscoutput11/oscoutput11-oscroute/output/min" : 0.0,
		"oscoutput11/port" : 8811,
		"oscoutput11/prepend" : "/value/",
		"oscoutput12/address" : "127.0.0.1",
		"oscoutput12/oscoutput12-oscroute/abs" : 0.0,
		"oscoutput12/oscoutput12-oscroute/abs2" : 0.0,
		"oscoutput12/oscoutput12-oscroute/namespacebrowser/nodeAddress" : "none",
		"oscoutput12/oscoutput12-oscroute/offset" : 0.0,
		"oscoutput12/oscoutput12-oscroute/offset2" : 0.0,
		"oscoutput12/oscoutput12-oscroute/scalebypass" : 1.0,
		"oscoutput12/oscoutput12-oscroute/input/max" : 1.0,
		"oscoutput12/oscoutput12-oscroute/input/min" : 0.0,
		"oscoutput12/oscoutput12-oscroute/output/max" : 1.0,
		"oscoutput12/oscoutput12-oscroute/output/min" : 0.0,
		"oscoutput12/port" : 8812,
		"oscoutput12/prepend" : "/value/",
		"oscoutput13/address" : "127.0.0.1",
		"oscoutput13/oscoutput13-oscroute/abs" : 0.0,
		"oscoutput13/oscoutput13-oscroute/abs2" : 0.0,
		"oscoutput13/oscoutput13-oscroute/namespacebrowser/nodeAddress" : "none",
		"oscoutput13/oscoutput13-oscroute/offset" : 0.0,
		"oscoutput13/oscoutput13-oscroute/offset2" : 0.0,
		"oscoutput13/oscoutput13-oscroute/scalebypass" : 1.0,
		"oscoutput13/oscoutput13-oscroute/input/max" : 1.0,
		"oscoutput13/oscoutput13-oscroute/input/min" : 0.0,
		"oscoutput13/oscoutput13-oscroute/output/max" : 1.0,
		"oscoutput13/oscoutput13-oscroute/output/min" : 0.0,
		"oscoutput13/port" : 8813,
		"oscoutput13/prepend" : "/value/",
		"oscoutput14/address" : "127.0.0.1",
		"oscoutput14/oscoutput14-oscroute/abs" : 0.0,
		"oscoutput14/oscoutput14-oscroute/abs2" : 0.0,
		"oscoutput14/oscoutput14-oscroute/namespacebrowser/nodeAddress" : "none",
		"oscoutput14/oscoutput14-oscroute/offset" : 0.0,
		"oscoutput14/oscoutput14-oscroute/offset2" : 0.0,
		"oscoutput14/oscoutput14-oscroute/scalebypass" : 1.0,
		"oscoutput14/oscoutput14-oscroute/input/max" : 1.0,
		"oscoutput14/oscoutput14-oscroute/input/min" : 0.0,
		"oscoutput14/oscoutput14-oscroute/output/max" : 1.0,
		"oscoutput14/oscoutput14-oscroute/output/min" : 0.0,
		"oscoutput14/port" : 8814,
		"oscoutput14/prepend" : "/value/",
		"oscoutput15/address" : "127.0.0.1",
		"oscoutput15/oscoutput15-oscroute/abs" : 0.0,
		"oscoutput15/oscoutput15-oscroute/abs2" : 0.0,
		"oscoutput15/oscoutput15-oscroute/namespacebrowser/nodeAddress" : "none",
		"oscoutput15/oscoutput15-oscroute/offset" : 0.0,
		"oscoutput15/oscoutput15-oscroute/offset2" : 0.0,
		"oscoutput15/oscoutput15-oscroute/scalebypass" : 1.0,
		"oscoutput15/oscoutput15-oscroute/input/max" : 1.0,
		"oscoutput15/oscoutput15-oscroute/input/min" : 0.0,
		"oscoutput15/oscoutput15-oscroute/output/max" : 1.0,
		"oscoutput15/oscoutput15-oscroute/output/min" : 0.0,
		"oscoutput15/port" : 8815,
		"oscoutput15/prepend" : "/value/",
		"oscoutput16/address" : "127.0.0.1",
		"oscoutput16/oscoutput16-oscroute/abs" : 0.0,
		"oscoutput16/oscoutput16-oscroute/abs2" : 0.0,
		"oscoutput16/oscoutput16-oscroute/namespacebrowser/nodeAddress" : "none",
		"oscoutput16/oscoutput16-oscroute/offset" : 0.0,
		"oscoutput16/oscoutput16-oscroute/offset2" : 0.0,
		"oscoutput16/oscoutput16-oscroute/scalebypass" : 1.0,
		"oscoutput16/oscoutput16-oscroute/input/max" : 1.0,
		"oscoutput16/oscoutput16-oscroute/input/min" : 0.0,
		"oscoutput16/oscoutput16-oscroute/output/max" : 1.0,
		"oscoutput16/oscoutput16-oscroute/output/min" : 0.0,
		"oscoutput16/port" : 8816,
		"oscoutput16/prepend" : "/value/",
		"oscoutput2/address" : "127.0.0.1",
		"oscoutput2/oscoutput2-oscroute/abs" : 0.0,
		"oscoutput2/oscoutput2-oscroute/abs2" : 0.0,
		"oscoutput2/oscoutput2-oscroute/namespacebrowser/nodeAddress" : "none",
		"oscoutput2/oscoutput2-oscroute/offset" : 0.0,
		"oscoutput2/oscoutput2-oscroute/offset2" : 0.0,
		"oscoutput2/oscoutput2-oscroute/scalebypass" : 1.0,
		"oscoutput2/oscoutput2-oscroute/input/max" : 1.0,
		"oscoutput2/oscoutput2-oscroute/input/min" : 0.0,
		"oscoutput2/oscoutput2-oscroute/output/max" : 1.0,
		"oscoutput2/oscoutput2-oscroute/output/min" : 0.0,
		"oscoutput2/port" : 8802,
		"oscoutput2/prepend" : "/value/",
		"oscoutput3/address" : "127.0.0.1",
		"oscoutput3/oscoutput3-oscroute/abs" : 0.0,
		"oscoutput3/oscoutput3-oscroute/abs2" : 0.0,
		"oscoutput3/oscoutput3-oscroute/namespacebrowser/nodeAddress" : "none",
		"oscoutput3/oscoutput3-oscroute/offset" : 0.0,
		"oscoutput3/oscoutput3-oscroute/offset2" : 0.0,
		"oscoutput3/oscoutput3-oscroute/scalebypass" : 1.0,
		"oscoutput3/oscoutput3-oscroute/input/max" : 1.0,
		"oscoutput3/oscoutput3-oscroute/input/min" : 0.0,
		"oscoutput3/oscoutput3-oscroute/output/max" : 1.0,
		"oscoutput3/oscoutput3-oscroute/output/min" : 0.0,
		"oscoutput3/port" : 8803,
		"oscoutput3/prepend" : "/value/",
		"oscoutput4/address" : "127.0.0.1",
		"oscoutput4/oscoutput4-oscroute/abs" : 0.0,
		"oscoutput4/oscoutput4-oscroute/abs2" : 0.0,
		"oscoutput4/oscoutput4-oscroute/namespacebrowser/nodeAddress" : "none",
		"oscoutput4/oscoutput4-oscroute/offset" : 0.0,
		"oscoutput4/oscoutput4-oscroute/offset2" : 0.0,
		"oscoutput4/oscoutput4-oscroute/scalebypass" : 1.0,
		"oscoutput4/oscoutput4-oscroute/input/max" : 1.0,
		"oscoutput4/oscoutput4-oscroute/input/min" : 0.0,
		"oscoutput4/oscoutput4-oscroute/output/max" : 1.0,
		"oscoutput4/oscoutput4-oscroute/output/min" : 0.0,
		"oscoutput4/port" : 8804,
		"oscoutput4/prepend" : "/value/",
		"oscoutput5/address" : "127.0.0.1",
		"oscoutput5/oscoutput5-oscroute/abs" : 0.0,
		"oscoutput5/oscoutput5-oscroute/abs2" : 0.0,
		"oscoutput5/oscoutput5-oscroute/namespacebrowser/nodeAddress" : "none",
		"oscoutput5/oscoutput5-oscroute/offset" : 0.0,
		"oscoutput5/oscoutput5-oscroute/offset2" : 0.0,
		"oscoutput5/oscoutput5-oscroute/scalebypass" : 1.0,
		"oscoutput5/oscoutput5-oscroute/input/max" : 1.0,
		"oscoutput5/oscoutput5-oscroute/input/min" : 0.0,
		"oscoutput5/oscoutput5-oscroute/output/max" : 1.0,
		"oscoutput5/oscoutput5-oscroute/output/min" : 0.0,
		"oscoutput5/port" : 8805,
		"oscoutput5/prepend" : "/value/",
		"oscoutput6/address" : "127.0.0.1",
		"oscoutput6/oscoutput6-oscroute/abs" : 0.0,
		"oscoutput6/oscoutput6-oscroute/abs2" : 0.0,
		"oscoutput6/oscoutput6-oscroute/namespacebrowser/nodeAddress" : "none",
		"oscoutput6/oscoutput6-oscroute/offset" : 0.0,
		"oscoutput6/oscoutput6-oscroute/offset2" : 0.0,
		"oscoutput6/oscoutput6-oscroute/scalebypass" : 1.0,
		"oscoutput6/oscoutput6-oscroute/input/max" : 1.0,
		"oscoutput6/oscoutput6-oscroute/input/min" : 0.0,
		"oscoutput6/oscoutput6-oscroute/output/max" : 1.0,
		"oscoutput6/oscoutput6-oscroute/output/min" : 0.0,
		"oscoutput6/port" : 8806,
		"oscoutput6/prepend" : "/value/",
		"oscoutput7/address" : "127.0.0.1",
		"oscoutput7/oscoutput7-oscroute/abs" : 0.0,
		"oscoutput7/oscoutput7-oscroute/abs2" : 0.0,
		"oscoutput7/oscoutput7-oscroute/namespacebrowser/nodeAddress" : "none",
		"oscoutput7/oscoutput7-oscroute/offset" : 0.0,
		"oscoutput7/oscoutput7-oscroute/offset2" : 0.0,
		"oscoutput7/oscoutput7-oscroute/scalebypass" : 1.0,
		"oscoutput7/oscoutput7-oscroute/input/max" : 1.0,
		"oscoutput7/oscoutput7-oscroute/input/min" : 0.0,
		"oscoutput7/oscoutput7-oscroute/output/max" : 1.0,
		"oscoutput7/oscoutput7-oscroute/output/min" : 0.0,
		"oscoutput7/port" : 8807,
		"oscoutput7/prepend" : "/value/",
		"oscoutput8/address" : "127.0.0.1",
		"oscoutput8/oscoutput8-oscroute/abs" : 0.0,
		"oscoutput8/oscoutput8-oscroute/abs2" : 0.0,
		"oscoutput8/oscoutput8-oscroute/namespacebrowser/nodeAddress" : "none",
		"oscoutput8/oscoutput8-oscroute/offset" : 0.0,
		"oscoutput8/oscoutput8-oscroute/offset2" : 0.0,
		"oscoutput8/oscoutput8-oscroute/scalebypass" : 1.0,
		"oscoutput8/oscoutput8-oscroute/input/max" : 1.0,
		"oscoutput8/oscoutput8-oscroute/input/min" : 0.0,
		"oscoutput8/oscoutput8-oscroute/output/max" : 1.0,
		"oscoutput8/oscoutput8-oscroute/output/min" : 0.0,
		"oscoutput8/port" : 8808,
		"oscoutput8/prepend" : "/value/",
		"oscoutput9/address" : "127.0.0.1",
		"oscoutput9/oscoutput9-oscroute/abs" : 0.0,
		"oscoutput9/oscoutput9-oscroute/abs2" : 0.0,
		"oscoutput9/oscoutput9-oscroute/namespacebrowser/nodeAddress" : "none",
		"oscoutput9/oscoutput9-oscroute/offset" : 0.0,
		"oscoutput9/oscoutput9-oscroute/offset2" : 0.0,
		"oscoutput9/oscoutput9-oscroute/scalebypass" : 1.0,
		"oscoutput9/oscoutput9-oscroute/input/max" : 1.0,
		"oscoutput9/oscoutput9-oscroute/input/min" : 0.0,
		"oscoutput9/oscoutput9-oscroute/output/max" : 1.0,
		"oscoutput9/oscoutput9-oscroute/output/min" : 0.0,
		"oscoutput9/port" : 8809,
		"oscoutput9/prepend" : "/value/",
		"wheel/acc/avg" : 0.0,
		"wheel/acc/qom" : 0.0,
		"wheel/acc/qom2" : 0.0,
		"wheel/acc/shake" : 0.0,
		"wheel/acc/trig" : 0,
		"wheel/acc/x" : 0.0,
		"wheel/acc/y" : 0.0,
		"wheel/acc/z" : 0.0,
		"wheel/gyro/absSum" : 0.0,
		"wheel/gyro/avg" : 0.0,
		"wheel/gyro/spin" : 0.0,
		"wheel/gyro/weightedSpin" : 0.0,
		"wheel/gyro/x" : 0.0,
		"wheel/gyro/y" : 0.0,
		"wheel/gyro/z" : 0.0,
		"wheel2/acc/avg" : 0.0,
		"wheel2/acc/qom" : 0.0,
		"wheel2/acc/qom2" : 0.0,
		"wheel2/acc/shake" : 0.0,
		"wheel2/acc/trig" : 0,
		"wheel2/acc/x" : 0.0,
		"wheel2/acc/y" : 0.0,
		"wheel2/acc/z" : 0.0,
		"wheel2/gyro/absSum" : 0.0,
		"wheel2/gyro/avg" : 0.0,
		"wheel2/gyro/spin" : 0.0,
		"wheel2/gyro/weightedSpin" : 0.0,
		"wheel2/gyro/x" : 0.0,
		"wheel2/gyro/y" : 0.0,
		"wheel2/gyro/z" : 0.0,
		"wheel3/acc/avg" : 0.520759,
		"wheel3/acc/qom" : 0.003056,
		"wheel3/acc/qom2" : 0.007431,
		"wheel3/acc/shake" : 0.0,
		"wheel3/acc/trig" : 0,
		"wheel3/acc/x" : 0.112461,
		"wheel3/acc/y" : -0.182995,
		"wheel3/acc/z" : 0.444204,
		"wheel3/gyro/absSum" : 0.001826,
		"wheel3/gyro/avg" : 0.123812,
		"wheel3/gyro/spin" : 0.0,
		"wheel3/gyro/weightedSpin" : 0.001781,
		"wheel3/gyro/x" : 0.006027,
		"wheel3/gyro/y" : 0.004284,
		"wheel3/gyro/z" : -0.054823
	}

}
