{
	"cue4" : 	{
		"navrand1/grain" : 10,
		"navrand1/interpolate" : 500,
		"navrand1/max" : 1.0,
		"navrand1/min" : 0.0,
		"navrand1/on" : 1.0,
		"navrand1/step" : 1.0,
		"navrand1/out/pre-interpolation" : 0.122,
		"navrand1/out/final/float" : 0.122,
		"navrand1/out/final/int" : 122,
		"navrand1/rate/max" : 1000,
		"navrand1/rate/min" : 30,
		"navrand2/grain" : 10,
		"navrand2/interpolate" : 500,
		"navrand2/max" : 1.0,
		"navrand2/min" : 0.0,
		"navrand2/on" : 0.0,
		"navrand2/step" : 1.0,
		"navrand2/out/pre-interpolation" : 0.0,
		"navrand2/out/final/float" : 0.0,
		"navrand2/out/final/int" : 0,
		"navrand2/rate/max" : 1000,
		"navrand2/rate/min" : 30,
		"navrand3/grain" : 10,
		"navrand3/interpolate" : 500,
		"navrand3/max" : 1.0,
		"navrand3/min" : 0.0,
		"navrand3/on" : 0.0,
		"navrand3/step" : 1.0,
		"navrand3/out/pre-interpolation" : 0.0,
		"navrand3/out/final/float" : 0.0,
		"navrand3/out/final/int" : 0,
		"navrand3/rate/max" : 1000,
		"navrand3/rate/min" : 30,
		"navrand4/grain" : 10,
		"navrand4/interpolate" : 500,
		"navrand4/max" : 1.0,
		"navrand4/min" : 0.0,
		"navrand4/on" : 0.0,
		"navrand4/step" : 1.0,
		"navrand4/out/pre-interpolation" : 0.0,
		"navrand4/out/final/float" : 0.0,
		"navrand4/out/final/int" : 0,
		"navrand4/rate/max" : 1000,
		"navrand4/rate/min" : 30,
		"navrand5/grain" : 10,
		"navrand5/interpolate" : 500,
		"navrand5/max" : 1.0,
		"navrand5/min" : 0.0,
		"navrand5/on" : 0.0,
		"navrand5/step" : 1.0,
		"navrand5/out/pre-interpolation" : 0.0,
		"navrand5/out/final/float" : 0.0,
		"navrand5/out/final/int" : 0,
		"navrand5/rate/max" : 1000,
		"navrand5/rate/min" : 30,
		"navrand6/grain" : 10,
		"navrand6/interpolate" : 500,
		"navrand6/max" : 1.0,
		"navrand6/min" : 0.0,
		"navrand6/on" : 0.0,
		"navrand6/step" : 1.0,
		"navrand6/out/pre-interpolation" : 0.0,
		"navrand6/out/final/float" : 0.0,
		"navrand6/out/final/int" : 0,
		"navrand6/rate/max" : 1000,
		"navrand6/rate/min" : 30,
		"navrand7/grain" : 10,
		"navrand7/interpolate" : 500,
		"navrand7/max" : 1.0,
		"navrand7/min" : 0.0,
		"navrand7/on" : 0.0,
		"navrand7/step" : 1.0,
		"navrand7/out/pre-interpolation" : 0.0,
		"navrand7/out/final/float" : 0.0,
		"navrand7/out/final/int" : 0,
		"navrand7/rate/max" : 1000,
		"navrand7/rate/min" : 30,
		"navrand8/grain" : 10,
		"navrand8/interpolate" : 500,
		"navrand8/max" : 1.0,
		"navrand8/min" : 0.0,
		"navrand8/on" : 0.0,
		"navrand8/step" : 1.0,
		"navrand8/out/pre-interpolation" : 0.0,
		"navrand8/out/final/float" : 0.0,
		"navrand8/out/final/int" : 0,
		"navrand8/rate/max" : 1000,
		"navrand8/rate/min" : 30,
		"ngimu_r1/barometer" : 1006.557189999999991,
		"ngimu_r1/barometer/active" : 1.0,
		"ngimu_r1/acc/pitch" : 0.408773,
		"ngimu_r1/acc/pitch/active" : 1.0,
		"ngimu_r1/acc/pitch/invert" : 0.0,
		"ngimu_r1/acc/pitch/offset" : 0.0,
		"ngimu_r1/acc/preview" : 1.0,
		"ngimu_r1/acc/roll" : 0.223233,
		"ngimu_r1/acc/roll/active" : 1.0,
		"ngimu_r1/acc/roll/invert" : 0.0,
		"ngimu_r1/acc/roll/offset" : 0.0,
		"ngimu_r1/acc/magnitude/active" : 1.0,
		"ngimu_r1/acc/magnitude/norm" : 0.0,
		"ngimu_r1/acc/magnitude/raw" : 0.0,
		"ngimu_r1/acc/orientation/preview" : 0.0,
		"ngimu_r1/acc/qom/norm" : 0.00031,
		"ngimu_r1/acc/qom/raw" : -0.205818,
		"ngimu_r1/acc/x/active" : 1.0,
		"ngimu_r1/acc/x/norm" : 0.02164,
		"ngimu_r1/acc/x/raw" : 0.346238,
		"ngimu_r1/acc/x/qom/norm" : 0.00031,
		"ngimu_r1/acc/x/qom/raw" : 0.009935,
		"ngimu_r1/acc/y/active" : 1.0,
		"ngimu_r1/acc/y/norm" : -0.058474,
		"ngimu_r1/acc/y/raw" : -0.935578,
		"ngimu_r1/acc/y/qom/norm" : 0.000909,
		"ngimu_r1/acc/y/qom/raw" : 0.029089,
		"ngimu_r1/acc/z/active" : 1.0,
		"ngimu_r1/acc/z/norm" : -0.009042,
		"ngimu_r1/acc/z/raw" : -0.144672,
		"ngimu_r1/acc/z/qom/norm" : 0.000469,
		"ngimu_r1/acc/z/qom/raw" : 0.015002,
		"ngimu_r1/altitude/active" : 1.0,
		"ngimu_r1/altitude/preview" : 0.0,
		"ngimu_r1/altitude/raw" : 57.770878000000003,
		"ngimu_r1/battery/charge" : 0.0,
		"ngimu_r1/battery/current" : 262.1875,
		"ngimu_r1/battery/percentage" : 0.926133,
		"ngimu_r1/battery/time" : 159.9375,
		"ngimu_r1/battery/voltage" : 4.046875,
		"ngimu_r1/earth/preview" : 0.0,
		"ngimu_r1/earth/x/active" : 1.0,
		"ngimu_r1/earth/x/norm" : 0.0,
		"ngimu_r1/earth/x/raw" : 0.0,
		"ngimu_r1/earth/y/active" : 1.0,
		"ngimu_r1/earth/y/norm" : 0.0,
		"ngimu_r1/earth/y/raw" : 0.0,
		"ngimu_r1/earth/z/active" : 1.0,
		"ngimu_r1/earth/z/norm" : 0.0,
		"ngimu_r1/earth/z/raw" : 0.0,
		"ngimu_r1/euler/preview" : 0.0,
		"ngimu_r1/euler/pitch/active" : 1.0,
		"ngimu_r1/euler/pitch/norm" : -0.110078,
		"ngimu_r1/euler/pitch/raw" : -19.813986,
		"ngimu_r1/euler/roll/active" : 1.0,
		"ngimu_r1/euler/roll/norm" : -0.551827,
		"ngimu_r1/euler/roll/raw" : -99.328818999999996,
		"ngimu_r1/euler/yaw/active" : 1.0,
		"ngimu_r1/euler/yaw/norm" : -0.656374,
		"ngimu_r1/euler/yaw/raw" : -118.147255000000001,
		"ngimu_r1/gyro/preview" : 0.0,
		"ngimu_r1/gyro/magnitude/active" : 1.0,
		"ngimu_r1/gyro/magnitude/norm" : 0.0,
		"ngimu_r1/gyro/magnitude/raw" : 0.0,
		"ngimu_r1/gyro/qom/norm" : 0.001115,
		"ngimu_r1/gyro/qom/raw" : 11.978107,
		"ngimu_r1/gyro/x/active" : 1.0,
		"ngimu_r1/gyro/x/norm" : -0.000019,
		"ngimu_r1/gyro/x/raw" : -0.038276,
		"ngimu_r1/gyro/x/qom/norm" : 0.000994,
		"ngimu_r1/gyro/x/qom/raw" : 3.992702,
		"ngimu_r1/gyro/y/active" : 1.0,
		"ngimu_r1/gyro/y/norm" : 0.000102,
		"ngimu_r1/gyro/y/raw" : 0.204898,
		"ngimu_r1/gyro/y/qom/norm" : 0.001257,
		"ngimu_r1/gyro/y/qom/raw" : 5.049536,
		"ngimu_r1/gyro/z/active" : 1.0,
		"ngimu_r1/gyro/z/norm" : -0.000065,
		"ngimu_r1/gyro/z/raw" : -0.131463,
		"ngimu_r1/gyro/z/qom/norm" : 0.000198,
		"ngimu_r1/gyro/z/qom/raw" : 0.7959,
		"ngimu_r1/linear/preview" : 0.0,
		"ngimu_r1/linear/x/active" : 1.0,
		"ngimu_r1/linear/x/norm" : 0.0,
		"ngimu_r1/linear/x/raw" : 0.0,
		"ngimu_r1/linear/y/active" : 1.0,
		"ngimu_r1/linear/y/norm" : 0.0,
		"ngimu_r1/linear/y/raw" : 0.0,
		"ngimu_r1/linear/z/active" : 1.0,
		"ngimu_r1/linear/z/norm" : 0.0,
		"ngimu_r1/linear/z/raw" : 0.0,
		"ngimu_r1/mag/preview" : 1.0,
		"ngimu_r1/mag/qom" : 0.0,
		"ngimu_r1/mag/magnitude/active" : 1.0,
		"ngimu_r1/mag/magnitude/raw" : 0.0,
		"ngimu_r1/mag/magnitude/scaled" : 0.0,
		"ngimu_r1/mag/x/active" : 1.0,
		"ngimu_r1/mag/x/qom" : 0.0,
		"ngimu_r1/mag/x/raw" : -14.082912,
		"ngimu_r1/mag/y/active" : 1.0,
		"ngimu_r1/mag/y/qom" : 0.0,
		"ngimu_r1/mag/y/raw" : 26.579920000000001,
		"ngimu_r1/mag/z/active" : 1.0,
		"ngimu_r1/mag/z/qom" : 0.0,
		"ngimu_r1/mag/z/raw" : 11.446402000000001,
		"ngimu_r1/magnitudes/preview" : 0.0,
		"ngimu_r1/matrix/preview" : 0.0,
		"ngimu_r1/matrix/xx/active" : 1.0,
		"ngimu_r1/matrix/xx/raw" : 0.0,
		"ngimu_r1/matrix/xy/active" : 1.0,
		"ngimu_r1/matrix/xy/raw" : 0.0,
		"ngimu_r1/matrix/xz/active" : 1.0,
		"ngimu_r1/matrix/xz/raw" : 0.0,
		"ngimu_r1/matrix/yx/active" : 1.0,
		"ngimu_r1/matrix/yx/raw" : 0.0,
		"ngimu_r1/matrix/yy/active" : 1.0,
		"ngimu_r1/matrix/yy/raw" : 0.0,
		"ngimu_r1/matrix/yz/active" : 1.0,
		"ngimu_r1/matrix/yz/raw" : 0.0,
		"ngimu_r1/matrix/zx/active" : 1.0,
		"ngimu_r1/matrix/zx/raw" : 0.0,
		"ngimu_r1/matrix/zy/active" : 1.0,
		"ngimu_r1/matrix/zy/raw" : 0.0,
		"ngimu_r1/matrix/zz/active" : 1.0,
		"ngimu_r1/matrix/zz/raw" : 0.0,
		"ngimu_r1/port/in" : 7800,
		"ngimu_r1/quaternion/preview" : 0.0,
		"ngimu_r1/quaternion/w/active" : 1.0,
		"ngimu_r1/quaternion/w/raw" : -0.242373,
		"ngimu_r1/quaternion/x/active" : 1.0,
		"ngimu_r1/quaternion/x/raw" : 0.899324,
		"ngimu_r1/quaternion/y/active" : 1.0,
		"ngimu_r1/quaternion/y/raw" : -0.015259,
		"ngimu_r1/quaternion/z/active" : 1.0,
		"ngimu_r1/quaternion/z/raw" : -0.358979,
		"ngimu_r1/rssi/dbm" : 0.0,
		"ngimu_r1/rssi/dbm/active" : 1.0,
		"ngimu_r1/rssi/percent" : 0.0,
		"ngimu_r1/rssi/percent/active" : 1.0,
		"ngimu_r1/temperature/processor" : 38.984000999999999,
		"ngimu_r1/temperature/processor/active" : 1.0,
		"ngimu_r1/temperature/sensors" : 31.462,
		"ngimu_r1/temperature/sensors/active" : 1.0,
		"ngimu_r2/barometer" : 1006.377380000000016,
		"ngimu_r2/barometer/active" : 1.0,
		"ngimu_r2/acc/pitch" : -0.990281,
		"ngimu_r2/acc/pitch/active" : 1.0,
		"ngimu_r2/acc/pitch/invert" : 0.0,
		"ngimu_r2/acc/pitch/offset" : 0.0,
		"ngimu_r2/acc/preview" : 0.0,
		"ngimu_r2/acc/roll" : 0.53979,
		"ngimu_r2/acc/roll/active" : 1.0,
		"ngimu_r2/acc/roll/invert" : 0.0,
		"ngimu_r2/acc/roll/offset" : 0.0,
		"ngimu_r2/acc/magnitude/active" : 1.0,
		"ngimu_r2/acc/magnitude/norm" : 0.0,
		"ngimu_r2/acc/magnitude/raw" : 0.0,
		"ngimu_r2/acc/orientation/preview" : 0.0,
		"ngimu_r2/acc/qom/norm" : 0.002865,
		"ngimu_r2/acc/qom/raw" : 0.552589,
		"ngimu_r2/acc/x/active" : 1.0,
		"ngimu_r2/acc/x/norm" : 0.001519,
		"ngimu_r2/acc/x/raw" : 0.024297,
		"ngimu_r2/acc/x/qom/norm" : 0.0,
		"ngimu_r2/acc/x/qom/raw" : 0.0,
		"ngimu_r2/acc/y/active" : 1.0,
		"ngimu_r2/acc/y/norm" : 0.002078,
		"ngimu_r2/acc/y/raw" : 0.033242,
		"ngimu_r2/acc/y/qom/norm" : 0.0,
		"ngimu_r2/acc/y/qom/raw" : 0.0,
		"ngimu_r2/acc/z/active" : 1.0,
		"ngimu_r2/acc/z/norm" : 0.06393,
		"ngimu_r2/acc/z/raw" : 1.022879,
		"ngimu_r2/acc/z/qom/norm" : 0.0,
		"ngimu_r2/acc/z/qom/raw" : 0.0,
		"ngimu_r2/altitude/active" : 1.0,
		"ngimu_r2/altitude/preview" : 0.0,
		"ngimu_r2/altitude/raw" : 0.0,
		"ngimu_r2/battery/charge" : 0.0,
		"ngimu_r2/battery/current" : 270.625,
		"ngimu_r2/battery/percentage" : 0.918945,
		"ngimu_r2/battery/time" : 178.40625,
		"ngimu_r2/battery/voltage" : 4.00375,
		"ngimu_r2/earth/preview" : 0.0,
		"ngimu_r2/earth/x/active" : 1.0,
		"ngimu_r2/earth/x/norm" : 0.0,
		"ngimu_r2/earth/x/raw" : 0.0,
		"ngimu_r2/earth/y/active" : 1.0,
		"ngimu_r2/earth/y/norm" : 0.0,
		"ngimu_r2/earth/y/raw" : 0.0,
		"ngimu_r2/earth/z/active" : 1.0,
		"ngimu_r2/earth/z/norm" : 0.0,
		"ngimu_r2/earth/z/raw" : 0.0,
		"ngimu_r2/euler/preview" : 0.0,
		"ngimu_r2/euler/pitch/active" : 1.0,
		"ngimu_r2/euler/pitch/norm" : 0.0,
		"ngimu_r2/euler/pitch/raw" : 0.0,
		"ngimu_r2/euler/roll/active" : 1.0,
		"ngimu_r2/euler/roll/norm" : 0.0,
		"ngimu_r2/euler/roll/raw" : 0.0,
		"ngimu_r2/euler/yaw/active" : 1.0,
		"ngimu_r2/euler/yaw/norm" : 0.0,
		"ngimu_r2/euler/yaw/raw" : 0.0,
		"ngimu_r2/gyro/preview" : 0.0,
		"ngimu_r2/gyro/magnitude/active" : 1.0,
		"ngimu_r2/gyro/magnitude/norm" : 0.0,
		"ngimu_r2/gyro/magnitude/raw" : 0.0,
		"ngimu_r2/gyro/qom/norm" : 0.049541,
		"ngimu_r2/gyro/qom/raw" : 524.065429999999992,
		"ngimu_r2/gyro/x/active" : 1.0,
		"ngimu_r2/gyro/x/norm" : -0.000144,
		"ngimu_r2/gyro/x/raw" : -0.289411,
		"ngimu_r2/gyro/x/qom/norm" : 0.0,
		"ngimu_r2/gyro/x/qom/raw" : 0.0,
		"ngimu_r2/gyro/y/active" : 1.0,
		"ngimu_r2/gyro/y/norm" : 0.000276,
		"ngimu_r2/gyro/y/raw" : 0.55359,
		"ngimu_r2/gyro/y/qom/norm" : 0.0,
		"ngimu_r2/gyro/y/qom/raw" : 0.0,
		"ngimu_r2/gyro/z/active" : 1.0,
		"ngimu_r2/gyro/z/norm" : -0.000019,
		"ngimu_r2/gyro/z/raw" : -0.038576,
		"ngimu_r2/gyro/z/qom/norm" : 0.0,
		"ngimu_r2/gyro/z/qom/raw" : 0.0,
		"ngimu_r2/linear/preview" : 0.0,
		"ngimu_r2/linear/x/active" : 1.0,
		"ngimu_r2/linear/x/norm" : 0.0,
		"ngimu_r2/linear/x/raw" : 0.0,
		"ngimu_r2/linear/y/active" : 1.0,
		"ngimu_r2/linear/y/norm" : 0.0,
		"ngimu_r2/linear/y/raw" : 0.0,
		"ngimu_r2/linear/z/active" : 1.0,
		"ngimu_r2/linear/z/norm" : 0.0,
		"ngimu_r2/linear/z/raw" : 0.0,
		"ngimu_r2/mag/preview" : 0.0,
		"ngimu_r2/mag/qom" : 0.0,
		"ngimu_r2/mag/magnitude/active" : 1.0,
		"ngimu_r2/mag/magnitude/raw" : 0.0,
		"ngimu_r2/mag/magnitude/scaled" : 0.0,
		"ngimu_r2/mag/x/active" : 1.0,
		"ngimu_r2/mag/x/qom" : 0.0,
		"ngimu_r2/mag/x/raw" : 15.192365000000001,
		"ngimu_r2/mag/y/active" : 1.0,
		"ngimu_r2/mag/y/qom" : 0.0,
		"ngimu_r2/mag/y/raw" : 20.656072999999999,
		"ngimu_r2/mag/z/active" : 1.0,
		"ngimu_r2/mag/z/qom" : 0.0,
		"ngimu_r2/mag/z/raw" : -37.262566,
		"ngimu_r2/magnitudes/preview" : 0.0,
		"ngimu_r2/matrix/preview" : 0.0,
		"ngimu_r2/matrix/xx/active" : 1.0,
		"ngimu_r2/matrix/xx/raw" : 0.0,
		"ngimu_r2/matrix/xy/active" : 1.0,
		"ngimu_r2/matrix/xy/raw" : 0.0,
		"ngimu_r2/matrix/xz/active" : 1.0,
		"ngimu_r2/matrix/xz/raw" : 0.0,
		"ngimu_r2/matrix/yx/active" : 1.0,
		"ngimu_r2/matrix/yx/raw" : 0.0,
		"ngimu_r2/matrix/yy/active" : 1.0,
		"ngimu_r2/matrix/yy/raw" : 0.0,
		"ngimu_r2/matrix/yz/active" : 1.0,
		"ngimu_r2/matrix/yz/raw" : 0.0,
		"ngimu_r2/matrix/zx/active" : 1.0,
		"ngimu_r2/matrix/zx/raw" : 0.0,
		"ngimu_r2/matrix/zy/active" : 1.0,
		"ngimu_r2/matrix/zy/raw" : 0.0,
		"ngimu_r2/matrix/zz/active" : 1.0,
		"ngimu_r2/matrix/zz/raw" : 0.0,
		"ngimu_r2/port/in" : 7801,
		"ngimu_r2/quaternion/preview" : 0.0,
		"ngimu_r2/quaternion/w/active" : 1.0,
		"ngimu_r2/quaternion/w/raw" : 0.008966,
		"ngimu_r2/quaternion/x/active" : 1.0,
		"ngimu_r2/quaternion/x/raw" : -0.353248,
		"ngimu_r2/quaternion/y/active" : 1.0,
		"ngimu_r2/quaternion/y/raw" : 0.933682,
		"ngimu_r2/quaternion/z/active" : 1.0,
		"ngimu_r2/quaternion/z/raw" : 0.000841,
		"ngimu_r2/rssi/dbm" : 0.0,
		"ngimu_r2/rssi/dbm/active" : 1.0,
		"ngimu_r2/rssi/percent" : 0.0,
		"ngimu_r2/rssi/percent/active" : 1.0,
		"ngimu_r2/temperature/processor" : 39.472000000000001,
		"ngimu_r2/temperature/processor/active" : 1.0,
		"ngimu_r2/temperature/sensors" : 31.462,
		"ngimu_r2/temperature/sensors/active" : 1.0,
		"oscoutput1/address" : "127.0.0.1",
		"oscoutput1/oscoutput1-oscroute/abs" : 0.0,
		"oscoutput1/oscoutput1-oscroute/abs2" : 0.0,
		"oscoutput1/oscoutput1-oscroute/namespacebrowser/nodeAddress" : "/wheel/gyro/avg",
		"oscoutput1/oscoutput1-oscroute/offset" : 0.0,
		"oscoutput1/oscoutput1-oscroute/offset2" : 0.0,
		"oscoutput1/oscoutput1-oscroute/scalebypass" : 0.0,
		"oscoutput1/oscoutput1-oscroute/settingList" : [ 1, 0.0, 0.0, 0.0, "s", 0, "s", 0.0, "s", 0.0, "s", "s" ],
		"oscoutput1/oscoutput1-oscroute/input/max" : 1.0,
		"oscoutput1/oscoutput1-oscroute/input/min" : 0.0,
		"oscoutput1/oscoutput1-oscroute/output/max" : 1.0,
		"oscoutput1/oscoutput1-oscroute/output/min" : 0.0,
		"oscoutput1/port" : 8801,
		"oscoutput1/prepend" : "/wheel/gyro/avg",
		"oscoutput10/address" : "127.0.0.1",
		"oscoutput10/oscoutput10-oscroute/abs" : 0.0,
		"oscoutput10/oscoutput10-oscroute/abs2" : 0.0,
		"oscoutput10/oscoutput10-oscroute/namespacebrowser/nodeAddress" : "/wheel2/gyro/weightedSpin",
		"oscoutput10/oscoutput10-oscroute/offset" : 0.0,
		"oscoutput10/oscoutput10-oscroute/offset2" : 0.0,
		"oscoutput10/oscoutput10-oscroute/scalebypass" : 1.0,
		"oscoutput10/oscoutput10-oscroute/settingList" : [ 1, 0.0, 0.0, 0.0, "s", 0, "s", 0.0, "s", 0.0, "s", "s" ],
		"oscoutput10/oscoutput10-oscroute/input/max" : 1.0,
		"oscoutput10/oscoutput10-oscroute/input/min" : 0.0,
		"oscoutput10/oscoutput10-oscroute/output/max" : 1.0,
		"oscoutput10/oscoutput10-oscroute/output/min" : 0.0,
		"oscoutput10/port" : 8810,
		"oscoutput10/prepend" : "/wheel2/gyro/weightedSpin",
		"oscoutput11/address" : "127.0.0.1",
		"oscoutput11/oscoutput11-oscroute/abs" : 0.0,
		"oscoutput11/oscoutput11-oscroute/abs2" : 0.0,
		"oscoutput11/oscoutput11-oscroute/namespacebrowser/nodeAddress" : "/wheel2/gyro/spin",
		"oscoutput11/oscoutput11-oscroute/offset" : 0.0,
		"oscoutput11/oscoutput11-oscroute/offset2" : 0.0,
		"oscoutput11/oscoutput11-oscroute/scalebypass" : 1.0,
		"oscoutput11/oscoutput11-oscroute/settingList" : [ 1, 0.0, 0.0, 0.0, "s", 0, "s", 0.0, "s", 0.0, "s", "s" ],
		"oscoutput11/oscoutput11-oscroute/input/max" : 1.0,
		"oscoutput11/oscoutput11-oscroute/input/min" : 0.0,
		"oscoutput11/oscoutput11-oscroute/output/max" : 1.0,
		"oscoutput11/oscoutput11-oscroute/output/min" : 0.0,
		"oscoutput11/port" : 8811,
		"oscoutput11/prepend" : "/wheel2/gyro/spin",
		"oscoutput12/address" : "127.0.0.1",
		"oscoutput12/oscoutput12-oscroute/abs" : 0.0,
		"oscoutput12/oscoutput12-oscroute/abs2" : 0.0,
		"oscoutput12/oscoutput12-oscroute/namespacebrowser/nodeAddress" : "/wheel2/gyro/absSum",
		"oscoutput12/oscoutput12-oscroute/offset" : 0.0,
		"oscoutput12/oscoutput12-oscroute/offset2" : 0.0,
		"oscoutput12/oscoutput12-oscroute/scalebypass" : 1.0,
		"oscoutput12/oscoutput12-oscroute/settingList" : [ 1, 0.0, 0.0, 0.0, "s", 0, "s", 0.0, "s", 0.0, "s", "s" ],
		"oscoutput12/oscoutput12-oscroute/input/max" : 1.0,
		"oscoutput12/oscoutput12-oscroute/input/min" : 0.0,
		"oscoutput12/oscoutput12-oscroute/output/max" : 1.0,
		"oscoutput12/oscoutput12-oscroute/output/min" : 0.0,
		"oscoutput12/port" : 8812,
		"oscoutput12/prepend" : "/wheel2/gyro/absSum",
		"oscoutput13/address" : "127.0.0.1",
		"oscoutput13/oscoutput13-oscroute/abs" : 0.0,
		"oscoutput13/oscoutput13-oscroute/abs2" : 0.0,
		"oscoutput13/oscoutput13-oscroute/namespacebrowser/nodeAddress" : "/wheel2/acc/qom",
		"oscoutput13/oscoutput13-oscroute/offset" : 0.0,
		"oscoutput13/oscoutput13-oscroute/offset2" : 0.0,
		"oscoutput13/oscoutput13-oscroute/scalebypass" : 1.0,
		"oscoutput13/oscoutput13-oscroute/settingList" : [ 1, 0.0, 0.0, 0.0, "s", 0, "s", 0.0, "s", 0.0, "s", "s" ],
		"oscoutput13/oscoutput13-oscroute/input/max" : 1.0,
		"oscoutput13/oscoutput13-oscroute/input/min" : 0.0,
		"oscoutput13/oscoutput13-oscroute/output/max" : 1.0,
		"oscoutput13/oscoutput13-oscroute/output/min" : 0.0,
		"oscoutput13/port" : 8813,
		"oscoutput13/prepend" : "/wheel2/acc/qom",
		"oscoutput14/address" : "127.0.0.1",
		"oscoutput14/oscoutput14-oscroute/abs" : 0.0,
		"oscoutput14/oscoutput14-oscroute/abs2" : 0.0,
		"oscoutput14/oscoutput14-oscroute/namespacebrowser/nodeAddress" : "/wheel2/acc/qom2",
		"oscoutput14/oscoutput14-oscroute/offset" : 0.0,
		"oscoutput14/oscoutput14-oscroute/offset2" : 0.0,
		"oscoutput14/oscoutput14-oscroute/scalebypass" : 1.0,
		"oscoutput14/oscoutput14-oscroute/settingList" : [ 1, 0.0, 0.0, 0.0, "s", 0, "s", 0.0, "s", 0.0, "s", "s" ],
		"oscoutput14/oscoutput14-oscroute/input/max" : 1.0,
		"oscoutput14/oscoutput14-oscroute/input/min" : 0.0,
		"oscoutput14/oscoutput14-oscroute/output/max" : 1.0,
		"oscoutput14/oscoutput14-oscroute/output/min" : 0.0,
		"oscoutput14/port" : 8814,
		"oscoutput14/prepend" : "/wheel2/acc/qom2",
		"oscoutput15/address" : "127.0.0.1",
		"oscoutput15/oscoutput15-oscroute/abs" : 0.0,
		"oscoutput15/oscoutput15-oscroute/abs2" : 0.0,
		"oscoutput15/oscoutput15-oscroute/namespacebrowser/nodeAddress" : "/wheel2/acc/shake",
		"oscoutput15/oscoutput15-oscroute/offset" : 0.0,
		"oscoutput15/oscoutput15-oscroute/offset2" : 0.0,
		"oscoutput15/oscoutput15-oscroute/scalebypass" : 1.0,
		"oscoutput15/oscoutput15-oscroute/settingList" : [ 1, 0.0, 0.0, 0.0, "s", 0, "s", 0.0, "s", 0.0, "s", "s" ],
		"oscoutput15/oscoutput15-oscroute/input/max" : 1.0,
		"oscoutput15/oscoutput15-oscroute/input/min" : 0.0,
		"oscoutput15/oscoutput15-oscroute/output/max" : 1.0,
		"oscoutput15/oscoutput15-oscroute/output/min" : 0.0,
		"oscoutput15/port" : 8815,
		"oscoutput15/prepend" : "/wheel2/acc/shake",
		"oscoutput16/address" : "127.0.0.1",
		"oscoutput16/oscoutput16-oscroute/abs" : 0.0,
		"oscoutput16/oscoutput16-oscroute/abs2" : 0.0,
		"oscoutput16/oscoutput16-oscroute/namespacebrowser/nodeAddress" : "/ngimu_r2/acc/y/raw",
		"oscoutput16/oscoutput16-oscroute/offset" : 0.0,
		"oscoutput16/oscoutput16-oscroute/offset2" : 0.0,
		"oscoutput16/oscoutput16-oscroute/scalebypass" : 1.0,
		"oscoutput16/oscoutput16-oscroute/settingList" : [ 1, 0.0, 0.0, 0.0, "s", 0, "s", 0.0, "s", 0.0, "s", "s" ],
		"oscoutput16/oscoutput16-oscroute/input/max" : 1.0,
		"oscoutput16/oscoutput16-oscroute/input/min" : 0.0,
		"oscoutput16/oscoutput16-oscroute/output/max" : 1.0,
		"oscoutput16/oscoutput16-oscroute/output/min" : 0.0,
		"oscoutput16/port" : 8816,
		"oscoutput16/prepend" : "/ngimu_r2/acc/y/raw",
		"oscoutput2/address" : "127.0.0.1",
		"oscoutput2/oscoutput2-oscroute/abs" : 0.0,
		"oscoutput2/oscoutput2-oscroute/abs2" : 0.0,
		"oscoutput2/oscoutput2-oscroute/namespacebrowser/nodeAddress" : "/wheel/gyro/absSum",
		"oscoutput2/oscoutput2-oscroute/offset" : 0.0,
		"oscoutput2/oscoutput2-oscroute/offset2" : 0.0,
		"oscoutput2/oscoutput2-oscroute/scalebypass" : 1.0,
		"oscoutput2/oscoutput2-oscroute/settingList" : [ 1, 0.0, 0.0, 0.0, "s", 1, "s", 0.0, "s", 0.0, "s", "s" ],
		"oscoutput2/oscoutput2-oscroute/input/max" : 0.753009,
		"oscoutput2/oscoutput2-oscroute/input/min" : 0.0,
		"oscoutput2/oscoutput2-oscroute/output/max" : 1.0,
		"oscoutput2/oscoutput2-oscroute/output/min" : 0.0,
		"oscoutput2/port" : 8802,
		"oscoutput2/prepend" : "/wheel/gyro/qom",
		"oscoutput3/address" : "127.0.0.1",
		"oscoutput3/oscoutput3-oscroute/abs" : 0.0,
		"oscoutput3/oscoutput3-oscroute/abs2" : 0.0,
		"oscoutput3/oscoutput3-oscroute/namespacebrowser/nodeAddress" : "/wheel/gyro/spin",
		"oscoutput3/oscoutput3-oscroute/offset" : 0.0,
		"oscoutput3/oscoutput3-oscroute/offset2" : 0.0,
		"oscoutput3/oscoutput3-oscroute/scalebypass" : 1.0,
		"oscoutput3/oscoutput3-oscroute/settingList" : [ 1, 0.0, 0.0, 0.0, "s", 0, "s", 0.0, "s", 0.0, "s", "s" ],
		"oscoutput3/oscoutput3-oscroute/input/max" : 1.0,
		"oscoutput3/oscoutput3-oscroute/input/min" : 0.0,
		"oscoutput3/oscoutput3-oscroute/output/max" : 1.0,
		"oscoutput3/oscoutput3-oscroute/output/min" : 0.0,
		"oscoutput3/port" : 8803,
		"oscoutput3/prepend" : "/wheel/gyro/spin",
		"oscoutput4/address" : "127.0.0.1",
		"oscoutput4/oscoutput4-oscroute/abs" : 0.0,
		"oscoutput4/oscoutput4-oscroute/abs2" : 0.0,
		"oscoutput4/oscoutput4-oscroute/namespacebrowser/nodeAddress" : "/wheel/gyro/absSum",
		"oscoutput4/oscoutput4-oscroute/offset" : 0.0,
		"oscoutput4/oscoutput4-oscroute/offset2" : 0.0,
		"oscoutput4/oscoutput4-oscroute/scalebypass" : 1.0,
		"oscoutput4/oscoutput4-oscroute/settingList" : [ 1, 0.0, 0.0, 0.0, "s", 0, "s", 0.0, "s", 0.0, "s", "s" ],
		"oscoutput4/oscoutput4-oscroute/input/max" : 1.0,
		"oscoutput4/oscoutput4-oscroute/input/min" : 0.0,
		"oscoutput4/oscoutput4-oscroute/output/max" : 1.0,
		"oscoutput4/oscoutput4-oscroute/output/min" : 0.0,
		"oscoutput4/port" : 8804,
		"oscoutput4/prepend" : "/wheel/acc/avg",
		"oscoutput5/address" : "127.0.0.1",
		"oscoutput5/oscoutput5-oscroute/abs" : 0.0,
		"oscoutput5/oscoutput5-oscroute/abs2" : 0.0,
		"oscoutput5/oscoutput5-oscroute/namespacebrowser/nodeAddress" : "/wheel/acc/qom",
		"oscoutput5/oscoutput5-oscroute/offset" : 0.0,
		"oscoutput5/oscoutput5-oscroute/offset2" : 0.0,
		"oscoutput5/oscoutput5-oscroute/scalebypass" : 1.0,
		"oscoutput5/oscoutput5-oscroute/settingList" : [ 1, 0.0, 0.0, 0.0, "s", 0, "s", 0.0, "s", 0.0, "s", "s" ],
		"oscoutput5/oscoutput5-oscroute/input/max" : 1.0,
		"oscoutput5/oscoutput5-oscroute/input/min" : 0.0,
		"oscoutput5/oscoutput5-oscroute/output/max" : 1.0,
		"oscoutput5/oscoutput5-oscroute/output/min" : 0.0,
		"oscoutput5/port" : 8805,
		"oscoutput5/prepend" : "/wheel/acc/qom",
		"oscoutput6/address" : "127.0.0.1",
		"oscoutput6/oscoutput6-oscroute/abs" : 0.0,
		"oscoutput6/oscoutput6-oscroute/abs2" : 0.0,
		"oscoutput6/oscoutput6-oscroute/namespacebrowser/nodeAddress" : "/wheel/acc/qom2",
		"oscoutput6/oscoutput6-oscroute/offset" : 0.0,
		"oscoutput6/oscoutput6-oscroute/offset2" : 0.0,
		"oscoutput6/oscoutput6-oscroute/scalebypass" : 1.0,
		"oscoutput6/oscoutput6-oscroute/settingList" : [ 1, 0.0, 0.0, 0.0, "s", 0, "s", 0.0, "s", 0.0, "s", "s" ],
		"oscoutput6/oscoutput6-oscroute/input/max" : 1.0,
		"oscoutput6/oscoutput6-oscroute/input/min" : 0.0,
		"oscoutput6/oscoutput6-oscroute/output/max" : 1.0,
		"oscoutput6/oscoutput6-oscroute/output/min" : 0.0,
		"oscoutput6/port" : 8806,
		"oscoutput6/prepend" : "/wheel/acc/shake",
		"oscoutput7/address" : "127.0.0.1",
		"oscoutput7/oscoutput7-oscroute/abs" : 0.0,
		"oscoutput7/oscoutput7-oscroute/abs2" : 0.0,
		"oscoutput7/oscoutput7-oscroute/namespacebrowser/nodeAddress" : "/wheel/acc/shake",
		"oscoutput7/oscoutput7-oscroute/offset" : 0.0,
		"oscoutput7/oscoutput7-oscroute/offset2" : 0.0,
		"oscoutput7/oscoutput7-oscroute/scalebypass" : 1.0,
		"oscoutput7/oscoutput7-oscroute/settingList" : [ 1, 0.0, 0.0, 0.0, "s", 0, "s", 0.0, "s", 0.0, "s", "s" ],
		"oscoutput7/oscoutput7-oscroute/input/max" : 1.0,
		"oscoutput7/oscoutput7-oscroute/input/min" : 0.0,
		"oscoutput7/oscoutput7-oscroute/output/max" : 1.0,
		"oscoutput7/oscoutput7-oscroute/output/min" : 0.0,
		"oscoutput7/port" : 8807,
		"oscoutput7/prepend" : "/ngimu_r1/gyro/y",
		"oscoutput8/address" : "127.0.0.1",
		"oscoutput8/oscoutput8-oscroute/abs" : 0.0,
		"oscoutput8/oscoutput8-oscroute/abs2" : 0.0,
		"oscoutput8/oscoutput8-oscroute/namespacebrowser/nodeAddress" : "/ngimu_r1/acc/y/raw",
		"oscoutput8/oscoutput8-oscroute/offset" : 0.0,
		"oscoutput8/oscoutput8-oscroute/offset2" : 0.0,
		"oscoutput8/oscoutput8-oscroute/scalebypass" : 1.0,
		"oscoutput8/oscoutput8-oscroute/settingList" : [ 1, 0.0, 0.0, 0.0, "s", 0, "s", 0.0, "s", 0.0, "s", "s" ],
		"oscoutput8/oscoutput8-oscroute/input/max" : 1.0,
		"oscoutput8/oscoutput8-oscroute/input/min" : 0.0,
		"oscoutput8/oscoutput8-oscroute/output/max" : 1.0,
		"oscoutput8/oscoutput8-oscroute/output/min" : 0.0,
		"oscoutput8/port" : 8808,
		"oscoutput8/prepend" : "/ngimu_r1/acc/y",
		"oscoutput9/address" : "127.0.0.1",
		"oscoutput9/oscoutput9-oscroute/abs" : 0.0,
		"oscoutput9/oscoutput9-oscroute/abs2" : 0.0,
		"oscoutput9/oscoutput9-oscroute/namespacebrowser/nodeAddress" : "/wheel2/gyro/avg",
		"oscoutput9/oscoutput9-oscroute/offset" : 0.0,
		"oscoutput9/oscoutput9-oscroute/offset2" : 0.0,
		"oscoutput9/oscoutput9-oscroute/scalebypass" : 1.0,
		"oscoutput9/oscoutput9-oscroute/settingList" : [ 1, 0.0, 0.0, 0.0, "s", 0, "s", 0.0, "s", 0.0, "s", "s" ],
		"oscoutput9/oscoutput9-oscroute/input/max" : 1.0,
		"oscoutput9/oscoutput9-oscroute/input/min" : 0.0,
		"oscoutput9/oscoutput9-oscroute/output/max" : 1.0,
		"oscoutput9/oscoutput9-oscroute/output/min" : 0.0,
		"oscoutput9/port" : 8809,
		"oscoutput9/prepend" : "/wheel2/gyro/avg",
		"wheel/acc/avg" : 0.284906,
		"wheel/acc/qom" : 0.000408,
		"wheel/acc/qom2" : 0.000408,
		"wheel/acc/shake" : 0.0,
		"wheel/acc/x" : 0.657687,
		"wheel/acc/y" : 0.179115,
		"wheel/acc/z" : 0.462423,
		"wheel/gyro/absSum" : 0.000172,
		"wheel/gyro/avg" : 0.67888,
		"wheel/gyro/spin" : 0.636717,
		"wheel/gyro/weightedSpin" : 0.001736,
		"wheel/gyro/x" : 0.558792,
		"wheel/gyro/y" : 0.675965,
		"wheel/gyro/z" : 0.5523,
		"wheel2/acc/avg" : 0.615019,
		"wheel2/acc/qom" : 0.001876,
		"wheel2/acc/qom2" : 0.001876,
		"wheel2/acc/shake" : 0.0,
		"wheel2/acc/x" : 0.545895,
		"wheel2/acc/y" : 0.397388,
		"wheel2/acc/z" : 0.571248,
		"wheel2/gyro/absSum" : 0.00009,
		"wheel2/gyro/avg" : 0.477595,
		"wheel2/gyro/spin" : 0.499491,
		"wheel2/gyro/weightedSpin" : 0.000148,
		"wheel2/gyro/x" : 0.468099,
		"wheel2/gyro/y" : 0.4555,
		"wheel2/gyro/z" : 0.567275
	}
,
	"cue5" : 	{
		"navrand1/grain" : 10,
		"navrand1/interpolate" : 500,
		"navrand1/max" : 1.0,
		"navrand1/min" : 0.0,
		"navrand1/on" : 1.0,
		"navrand1/step" : 1.0,
		"navrand1/out/pre-interpolation" : 0.292,
		"navrand1/out/final/float" : 0.3422,
		"navrand1/out/final/int" : 342,
		"navrand1/rate/max" : 1000,
		"navrand1/rate/min" : 30,
		"navrand2/grain" : 10,
		"navrand2/interpolate" : 500,
		"navrand2/max" : 1.0,
		"navrand2/min" : 0.0,
		"navrand2/on" : 0.0,
		"navrand2/step" : 1.0,
		"navrand2/out/pre-interpolation" : 0.0,
		"navrand2/out/final/float" : 0.0,
		"navrand2/out/final/int" : 0,
		"navrand2/rate/max" : 1000,
		"navrand2/rate/min" : 30,
		"navrand3/grain" : 10,
		"navrand3/interpolate" : 500,
		"navrand3/max" : 1.0,
		"navrand3/min" : 0.0,
		"navrand3/on" : 0.0,
		"navrand3/step" : 1.0,
		"navrand3/out/pre-interpolation" : 0.0,
		"navrand3/out/final/float" : 0.0,
		"navrand3/out/final/int" : 0,
		"navrand3/rate/max" : 1000,
		"navrand3/rate/min" : 30,
		"navrand4/grain" : 10,
		"navrand4/interpolate" : 500,
		"navrand4/max" : 1.0,
		"navrand4/min" : 0.0,
		"navrand4/on" : 0.0,
		"navrand4/step" : 1.0,
		"navrand4/out/pre-interpolation" : 0.0,
		"navrand4/out/final/float" : 0.0,
		"navrand4/out/final/int" : 0,
		"navrand4/rate/max" : 1000,
		"navrand4/rate/min" : 30,
		"navrand5/grain" : 10,
		"navrand5/interpolate" : 500,
		"navrand5/max" : 1.0,
		"navrand5/min" : 0.0,
		"navrand5/on" : 0.0,
		"navrand5/step" : 1.0,
		"navrand5/out/pre-interpolation" : 0.0,
		"navrand5/out/final/float" : 0.0,
		"navrand5/out/final/int" : 0,
		"navrand5/rate/max" : 1000,
		"navrand5/rate/min" : 30,
		"navrand6/grain" : 10,
		"navrand6/interpolate" : 500,
		"navrand6/max" : 1.0,
		"navrand6/min" : 0.0,
		"navrand6/on" : 0.0,
		"navrand6/step" : 1.0,
		"navrand6/out/pre-interpolation" : 0.0,
		"navrand6/out/final/float" : 0.0,
		"navrand6/out/final/int" : 0,
		"navrand6/rate/max" : 1000,
		"navrand6/rate/min" : 30,
		"navrand7/grain" : 10,
		"navrand7/interpolate" : 500,
		"navrand7/max" : 1.0,
		"navrand7/min" : 0.0,
		"navrand7/on" : 0.0,
		"navrand7/step" : 1.0,
		"navrand7/out/pre-interpolation" : 0.0,
		"navrand7/out/final/float" : 0.0,
		"navrand7/out/final/int" : 0,
		"navrand7/rate/max" : 1000,
		"navrand7/rate/min" : 30,
		"navrand8/grain" : 10,
		"navrand8/interpolate" : 500,
		"navrand8/max" : 1.0,
		"navrand8/min" : 0.0,
		"navrand8/on" : 0.0,
		"navrand8/step" : 1.0,
		"navrand8/out/pre-interpolation" : 0.0,
		"navrand8/out/final/float" : 0.0,
		"navrand8/out/final/int" : 0,
		"navrand8/rate/max" : 1000,
		"navrand8/rate/min" : 30,
		"ngimu_r1/barometer" : 1006.952147999999966,
		"ngimu_r1/barometer/active" : 1.0,
		"ngimu_r1/acc/pitch" : 0.408773,
		"ngimu_r1/acc/pitch/active" : 1.0,
		"ngimu_r1/acc/pitch/invert" : 0.0,
		"ngimu_r1/acc/pitch/offset" : 0.0,
		"ngimu_r1/acc/preview" : 1.0,
		"ngimu_r1/acc/roll" : 0.223233,
		"ngimu_r1/acc/roll/active" : 1.0,
		"ngimu_r1/acc/roll/invert" : 0.0,
		"ngimu_r1/acc/roll/offset" : 0.0,
		"ngimu_r1/acc/magnitude/active" : 1.0,
		"ngimu_r1/acc/magnitude/norm" : 0.0,
		"ngimu_r1/acc/magnitude/raw" : 0.0,
		"ngimu_r1/acc/orientation/preview" : 0.0,
		"ngimu_r1/acc/qom/norm" : 0.00031,
		"ngimu_r1/acc/qom/raw" : -0.205818,
		"ngimu_r1/acc/x/active" : 1.0,
		"ngimu_r1/acc/x/norm" : -0.044053,
		"ngimu_r1/acc/x/raw" : -0.704841,
		"ngimu_r1/acc/x/qom/norm" : 0.00031,
		"ngimu_r1/acc/x/qom/raw" : 0.009935,
		"ngimu_r1/acc/y/active" : 1.0,
		"ngimu_r1/acc/y/norm" : -0.009827,
		"ngimu_r1/acc/y/raw" : -0.157232,
		"ngimu_r1/acc/y/qom/norm" : 0.000909,
		"ngimu_r1/acc/y/qom/raw" : 0.029089,
		"ngimu_r1/acc/z/active" : 1.0,
		"ngimu_r1/acc/z/norm" : -0.024366,
		"ngimu_r1/acc/z/raw" : -0.389859,
		"ngimu_r1/acc/z/qom/norm" : 0.000469,
		"ngimu_r1/acc/z/qom/raw" : 0.015002,
		"ngimu_r1/altitude/active" : 1.0,
		"ngimu_r1/altitude/preview" : 0.0,
		"ngimu_r1/altitude/raw" : 59.885944000000002,
		"ngimu_r1/battery/charge" : 0.0,
		"ngimu_r1/battery/current" : 282.8125,
		"ngimu_r1/battery/percentage" : 0.725703,
		"ngimu_r1/battery/time" : 114.375,
		"ngimu_r1/battery/voltage" : 3.911875,
		"ngimu_r1/earth/preview" : 0.0,
		"ngimu_r1/earth/x/active" : 1.0,
		"ngimu_r1/earth/x/norm" : 0.0,
		"ngimu_r1/earth/x/raw" : 0.0,
		"ngimu_r1/earth/y/active" : 1.0,
		"ngimu_r1/earth/y/norm" : 0.0,
		"ngimu_r1/earth/y/raw" : 0.0,
		"ngimu_r1/earth/z/active" : 1.0,
		"ngimu_r1/earth/z/norm" : 0.0,
		"ngimu_r1/earth/z/raw" : 0.0,
		"ngimu_r1/euler/preview" : 0.0,
		"ngimu_r1/euler/pitch/active" : 1.0,
		"ngimu_r1/euler/pitch/norm" : -0.101788,
		"ngimu_r1/euler/pitch/raw" : -18.321859,
		"ngimu_r1/euler/roll/active" : 1.0,
		"ngimu_r1/euler/roll/norm" : -0.304086,
		"ngimu_r1/euler/roll/raw" : -54.735466000000002,
		"ngimu_r1/euler/yaw/active" : 1.0,
		"ngimu_r1/euler/yaw/norm" : -0.322116,
		"ngimu_r1/euler/yaw/raw" : -57.980873000000003,
		"ngimu_r1/gyro/preview" : 0.0,
		"ngimu_r1/gyro/magnitude/active" : 1.0,
		"ngimu_r1/gyro/magnitude/norm" : 0.0,
		"ngimu_r1/gyro/magnitude/raw" : 0.0,
		"ngimu_r1/gyro/qom/norm" : 0.001115,
		"ngimu_r1/gyro/qom/raw" : 11.978107,
		"ngimu_r1/gyro/x/active" : 1.0,
		"ngimu_r1/gyro/x/norm" : 0.049577,
		"ngimu_r1/gyro/x/raw" : 99.549819999999997,
		"ngimu_r1/gyro/x/qom/norm" : 0.000994,
		"ngimu_r1/gyro/x/qom/raw" : 3.992702,
		"ngimu_r1/gyro/y/active" : 1.0,
		"ngimu_r1/gyro/y/norm" : 0.032262,
		"ngimu_r1/gyro/y/raw" : 64.781173999999993,
		"ngimu_r1/gyro/y/qom/norm" : 0.001257,
		"ngimu_r1/gyro/y/qom/raw" : 5.049536,
		"ngimu_r1/gyro/z/active" : 1.0,
		"ngimu_r1/gyro/z/norm" : 0.125604,
		"ngimu_r1/gyro/z/raw" : 0.000621,
		"ngimu_r1/gyro/z/qom/norm" : 0.000198,
		"ngimu_r1/gyro/z/qom/raw" : 0.7959,
		"ngimu_r1/linear/preview" : 0.0,
		"ngimu_r1/linear/x/active" : 1.0,
		"ngimu_r1/linear/x/norm" : 0.0,
		"ngimu_r1/linear/x/raw" : 0.0,
		"ngimu_r1/linear/y/active" : 1.0,
		"ngimu_r1/linear/y/norm" : 0.0,
		"ngimu_r1/linear/y/raw" : 0.0,
		"ngimu_r1/linear/z/active" : 1.0,
		"ngimu_r1/linear/z/norm" : 0.0,
		"ngimu_r1/linear/z/raw" : 0.0,
		"ngimu_r1/mag/preview" : 1.0,
		"ngimu_r1/mag/qom" : 0.0,
		"ngimu_r1/mag/magnitude/active" : 1.0,
		"ngimu_r1/mag/magnitude/raw" : 0.0,
		"ngimu_r1/mag/magnitude/scaled" : 0.0,
		"ngimu_r1/mag/x/active" : 1.0,
		"ngimu_r1/mag/x/qom" : 0.0,
		"ngimu_r1/mag/x/raw" : -22.079205000000002,
		"ngimu_r1/mag/y/active" : 1.0,
		"ngimu_r1/mag/y/qom" : 0.0,
		"ngimu_r1/mag/y/raw" : 4.087982,
		"ngimu_r1/mag/z/active" : 1.0,
		"ngimu_r1/mag/z/qom" : 0.0,
		"ngimu_r1/mag/z/raw" : -7.984247,
		"ngimu_r1/magnitudes/preview" : 0.0,
		"ngimu_r1/matrix/preview" : 0.0,
		"ngimu_r1/matrix/xx/active" : 1.0,
		"ngimu_r1/matrix/xx/raw" : 0.0,
		"ngimu_r1/matrix/xy/active" : 1.0,
		"ngimu_r1/matrix/xy/raw" : 0.0,
		"ngimu_r1/matrix/xz/active" : 1.0,
		"ngimu_r1/matrix/xz/raw" : 0.0,
		"ngimu_r1/matrix/yx/active" : 1.0,
		"ngimu_r1/matrix/yx/raw" : 0.0,
		"ngimu_r1/matrix/yy/active" : 1.0,
		"ngimu_r1/matrix/yy/raw" : 0.0,
		"ngimu_r1/matrix/yz/active" : 1.0,
		"ngimu_r1/matrix/yz/raw" : 0.0,
		"ngimu_r1/matrix/zx/active" : 1.0,
		"ngimu_r1/matrix/zx/raw" : 0.0,
		"ngimu_r1/matrix/zy/active" : 1.0,
		"ngimu_r1/matrix/zy/raw" : 0.0,
		"ngimu_r1/matrix/zz/active" : 1.0,
		"ngimu_r1/matrix/zz/raw" : 0.0,
		"ngimu_r1/port/in" : 7800,
		"ngimu_r1/quaternion/preview" : 0.0,
		"ngimu_r1/quaternion/w/active" : 1.0,
		"ngimu_r1/quaternion/w/raw" : 0.319514,
		"ngimu_r1/quaternion/x/active" : 1.0,
		"ngimu_r1/quaternion/x/raw" : -0.685623,
		"ngimu_r1/quaternion/y/active" : 1.0,
		"ngimu_r1/quaternion/y/raw" : 0.533941,
		"ngimu_r1/quaternion/z/active" : 1.0,
		"ngimu_r1/quaternion/z/raw" : 0.341326,
		"ngimu_r1/rssi/dbm" : 0.0,
		"ngimu_r1/rssi/dbm/active" : 1.0,
		"ngimu_r1/rssi/percent" : 0.0,
		"ngimu_r1/rssi/percent/active" : 1.0,
		"ngimu_r1/temperature/processor" : 42.838000999999998,
		"ngimu_r1/temperature/processor/active" : 1.0,
		"ngimu_r1/temperature/sensors" : 32.220001000000003,
		"ngimu_r1/temperature/sensors/active" : 1.0,
		"ngimu_r2/barometer" : 1006.26812700000005,
		"ngimu_r2/barometer/active" : 1.0,
		"ngimu_r2/acc/pitch" : -0.990281,
		"ngimu_r2/acc/pitch/active" : 1.0,
		"ngimu_r2/acc/pitch/invert" : 0.0,
		"ngimu_r2/acc/pitch/offset" : 0.0,
		"ngimu_r2/acc/preview" : 0.0,
		"ngimu_r2/acc/roll" : 0.53979,
		"ngimu_r2/acc/roll/active" : 1.0,
		"ngimu_r2/acc/roll/invert" : 0.0,
		"ngimu_r2/acc/roll/offset" : 0.0,
		"ngimu_r2/acc/magnitude/active" : 1.0,
		"ngimu_r2/acc/magnitude/norm" : 0.0,
		"ngimu_r2/acc/magnitude/raw" : 0.0,
		"ngimu_r2/acc/orientation/preview" : 0.0,
		"ngimu_r2/acc/qom/norm" : 0.002865,
		"ngimu_r2/acc/qom/raw" : 0.552589,
		"ngimu_r2/acc/x/active" : 1.0,
		"ngimu_r2/acc/x/norm" : 0.042961,
		"ngimu_r2/acc/x/raw" : 0.687371,
		"ngimu_r2/acc/x/qom/norm" : 0.0,
		"ngimu_r2/acc/x/qom/raw" : 0.0,
		"ngimu_r2/acc/y/active" : 1.0,
		"ngimu_r2/acc/y/norm" : 0.019174,
		"ngimu_r2/acc/y/raw" : 0.306782,
		"ngimu_r2/acc/y/qom/norm" : 0.0,
		"ngimu_r2/acc/y/qom/raw" : 0.0,
		"ngimu_r2/acc/z/active" : 1.0,
		"ngimu_r2/acc/z/norm" : 0.040211,
		"ngimu_r2/acc/z/raw" : 0.643378,
		"ngimu_r2/acc/z/qom/norm" : 0.0,
		"ngimu_r2/acc/z/qom/raw" : 0.0,
		"ngimu_r2/altitude/active" : 1.0,
		"ngimu_r2/altitude/preview" : 0.0,
		"ngimu_r2/altitude/raw" : 0.0,
		"ngimu_r2/battery/charge" : 0.0,
		"ngimu_r2/battery/current" : 270.625,
		"ngimu_r2/battery/percentage" : 0.918945,
		"ngimu_r2/battery/time" : 178.40625,
		"ngimu_r2/battery/voltage" : 4.00375,
		"ngimu_r2/earth/preview" : 0.0,
		"ngimu_r2/earth/x/active" : 1.0,
		"ngimu_r2/earth/x/norm" : 0.0,
		"ngimu_r2/earth/x/raw" : 0.0,
		"ngimu_r2/earth/y/active" : 1.0,
		"ngimu_r2/earth/y/norm" : 0.0,
		"ngimu_r2/earth/y/raw" : 0.0,
		"ngimu_r2/earth/z/active" : 1.0,
		"ngimu_r2/earth/z/norm" : 0.0,
		"ngimu_r2/earth/z/raw" : 0.0,
		"ngimu_r2/euler/preview" : 0.0,
		"ngimu_r2/euler/pitch/active" : 1.0,
		"ngimu_r2/euler/pitch/norm" : 0.0,
		"ngimu_r2/euler/pitch/raw" : 0.0,
		"ngimu_r2/euler/roll/active" : 1.0,
		"ngimu_r2/euler/roll/norm" : 0.0,
		"ngimu_r2/euler/roll/raw" : 0.0,
		"ngimu_r2/euler/yaw/active" : 1.0,
		"ngimu_r2/euler/yaw/norm" : 0.0,
		"ngimu_r2/euler/yaw/raw" : 0.0,
		"ngimu_r2/gyro/preview" : 0.0,
		"ngimu_r2/gyro/magnitude/active" : 1.0,
		"ngimu_r2/gyro/magnitude/norm" : 0.0,
		"ngimu_r2/gyro/magnitude/raw" : 0.0,
		"ngimu_r2/gyro/qom/norm" : 0.049541,
		"ngimu_r2/gyro/qom/raw" : 524.065429999999992,
		"ngimu_r2/gyro/x/active" : 1.0,
		"ngimu_r2/gyro/x/norm" : 0.032264,
		"ngimu_r2/gyro/x/raw" : 64.785788999999994,
		"ngimu_r2/gyro/x/qom/norm" : 0.0,
		"ngimu_r2/gyro/x/qom/raw" : 0.0,
		"ngimu_r2/gyro/y/active" : 1.0,
		"ngimu_r2/gyro/y/norm" : -0.007531,
		"ngimu_r2/gyro/y/raw" : -15.122588,
		"ngimu_r2/gyro/y/qom/norm" : 0.0,
		"ngimu_r2/gyro/y/qom/raw" : 0.0,
		"ngimu_r2/gyro/z/active" : 1.0,
		"ngimu_r2/gyro/z/norm" : -0.013723,
		"ngimu_r2/gyro/z/raw" : -27.554981000000002,
		"ngimu_r2/gyro/z/qom/norm" : 0.0,
		"ngimu_r2/gyro/z/qom/raw" : 0.0,
		"ngimu_r2/linear/preview" : 0.0,
		"ngimu_r2/linear/x/active" : 1.0,
		"ngimu_r2/linear/x/norm" : 0.0,
		"ngimu_r2/linear/x/raw" : 0.0,
		"ngimu_r2/linear/y/active" : 1.0,
		"ngimu_r2/linear/y/norm" : 0.0,
		"ngimu_r2/linear/y/raw" : 0.0,
		"ngimu_r2/linear/z/active" : 1.0,
		"ngimu_r2/linear/z/norm" : 0.0,
		"ngimu_r2/linear/z/raw" : 0.0,
		"ngimu_r2/mag/preview" : 0.0,
		"ngimu_r2/mag/qom" : 0.0,
		"ngimu_r2/mag/magnitude/active" : 1.0,
		"ngimu_r2/mag/magnitude/raw" : 0.0,
		"ngimu_r2/mag/magnitude/scaled" : 0.0,
		"ngimu_r2/mag/x/active" : 1.0,
		"ngimu_r2/mag/x/qom" : 0.0,
		"ngimu_r2/mag/x/raw" : -25.432886,
		"ngimu_r2/mag/y/active" : 1.0,
		"ngimu_r2/mag/y/qom" : 0.0,
		"ngimu_r2/mag/y/raw" : -1.226426,
		"ngimu_r2/mag/z/active" : 1.0,
		"ngimu_r2/mag/z/qom" : 0.0,
		"ngimu_r2/mag/z/raw" : -32.045242000000002,
		"ngimu_r2/magnitudes/preview" : 0.0,
		"ngimu_r2/matrix/preview" : 0.0,
		"ngimu_r2/matrix/xx/active" : 1.0,
		"ngimu_r2/matrix/xx/raw" : 0.0,
		"ngimu_r2/matrix/xy/active" : 1.0,
		"ngimu_r2/matrix/xy/raw" : 0.0,
		"ngimu_r2/matrix/xz/active" : 1.0,
		"ngimu_r2/matrix/xz/raw" : 0.0,
		"ngimu_r2/matrix/yx/active" : 1.0,
		"ngimu_r2/matrix/yx/raw" : 0.0,
		"ngimu_r2/matrix/yy/active" : 1.0,
		"ngimu_r2/matrix/yy/raw" : 0.0,
		"ngimu_r2/matrix/yz/active" : 1.0,
		"ngimu_r2/matrix/yz/raw" : 0.0,
		"ngimu_r2/matrix/zx/active" : 1.0,
		"ngimu_r2/matrix/zx/raw" : 0.0,
		"ngimu_r2/matrix/zy/active" : 1.0,
		"ngimu_r2/matrix/zy/raw" : 0.0,
		"ngimu_r2/matrix/zz/active" : 1.0,
		"ngimu_r2/matrix/zz/raw" : 0.0,
		"ngimu_r2/port/in" : 7801,
		"ngimu_r2/quaternion/preview" : 0.0,
		"ngimu_r2/quaternion/w/active" : 1.0,
		"ngimu_r2/quaternion/w/raw" : 0.008966,
		"ngimu_r2/quaternion/x/active" : 1.0,
		"ngimu_r2/quaternion/x/raw" : -0.353248,
		"ngimu_r2/quaternion/y/active" : 1.0,
		"ngimu_r2/quaternion/y/raw" : 0.933682,
		"ngimu_r2/quaternion/z/active" : 1.0,
		"ngimu_r2/quaternion/z/raw" : 0.000841,
		"ngimu_r2/rssi/dbm" : 0.0,
		"ngimu_r2/rssi/dbm/active" : 1.0,
		"ngimu_r2/rssi/percent" : 0.0,
		"ngimu_r2/rssi/percent/active" : 1.0,
		"ngimu_r2/temperature/processor" : 42.394001000000003,
		"ngimu_r2/temperature/processor/active" : 1.0,
		"ngimu_r2/temperature/sensors" : 32.038001999999999,
		"ngimu_r2/temperature/sensors/active" : 1.0,
		"oscoutput1/address" : "127.0.0.1",
		"oscoutput1/oscoutput1-oscroute/abs" : 0.0,
		"oscoutput1/oscoutput1-oscroute/abs2" : 0.0,
		"oscoutput1/oscoutput1-oscroute/namespacebrowser/nodeAddress" : "/wheel/gyro/avg",
		"oscoutput1/oscoutput1-oscroute/offset" : 0.0,
		"oscoutput1/oscoutput1-oscroute/offset2" : 0.0,
		"oscoutput1/oscoutput1-oscroute/scalebypass" : 0.0,
		"oscoutput1/oscoutput1-oscroute/settingList" : [ 1, 0.0, 0.0, 0.0, "s", 0, "s", 0.0, "s", 0.0, "s", "s" ],
		"oscoutput1/oscoutput1-oscroute/input/max" : 1.0,
		"oscoutput1/oscoutput1-oscroute/input/min" : 0.0,
		"oscoutput1/oscoutput1-oscroute/output/max" : 1.0,
		"oscoutput1/oscoutput1-oscroute/output/min" : 0.0,
		"oscoutput1/port" : 8801,
		"oscoutput1/prepend" : "/wheel/gyro/avg",
		"oscoutput10/address" : "127.0.0.1",
		"oscoutput10/oscoutput10-oscroute/abs" : 0.0,
		"oscoutput10/oscoutput10-oscroute/abs2" : 0.0,
		"oscoutput10/oscoutput10-oscroute/namespacebrowser/nodeAddress" : "/wheel/gyro/weightedSpin",
		"oscoutput10/oscoutput10-oscroute/offset" : 0.0,
		"oscoutput10/oscoutput10-oscroute/offset2" : 0.0,
		"oscoutput10/oscoutput10-oscroute/scalebypass" : 1.0,
		"oscoutput10/oscoutput10-oscroute/settingList" : [ 1, 0.0, 0.0, 0.0, "s", 0, "s", 0.0, "s", 0.0, "s", "s" ],
		"oscoutput10/oscoutput10-oscroute/input/max" : 1.0,
		"oscoutput10/oscoutput10-oscroute/input/min" : 0.0,
		"oscoutput10/oscoutput10-oscroute/output/max" : 1.0,
		"oscoutput10/oscoutput10-oscroute/output/min" : 0.0,
		"oscoutput10/port" : 8810,
		"oscoutput10/prepend" : "/wheel2/gyro/weightedSpin",
		"oscoutput11/address" : "127.0.0.1",
		"oscoutput11/oscoutput11-oscroute/abs" : 0.0,
		"oscoutput11/oscoutput11-oscroute/abs2" : 0.0,
		"oscoutput11/oscoutput11-oscroute/namespacebrowser/nodeAddress" : "/wheel/gyro/spin",
		"oscoutput11/oscoutput11-oscroute/offset" : 0.0,
		"oscoutput11/oscoutput11-oscroute/offset2" : 0.0,
		"oscoutput11/oscoutput11-oscroute/scalebypass" : 1.0,
		"oscoutput11/oscoutput11-oscroute/settingList" : [ 1, 0.0, 0.0, 0.0, "s", 0, "s", 0.0, "s", 0.0, "s", "s" ],
		"oscoutput11/oscoutput11-oscroute/input/max" : 1.0,
		"oscoutput11/oscoutput11-oscroute/input/min" : 0.0,
		"oscoutput11/oscoutput11-oscroute/output/max" : 1.0,
		"oscoutput11/oscoutput11-oscroute/output/min" : 0.0,
		"oscoutput11/port" : 8811,
		"oscoutput11/prepend" : "/wheel2/gyro/spin",
		"oscoutput12/address" : "127.0.0.1",
		"oscoutput12/oscoutput12-oscroute/abs" : 0.0,
		"oscoutput12/oscoutput12-oscroute/abs2" : 0.0,
		"oscoutput12/oscoutput12-oscroute/namespacebrowser/nodeAddress" : "/wheel/gyro/absSum",
		"oscoutput12/oscoutput12-oscroute/offset" : 0.0,
		"oscoutput12/oscoutput12-oscroute/offset2" : 0.0,
		"oscoutput12/oscoutput12-oscroute/scalebypass" : 1.0,
		"oscoutput12/oscoutput12-oscroute/settingList" : [ 1, 0.0, 0.0, 0.0, "s", 0, "s", 0.0, "s", 0.0, "s", "s" ],
		"oscoutput12/oscoutput12-oscroute/input/max" : 1.0,
		"oscoutput12/oscoutput12-oscroute/input/min" : 0.0,
		"oscoutput12/oscoutput12-oscroute/output/max" : 1.0,
		"oscoutput12/oscoutput12-oscroute/output/min" : 0.0,
		"oscoutput12/port" : 8812,
		"oscoutput12/prepend" : "/wheel2/gyro/absSum",
		"oscoutput13/address" : "127.0.0.1",
		"oscoutput13/oscoutput13-oscroute/abs" : 0.0,
		"oscoutput13/oscoutput13-oscroute/abs2" : 0.0,
		"oscoutput13/oscoutput13-oscroute/namespacebrowser/nodeAddress" : "/wheel/acc/qom",
		"oscoutput13/oscoutput13-oscroute/offset" : 0.0,
		"oscoutput13/oscoutput13-oscroute/offset2" : 0.0,
		"oscoutput13/oscoutput13-oscroute/scalebypass" : 1.0,
		"oscoutput13/oscoutput13-oscroute/settingList" : [ 1, 0.0, 0.0, 0.0, "s", 0, "s", 0.0, "s", 0.0, "s", "s" ],
		"oscoutput13/oscoutput13-oscroute/input/max" : 1.0,
		"oscoutput13/oscoutput13-oscroute/input/min" : 0.0,
		"oscoutput13/oscoutput13-oscroute/output/max" : 1.0,
		"oscoutput13/oscoutput13-oscroute/output/min" : 0.0,
		"oscoutput13/port" : 8813,
		"oscoutput13/prepend" : "/wheel2/acc/qom",
		"oscoutput14/address" : "127.0.0.1",
		"oscoutput14/oscoutput14-oscroute/abs" : 0.0,
		"oscoutput14/oscoutput14-oscroute/abs2" : 0.0,
		"oscoutput14/oscoutput14-oscroute/namespacebrowser/nodeAddress" : "/wheel/acc/qom2",
		"oscoutput14/oscoutput14-oscroute/offset" : 0.0,
		"oscoutput14/oscoutput14-oscroute/offset2" : 0.0,
		"oscoutput14/oscoutput14-oscroute/scalebypass" : 1.0,
		"oscoutput14/oscoutput14-oscroute/settingList" : [ 1, 0.0, 0.0, 0.0, "s", 0, "s", 0.0, "s", 0.0, "s", "s" ],
		"oscoutput14/oscoutput14-oscroute/input/max" : 1.0,
		"oscoutput14/oscoutput14-oscroute/input/min" : 0.0,
		"oscoutput14/oscoutput14-oscroute/output/max" : 1.0,
		"oscoutput14/oscoutput14-oscroute/output/min" : 0.0,
		"oscoutput14/port" : 8814,
		"oscoutput14/prepend" : "/wheel2/acc/qom2",
		"oscoutput15/address" : "127.0.0.1",
		"oscoutput15/oscoutput15-oscroute/abs" : 0.0,
		"oscoutput15/oscoutput15-oscroute/abs2" : 0.0,
		"oscoutput15/oscoutput15-oscroute/namespacebrowser/nodeAddress" : "/wheel/acc/shake",
		"oscoutput15/oscoutput15-oscroute/offset" : 0.0,
		"oscoutput15/oscoutput15-oscroute/offset2" : 0.0,
		"oscoutput15/oscoutput15-oscroute/scalebypass" : 1.0,
		"oscoutput15/oscoutput15-oscroute/settingList" : [ 1, 0.0, 0.0, 0.0, "s", 0, "s", 0.0, "s", 0.0, "s", "s" ],
		"oscoutput15/oscoutput15-oscroute/input/max" : 1.0,
		"oscoutput15/oscoutput15-oscroute/input/min" : 0.0,
		"oscoutput15/oscoutput15-oscroute/output/max" : 1.0,
		"oscoutput15/oscoutput15-oscroute/output/min" : 0.0,
		"oscoutput15/port" : 8815,
		"oscoutput15/prepend" : "/wheel2/acc/shake",
		"oscoutput16/address" : "127.0.0.1",
		"oscoutput16/oscoutput16-oscroute/abs" : 0.0,
		"oscoutput16/oscoutput16-oscroute/abs2" : 0.0,
		"oscoutput16/oscoutput16-oscroute/namespacebrowser/nodeAddress" : "/wheel/gyro/weightedSpin",
		"oscoutput16/oscoutput16-oscroute/offset" : 0.0,
		"oscoutput16/oscoutput16-oscroute/offset2" : 0.0,
		"oscoutput16/oscoutput16-oscroute/scalebypass" : 1.0,
		"oscoutput16/oscoutput16-oscroute/settingList" : [ 1, 0.0, 300.0, 0.0, "s", 0, "s", 0.0, "s", 0.0, "s", "s" ],
		"oscoutput16/oscoutput16-oscroute/input/max" : 0.6828,
		"oscoutput16/oscoutput16-oscroute/input/min" : 0.4601,
		"oscoutput16/oscoutput16-oscroute/output/max" : 1.0,
		"oscoutput16/oscoutput16-oscroute/output/min" : 0.0,
		"oscoutput16/port" : 8816,
		"oscoutput16/prepend" : "/wheel/gyro/weightedSpin",
		"oscoutput2/address" : "127.0.0.1",
		"oscoutput2/oscoutput2-oscroute/abs" : 0.0,
		"oscoutput2/oscoutput2-oscroute/abs2" : 0.0,
		"oscoutput2/oscoutput2-oscroute/namespacebrowser/nodeAddress" : "/wheel/gyro/weightedSpin",
		"oscoutput2/oscoutput2-oscroute/offset" : 0.0,
		"oscoutput2/oscoutput2-oscroute/offset2" : 0.0,
		"oscoutput2/oscoutput2-oscroute/scalebypass" : 1.0,
		"oscoutput2/oscoutput2-oscroute/settingList" : [ 1, 0.0, 0.0, 0.0, "s", 1, "s", 0.0, "s", 0.0, "s", "s" ],
		"oscoutput2/oscoutput2-oscroute/input/max" : 1.0,
		"oscoutput2/oscoutput2-oscroute/input/min" : 0.0,
		"oscoutput2/oscoutput2-oscroute/output/max" : 1.0,
		"oscoutput2/oscoutput2-oscroute/output/min" : 0.0,
		"oscoutput2/port" : 8802,
		"oscoutput2/prepend" : "/wheel/gyro/weightedSpin",
		"oscoutput3/address" : "127.0.0.1",
		"oscoutput3/oscoutput3-oscroute/abs" : 0.0,
		"oscoutput3/oscoutput3-oscroute/abs2" : 0.0,
		"oscoutput3/oscoutput3-oscroute/namespacebrowser/nodeAddress" : "/wheel/gyro/spin",
		"oscoutput3/oscoutput3-oscroute/offset" : 0.0,
		"oscoutput3/oscoutput3-oscroute/offset2" : 0.0,
		"oscoutput3/oscoutput3-oscroute/scalebypass" : 1.0,
		"oscoutput3/oscoutput3-oscroute/settingList" : [ 1, 0.0, 0.0, 0.0, "s", 0, "s", 0.0, "s", 0.0, "s", "s" ],
		"oscoutput3/oscoutput3-oscroute/input/max" : 1.0,
		"oscoutput3/oscoutput3-oscroute/input/min" : 0.0,
		"oscoutput3/oscoutput3-oscroute/output/max" : 1.0,
		"oscoutput3/oscoutput3-oscroute/output/min" : 0.0,
		"oscoutput3/port" : 8803,
		"oscoutput3/prepend" : "/wheel/gyro/spin",
		"oscoutput4/address" : "127.0.0.1",
		"oscoutput4/oscoutput4-oscroute/abs" : 0.0,
		"oscoutput4/oscoutput4-oscroute/abs2" : 0.0,
		"oscoutput4/oscoutput4-oscroute/namespacebrowser/nodeAddress" : "/wheel/gyro/absSum",
		"oscoutput4/oscoutput4-oscroute/offset" : 0.0,
		"oscoutput4/oscoutput4-oscroute/offset2" : 0.0,
		"oscoutput4/oscoutput4-oscroute/scalebypass" : 1.0,
		"oscoutput4/oscoutput4-oscroute/settingList" : [ 1, 0.0, 0.0, 0.0, "s", 0, "s", 0.0, "s", 0.0, "s", "s" ],
		"oscoutput4/oscoutput4-oscroute/input/max" : 1.0,
		"oscoutput4/oscoutput4-oscroute/input/min" : 0.0,
		"oscoutput4/oscoutput4-oscroute/output/max" : 1.0,
		"oscoutput4/oscoutput4-oscroute/output/min" : 0.0,
		"oscoutput4/port" : 8804,
		"oscoutput4/prepend" : "/wheel/gyro/absSum",
		"oscoutput5/address" : "127.0.0.1",
		"oscoutput5/oscoutput5-oscroute/abs" : 0.0,
		"oscoutput5/oscoutput5-oscroute/abs2" : 0.0,
		"oscoutput5/oscoutput5-oscroute/namespacebrowser/nodeAddress" : "/wheel/acc/qom",
		"oscoutput5/oscoutput5-oscroute/offset" : 0.0,
		"oscoutput5/oscoutput5-oscroute/offset2" : 0.0,
		"oscoutput5/oscoutput5-oscroute/scalebypass" : 1.0,
		"oscoutput5/oscoutput5-oscroute/settingList" : [ 1, 0.0, 0.0, 0.0, "s", 0, "s", 0.0, "s", 0.0, "s", "s" ],
		"oscoutput5/oscoutput5-oscroute/input/max" : 1.0,
		"oscoutput5/oscoutput5-oscroute/input/min" : 0.0,
		"oscoutput5/oscoutput5-oscroute/output/max" : 1.0,
		"oscoutput5/oscoutput5-oscroute/output/min" : 0.0,
		"oscoutput5/port" : 8805,
		"oscoutput5/prepend" : "/wheel/acc/qom",
		"oscoutput6/address" : "127.0.0.1",
		"oscoutput6/oscoutput6-oscroute/abs" : 0.0,
		"oscoutput6/oscoutput6-oscroute/abs2" : 0.0,
		"oscoutput6/oscoutput6-oscroute/namespacebrowser/nodeAddress" : "/wheel/acc/qom2",
		"oscoutput6/oscoutput6-oscroute/offset" : 0.0,
		"oscoutput6/oscoutput6-oscroute/offset2" : 0.0,
		"oscoutput6/oscoutput6-oscroute/scalebypass" : 1.0,
		"oscoutput6/oscoutput6-oscroute/settingList" : [ 1, 0.0, 0.0, 0.0, "s", 0, "s", 0.0, "s", 0.0, "s", "s" ],
		"oscoutput6/oscoutput6-oscroute/input/max" : 1.0,
		"oscoutput6/oscoutput6-oscroute/input/min" : 0.0,
		"oscoutput6/oscoutput6-oscroute/output/max" : 1.0,
		"oscoutput6/oscoutput6-oscroute/output/min" : 0.0,
		"oscoutput6/port" : 8806,
		"oscoutput6/prepend" : "/wheel/acc/qom2",
		"oscoutput7/address" : "127.0.0.1",
		"oscoutput7/oscoutput7-oscroute/abs" : 0.0,
		"oscoutput7/oscoutput7-oscroute/abs2" : 0.0,
		"oscoutput7/oscoutput7-oscroute/namespacebrowser/nodeAddress" : "/wheel/acc/shake",
		"oscoutput7/oscoutput7-oscroute/offset" : 0.0,
		"oscoutput7/oscoutput7-oscroute/offset2" : 0.0,
		"oscoutput7/oscoutput7-oscroute/scalebypass" : 1.0,
		"oscoutput7/oscoutput7-oscroute/settingList" : [ 1, 0.0, 0.0, 0.0, "s", 0, "s", 0.0, "s", 0.0, "s", "s" ],
		"oscoutput7/oscoutput7-oscroute/input/max" : 1.0,
		"oscoutput7/oscoutput7-oscroute/input/min" : 0.0,
		"oscoutput7/oscoutput7-oscroute/output/max" : 1.0,
		"oscoutput7/oscoutput7-oscroute/output/min" : 0.0,
		"oscoutput7/port" : 8807,
		"oscoutput7/prepend" : "/wheel/acc/shake",
		"oscoutput8/address" : "127.0.0.1",
		"oscoutput8/oscoutput8-oscroute/abs" : 0.0,
		"oscoutput8/oscoutput8-oscroute/abs2" : 0.0,
		"oscoutput8/oscoutput8-oscroute/namespacebrowser/nodeAddress" : "/wheel/gyro/weightedSpin",
		"oscoutput8/oscoutput8-oscroute/offset" : 0.0,
		"oscoutput8/oscoutput8-oscroute/offset2" : 0.0,
		"oscoutput8/oscoutput8-oscroute/scalebypass" : 0.0,
		"oscoutput8/oscoutput8-oscroute/settingList" : [ 1, 0.0, 300.0, 0.0, "s", 4, "s", 0.0, "s", 0.0, "s", "s" ],
		"oscoutput8/oscoutput8-oscroute/input/max" : 0.682833,
		"oscoutput8/oscoutput8-oscroute/input/min" : 0.460103,
		"oscoutput8/oscoutput8-oscroute/output/max" : 1.0,
		"oscoutput8/oscoutput8-oscroute/output/min" : 0.0,
		"oscoutput8/port" : 8808,
		"oscoutput8/prepend" : "/wheel/gyro/weightedSpin",
		"oscoutput9/address" : "127.0.0.1",
		"oscoutput9/oscoutput9-oscroute/abs" : 0.0,
		"oscoutput9/oscoutput9-oscroute/abs2" : 0.0,
		"oscoutput9/oscoutput9-oscroute/namespacebrowser/nodeAddress" : "/wheel/gyro/avg",
		"oscoutput9/oscoutput9-oscroute/offset" : 0.0,
		"oscoutput9/oscoutput9-oscroute/offset2" : 0.0,
		"oscoutput9/oscoutput9-oscroute/scalebypass" : 1.0,
		"oscoutput9/oscoutput9-oscroute/settingList" : [ 1, 0.0, 0.0, 0.0, "s", 0, "s", 0.0, "s", 0.0, "s", "s" ],
		"oscoutput9/oscoutput9-oscroute/input/max" : 1.0,
		"oscoutput9/oscoutput9-oscroute/input/min" : 0.0,
		"oscoutput9/oscoutput9-oscroute/output/max" : 1.0,
		"oscoutput9/oscoutput9-oscroute/output/min" : 0.0,
		"oscoutput9/port" : 8809,
		"oscoutput9/prepend" : "/wheel2/gyro/avg",
		"wheel/acc/avg" : -0.543573,
		"wheel/acc/qom" : 0.153255,
		"wheel/acc/qom2" : 1.0,
		"wheel/acc/shake" : 0.0,
		"wheel/acc/x" : -0.636704,
		"wheel/acc/y" : -1.061364,
		"wheel/acc/z" : -0.523267,
		"wheel/gyro/absSum" : 1.0,
		"wheel/gyro/avg" : 1.194479,
		"wheel/gyro/spin" : 0.830391,
		"wheel/gyro/weightedSpin" : 0.650575,
		"wheel/gyro/x" : 0.342263,
		"wheel/gyro/y" : 0.808249,
		"wheel/gyro/z" : 1.119258,
		"wheel2/acc/avg" : 0.586912,
		"wheel2/acc/qom" : 0.0,
		"wheel2/acc/qom2" : 0.002045,
		"wheel2/acc/shake" : 0.0,
		"wheel2/acc/x" : 0.465737,
		"wheel2/acc/y" : 0.15225,
		"wheel2/acc/z" : 0.447782,
		"wheel2/gyro/absSum" : 0.155065,
		"wheel2/gyro/avg" : 0.053579,
		"wheel2/gyro/spin" : 0.612544,
		"wheel2/gyro/weightedSpin" : 0.0,
		"wheel2/gyro/x" : 0.291828,
		"wheel2/gyro/y" : -0.189032,
		"wheel2/gyro/z" : 4.69321
	}
,
	"cue6" : 	{
		"navrand1/grain" : 10,
		"navrand1/interpolate" : 500,
		"navrand1/max" : 1.0,
		"navrand1/min" : 0.0,
		"navrand1/on" : 1.0,
		"navrand1/step" : 1.0,
		"navrand1/out/pre-interpolation" : 0.175,
		"navrand1/out/final/float" : 0.405928,
		"navrand1/out/final/int" : 405,
		"navrand1/rate/max" : 1000,
		"navrand1/rate/min" : 30,
		"navrand2/grain" : 10,
		"navrand2/interpolate" : 500,
		"navrand2/max" : 1.0,
		"navrand2/min" : 0.0,
		"navrand2/on" : 0.0,
		"navrand2/step" : 1.0,
		"navrand2/out/pre-interpolation" : 0.0,
		"navrand2/out/final/float" : 0.0,
		"navrand2/out/final/int" : 0,
		"navrand2/rate/max" : 1000,
		"navrand2/rate/min" : 30,
		"navrand3/grain" : 10,
		"navrand3/interpolate" : 500,
		"navrand3/max" : 1.0,
		"navrand3/min" : 0.0,
		"navrand3/on" : 0.0,
		"navrand3/step" : 1.0,
		"navrand3/out/pre-interpolation" : 0.0,
		"navrand3/out/final/float" : 0.0,
		"navrand3/out/final/int" : 0,
		"navrand3/rate/max" : 1000,
		"navrand3/rate/min" : 30,
		"navrand4/grain" : 10,
		"navrand4/interpolate" : 500,
		"navrand4/max" : 1.0,
		"navrand4/min" : 0.0,
		"navrand4/on" : 0.0,
		"navrand4/step" : 1.0,
		"navrand4/out/pre-interpolation" : 0.0,
		"navrand4/out/final/float" : 0.0,
		"navrand4/out/final/int" : 0,
		"navrand4/rate/max" : 1000,
		"navrand4/rate/min" : 30,
		"navrand5/grain" : 10,
		"navrand5/interpolate" : 500,
		"navrand5/max" : 1.0,
		"navrand5/min" : 0.0,
		"navrand5/on" : 0.0,
		"navrand5/step" : 1.0,
		"navrand5/out/pre-interpolation" : 0.0,
		"navrand5/out/final/float" : 0.0,
		"navrand5/out/final/int" : 0,
		"navrand5/rate/max" : 1000,
		"navrand5/rate/min" : 30,
		"navrand6/grain" : 10,
		"navrand6/interpolate" : 500,
		"navrand6/max" : 1.0,
		"navrand6/min" : 0.0,
		"navrand6/on" : 0.0,
		"navrand6/step" : 1.0,
		"navrand6/out/pre-interpolation" : 0.0,
		"navrand6/out/final/float" : 0.0,
		"navrand6/out/final/int" : 0,
		"navrand6/rate/max" : 1000,
		"navrand6/rate/min" : 30,
		"navrand7/grain" : 10,
		"navrand7/interpolate" : 500,
		"navrand7/max" : 1.0,
		"navrand7/min" : 0.0,
		"navrand7/on" : 0.0,
		"navrand7/step" : 1.0,
		"navrand7/out/pre-interpolation" : 0.0,
		"navrand7/out/final/float" : 0.0,
		"navrand7/out/final/int" : 0,
		"navrand7/rate/max" : 1000,
		"navrand7/rate/min" : 30,
		"navrand8/grain" : 10,
		"navrand8/interpolate" : 500,
		"navrand8/max" : 1.0,
		"navrand8/min" : 0.0,
		"navrand8/on" : 0.0,
		"navrand8/step" : 1.0,
		"navrand8/out/pre-interpolation" : 0.0,
		"navrand8/out/final/float" : 0.0,
		"navrand8/out/final/int" : 0,
		"navrand8/rate/max" : 1000,
		"navrand8/rate/min" : 30,
		"ngimu_r1/barometer" : 1013.195434999999975,
		"ngimu_r1/barometer/active" : 1.0,
		"ngimu_r1/acc/pitch" : 0.408773,
		"ngimu_r1/acc/pitch/active" : 1.0,
		"ngimu_r1/acc/pitch/invert" : 0.0,
		"ngimu_r1/acc/pitch/offset" : 0.0,
		"ngimu_r1/acc/preview" : 1.0,
		"ngimu_r1/acc/roll" : 0.223233,
		"ngimu_r1/acc/roll/active" : 1.0,
		"ngimu_r1/acc/roll/invert" : 0.0,
		"ngimu_r1/acc/roll/offset" : 0.0,
		"ngimu_r1/acc/magnitude/active" : 1.0,
		"ngimu_r1/acc/magnitude/norm" : 0.0,
		"ngimu_r1/acc/magnitude/raw" : 0.0,
		"ngimu_r1/acc/orientation/preview" : 0.0,
		"ngimu_r1/acc/qom/norm" : 0.00031,
		"ngimu_r1/acc/qom/raw" : -0.205818,
		"ngimu_r1/acc/x/active" : 1.0,
		"ngimu_r1/acc/x/norm" : 0.024844,
		"ngimu_r1/acc/x/raw" : 0.397496,
		"ngimu_r1/acc/x/qom/norm" : 0.00031,
		"ngimu_r1/acc/x/qom/raw" : 0.009935,
		"ngimu_r1/acc/y/active" : 1.0,
		"ngimu_r1/acc/y/norm" : -0.029309,
		"ngimu_r1/acc/y/raw" : -0.468951,
		"ngimu_r1/acc/y/qom/norm" : 0.000909,
		"ngimu_r1/acc/y/qom/raw" : 0.029089,
		"ngimu_r1/acc/z/active" : 1.0,
		"ngimu_r1/acc/z/norm" : 0.051462,
		"ngimu_r1/acc/z/raw" : 0.823398,
		"ngimu_r1/acc/z/qom/norm" : 0.000469,
		"ngimu_r1/acc/z/qom/raw" : 0.015002,
		"ngimu_r1/altitude/active" : 1.0,
		"ngimu_r1/altitude/preview" : 0.0,
		"ngimu_r1/altitude/raw" : 8.785458999999999,
		"ngimu_r1/battery/charge" : 0.0,
		"ngimu_r1/battery/current" : 268.75,
		"ngimu_r1/battery/percentage" : 0.579687,
		"ngimu_r1/battery/time" : 97.6875,
		"ngimu_r1/battery/voltage" : 3.799375,
		"ngimu_r1/earth/preview" : 0.0,
		"ngimu_r1/earth/x/active" : 1.0,
		"ngimu_r1/earth/x/norm" : 0.0,
		"ngimu_r1/earth/x/raw" : 0.0,
		"ngimu_r1/earth/y/active" : 1.0,
		"ngimu_r1/earth/y/norm" : 0.0,
		"ngimu_r1/earth/y/raw" : 0.0,
		"ngimu_r1/earth/z/active" : 1.0,
		"ngimu_r1/earth/z/norm" : 0.0,
		"ngimu_r1/earth/z/raw" : 0.0,
		"ngimu_r1/euler/preview" : 0.0,
		"ngimu_r1/euler/pitch/active" : 1.0,
		"ngimu_r1/euler/pitch/norm" : -0.000867,
		"ngimu_r1/euler/pitch/raw" : -0.156047,
		"ngimu_r1/euler/roll/active" : 1.0,
		"ngimu_r1/euler/roll/norm" : -0.001954,
		"ngimu_r1/euler/roll/raw" : -0.351764,
		"ngimu_r1/euler/yaw/active" : 1.0,
		"ngimu_r1/euler/yaw/norm" : -0.117722,
		"ngimu_r1/euler/yaw/raw" : -21.189957,
		"ngimu_r1/gyro/preview" : 0.0,
		"ngimu_r1/gyro/magnitude/active" : 1.0,
		"ngimu_r1/gyro/magnitude/norm" : 0.0,
		"ngimu_r1/gyro/magnitude/raw" : 0.0,
		"ngimu_r1/gyro/qom/norm" : 0.001115,
		"ngimu_r1/gyro/qom/raw" : 11.978107,
		"ngimu_r1/gyro/x/active" : 1.0,
		"ngimu_r1/gyro/x/norm" : 0.016749,
		"ngimu_r1/gyro/x/raw" : 33.632384999999999,
		"ngimu_r1/gyro/x/qom/norm" : 0.000994,
		"ngimu_r1/gyro/x/qom/raw" : 3.992702,
		"ngimu_r1/gyro/y/active" : 1.0,
		"ngimu_r1/gyro/y/norm" : 0.006626,
		"ngimu_r1/gyro/y/raw" : 13.304622999999999,
		"ngimu_r1/gyro/y/qom/norm" : 0.001257,
		"ngimu_r1/gyro/y/qom/raw" : 5.049536,
		"ngimu_r1/gyro/z/active" : 1.0,
		"ngimu_r1/gyro/z/norm" : 0.039576,
		"ngimu_r1/gyro/z/raw" : 79.469429000000005,
		"ngimu_r1/gyro/z/qom/norm" : 0.000198,
		"ngimu_r1/gyro/z/qom/raw" : 0.7959,
		"ngimu_r1/linear/preview" : 0.0,
		"ngimu_r1/linear/x/active" : 1.0,
		"ngimu_r1/linear/x/norm" : 0.0,
		"ngimu_r1/linear/x/raw" : 0.0,
		"ngimu_r1/linear/y/active" : 1.0,
		"ngimu_r1/linear/y/norm" : 0.0,
		"ngimu_r1/linear/y/raw" : 0.0,
		"ngimu_r1/linear/z/active" : 1.0,
		"ngimu_r1/linear/z/norm" : 0.0,
		"ngimu_r1/linear/z/raw" : 0.0,
		"ngimu_r1/mag/preview" : 1.0,
		"ngimu_r1/mag/qom" : 0.0,
		"ngimu_r1/mag/magnitude/active" : 1.0,
		"ngimu_r1/mag/magnitude/raw" : 0.0,
		"ngimu_r1/mag/magnitude/scaled" : 0.0,
		"ngimu_r1/mag/x/active" : 1.0,
		"ngimu_r1/mag/x/qom" : 0.0,
		"ngimu_r1/mag/x/raw" : -8.108008999999999,
		"ngimu_r1/mag/y/active" : 1.0,
		"ngimu_r1/mag/y/qom" : 0.0,
		"ngimu_r1/mag/y/raw" : 19.633735999999999,
		"ngimu_r1/mag/z/active" : 1.0,
		"ngimu_r1/mag/z/qom" : 0.0,
		"ngimu_r1/mag/z/raw" : -53.715995999999997,
		"ngimu_r1/magnitudes/preview" : 0.0,
		"ngimu_r1/matrix/preview" : 0.0,
		"ngimu_r1/matrix/xx/active" : 1.0,
		"ngimu_r1/matrix/xx/raw" : 0.0,
		"ngimu_r1/matrix/xy/active" : 1.0,
		"ngimu_r1/matrix/xy/raw" : 0.0,
		"ngimu_r1/matrix/xz/active" : 1.0,
		"ngimu_r1/matrix/xz/raw" : 0.0,
		"ngimu_r1/matrix/yx/active" : 1.0,
		"ngimu_r1/matrix/yx/raw" : 0.0,
		"ngimu_r1/matrix/yy/active" : 1.0,
		"ngimu_r1/matrix/yy/raw" : 0.0,
		"ngimu_r1/matrix/yz/active" : 1.0,
		"ngimu_r1/matrix/yz/raw" : 0.0,
		"ngimu_r1/matrix/zx/active" : 1.0,
		"ngimu_r1/matrix/zx/raw" : 0.0,
		"ngimu_r1/matrix/zy/active" : 1.0,
		"ngimu_r1/matrix/zy/raw" : 0.0,
		"ngimu_r1/matrix/zz/active" : 1.0,
		"ngimu_r1/matrix/zz/raw" : 0.0,
		"ngimu_r1/port/in" : 7800,
		"ngimu_r1/quaternion/preview" : 0.0,
		"ngimu_r1/quaternion/w/active" : 1.0,
		"ngimu_r1/quaternion/w/raw" : 0.319514,
		"ngimu_r1/quaternion/x/active" : 1.0,
		"ngimu_r1/quaternion/x/raw" : -0.685623,
		"ngimu_r1/quaternion/y/active" : 1.0,
		"ngimu_r1/quaternion/y/raw" : 0.533941,
		"ngimu_r1/quaternion/z/active" : 1.0,
		"ngimu_r1/quaternion/z/raw" : 0.341326,
		"ngimu_r1/rssi/dbm" : 0.0,
		"ngimu_r1/rssi/dbm/active" : 1.0,
		"ngimu_r1/rssi/percent" : 0.0,
		"ngimu_r1/rssi/percent/active" : 1.0,
		"ngimu_r1/temperature/processor" : 39.641998000000001,
		"ngimu_r1/temperature/processor/active" : 1.0,
		"ngimu_r1/temperature/sensors" : 31.530000999999999,
		"ngimu_r1/temperature/sensors/active" : 1.0,
		"ngimu_r2/barometer" : 1012.785156000000029,
		"ngimu_r2/barometer/active" : 1.0,
		"ngimu_r2/acc/pitch" : -0.990281,
		"ngimu_r2/acc/pitch/active" : 1.0,
		"ngimu_r2/acc/pitch/invert" : 0.0,
		"ngimu_r2/acc/pitch/offset" : 0.0,
		"ngimu_r2/acc/preview" : 0.0,
		"ngimu_r2/acc/roll" : 0.53979,
		"ngimu_r2/acc/roll/active" : 1.0,
		"ngimu_r2/acc/roll/invert" : 0.0,
		"ngimu_r2/acc/roll/offset" : 0.0,
		"ngimu_r2/acc/magnitude/active" : 1.0,
		"ngimu_r2/acc/magnitude/norm" : 0.0,
		"ngimu_r2/acc/magnitude/raw" : 0.0,
		"ngimu_r2/acc/orientation/preview" : 0.0,
		"ngimu_r2/acc/qom/norm" : 0.002865,
		"ngimu_r2/acc/qom/raw" : 0.552589,
		"ngimu_r2/acc/x/active" : 1.0,
		"ngimu_r2/acc/x/norm" : 0.027282,
		"ngimu_r2/acc/x/raw" : 0.436506,
		"ngimu_r2/acc/x/qom/norm" : 0.0,
		"ngimu_r2/acc/x/qom/raw" : 0.0,
		"ngimu_r2/acc/y/active" : 1.0,
		"ngimu_r2/acc/y/norm" : -0.006942,
		"ngimu_r2/acc/y/raw" : -0.111079,
		"ngimu_r2/acc/y/qom/norm" : 0.0,
		"ngimu_r2/acc/y/qom/raw" : 0.0,
		"ngimu_r2/acc/z/active" : 1.0,
		"ngimu_r2/acc/z/norm" : 0.07021,
		"ngimu_r2/acc/z/raw" : 1.123366,
		"ngimu_r2/acc/z/qom/norm" : 0.0,
		"ngimu_r2/acc/z/qom/raw" : 0.0,
		"ngimu_r2/altitude/active" : 1.0,
		"ngimu_r2/altitude/preview" : 0.0,
		"ngimu_r2/altitude/raw" : 0.0,
		"ngimu_r2/battery/charge" : 0.0,
		"ngimu_r2/battery/current" : 270.625,
		"ngimu_r2/battery/percentage" : 0.918945,
		"ngimu_r2/battery/time" : 178.40625,
		"ngimu_r2/battery/voltage" : 4.00375,
		"ngimu_r2/earth/preview" : 0.0,
		"ngimu_r2/earth/x/active" : 1.0,
		"ngimu_r2/earth/x/norm" : 0.0,
		"ngimu_r2/earth/x/raw" : 0.0,
		"ngimu_r2/earth/y/active" : 1.0,
		"ngimu_r2/earth/y/norm" : 0.0,
		"ngimu_r2/earth/y/raw" : 0.0,
		"ngimu_r2/earth/z/active" : 1.0,
		"ngimu_r2/earth/z/norm" : 0.0,
		"ngimu_r2/earth/z/raw" : 0.0,
		"ngimu_r2/euler/preview" : 0.0,
		"ngimu_r2/euler/pitch/active" : 1.0,
		"ngimu_r2/euler/pitch/norm" : 0.0,
		"ngimu_r2/euler/pitch/raw" : 0.0,
		"ngimu_r2/euler/roll/active" : 1.0,
		"ngimu_r2/euler/roll/norm" : 0.0,
		"ngimu_r2/euler/roll/raw" : 0.0,
		"ngimu_r2/euler/yaw/active" : 1.0,
		"ngimu_r2/euler/yaw/norm" : 0.0,
		"ngimu_r2/euler/yaw/raw" : 0.0,
		"ngimu_r2/gyro/preview" : 0.0,
		"ngimu_r2/gyro/magnitude/active" : 1.0,
		"ngimu_r2/gyro/magnitude/norm" : 0.0,
		"ngimu_r2/gyro/magnitude/raw" : 0.0,
		"ngimu_r2/gyro/qom/norm" : 0.049541,
		"ngimu_r2/gyro/qom/raw" : 524.065429999999992,
		"ngimu_r2/gyro/x/active" : 1.0,
		"ngimu_r2/gyro/x/norm" : -0.058658,
		"ngimu_r2/gyro/x/raw" : -117.784492,
		"ngimu_r2/gyro/x/qom/norm" : 0.0,
		"ngimu_r2/gyro/x/qom/raw" : 0.0,
		"ngimu_r2/gyro/y/active" : 1.0,
		"ngimu_r2/gyro/y/norm" : 0.002024,
		"ngimu_r2/gyro/y/raw" : 4.063627,
		"ngimu_r2/gyro/y/qom/norm" : 0.0,
		"ngimu_r2/gyro/y/qom/raw" : 0.0,
		"ngimu_r2/gyro/z/active" : 1.0,
		"ngimu_r2/gyro/z/norm" : -0.04603,
		"ngimu_r2/gyro/z/raw" : -92.429160999999993,
		"ngimu_r2/gyro/z/qom/norm" : 0.0,
		"ngimu_r2/gyro/z/qom/raw" : 0.0,
		"ngimu_r2/linear/preview" : 0.0,
		"ngimu_r2/linear/x/active" : 1.0,
		"ngimu_r2/linear/x/norm" : 0.0,
		"ngimu_r2/linear/x/raw" : 0.0,
		"ngimu_r2/linear/y/active" : 1.0,
		"ngimu_r2/linear/y/norm" : 0.0,
		"ngimu_r2/linear/y/raw" : 0.0,
		"ngimu_r2/linear/z/active" : 1.0,
		"ngimu_r2/linear/z/norm" : 0.0,
		"ngimu_r2/linear/z/raw" : 0.0,
		"ngimu_r2/mag/preview" : 0.0,
		"ngimu_r2/mag/qom" : 0.0,
		"ngimu_r2/mag/magnitude/active" : 1.0,
		"ngimu_r2/mag/magnitude/raw" : 0.0,
		"ngimu_r2/mag/magnitude/scaled" : 0.0,
		"ngimu_r2/mag/x/active" : 1.0,
		"ngimu_r2/mag/x/qom" : 0.0,
		"ngimu_r2/mag/x/raw" : 7.223287,
		"ngimu_r2/mag/y/active" : 1.0,
		"ngimu_r2/mag/y/qom" : 0.0,
		"ngimu_r2/mag/y/raw" : 6.64473,
		"ngimu_r2/mag/z/active" : 1.0,
		"ngimu_r2/mag/z/qom" : 0.0,
		"ngimu_r2/mag/z/raw" : -42.987648,
		"ngimu_r2/magnitudes/preview" : 0.0,
		"ngimu_r2/matrix/preview" : 0.0,
		"ngimu_r2/matrix/xx/active" : 1.0,
		"ngimu_r2/matrix/xx/raw" : 0.0,
		"ngimu_r2/matrix/xy/active" : 1.0,
		"ngimu_r2/matrix/xy/raw" : 0.0,
		"ngimu_r2/matrix/xz/active" : 1.0,
		"ngimu_r2/matrix/xz/raw" : 0.0,
		"ngimu_r2/matrix/yx/active" : 1.0,
		"ngimu_r2/matrix/yx/raw" : 0.0,
		"ngimu_r2/matrix/yy/active" : 1.0,
		"ngimu_r2/matrix/yy/raw" : 0.0,
		"ngimu_r2/matrix/yz/active" : 1.0,
		"ngimu_r2/matrix/yz/raw" : 0.0,
		"ngimu_r2/matrix/zx/active" : 1.0,
		"ngimu_r2/matrix/zx/raw" : 0.0,
		"ngimu_r2/matrix/zy/active" : 1.0,
		"ngimu_r2/matrix/zy/raw" : 0.0,
		"ngimu_r2/matrix/zz/active" : 1.0,
		"ngimu_r2/matrix/zz/raw" : 0.0,
		"ngimu_r2/port/in" : 7801,
		"ngimu_r2/quaternion/preview" : 0.0,
		"ngimu_r2/quaternion/w/active" : 1.0,
		"ngimu_r2/quaternion/w/raw" : 0.008966,
		"ngimu_r2/quaternion/x/active" : 1.0,
		"ngimu_r2/quaternion/x/raw" : -0.353248,
		"ngimu_r2/quaternion/y/active" : 1.0,
		"ngimu_r2/quaternion/y/raw" : 0.933682,
		"ngimu_r2/quaternion/z/active" : 1.0,
		"ngimu_r2/quaternion/z/raw" : 0.000841,
		"ngimu_r2/rssi/dbm" : 0.0,
		"ngimu_r2/rssi/dbm/active" : 1.0,
		"ngimu_r2/rssi/percent" : 0.0,
		"ngimu_r2/rssi/percent/active" : 1.0,
		"ngimu_r2/temperature/processor" : 35.026001000000001,
		"ngimu_r2/temperature/processor/active" : 1.0,
		"ngimu_r2/temperature/sensors" : 30.614000000000001,
		"ngimu_r2/temperature/sensors/active" : 1.0,
		"oscoutput1/address" : "127.0.0.1",
		"oscoutput1/oscoutput1-oscroute/abs" : 0.0,
		"oscoutput1/oscoutput1-oscroute/abs2" : 0.0,
		"oscoutput1/oscoutput1-oscroute/namespacebrowser/nodeAddress" : "/wheel/gyro/avg",
		"oscoutput1/oscoutput1-oscroute/offset" : 0.0,
		"oscoutput1/oscoutput1-oscroute/offset2" : 0.0,
		"oscoutput1/oscoutput1-oscroute/scalebypass" : 1.0,
		"oscoutput1/oscoutput1-oscroute/settingList" : [ 1, 0.0, 0.0, 0.0, "s", 0, "s", 0.0, "s", 0.0, "s", "s" ],
		"oscoutput1/oscoutput1-oscroute/input/max" : 1.0,
		"oscoutput1/oscoutput1-oscroute/input/min" : 0.0,
		"oscoutput1/oscoutput1-oscroute/output/max" : 1.0,
		"oscoutput1/oscoutput1-oscroute/output/min" : 0.0,
		"oscoutput1/port" : 8801,
		"oscoutput1/prepend" : "/wheel/gyro/avg",
		"oscoutput10/address" : "127.0.0.1",
		"oscoutput10/oscoutput10-oscroute/abs" : 0.0,
		"oscoutput10/oscoutput10-oscroute/abs2" : 0.0,
		"oscoutput10/oscoutput10-oscroute/namespacebrowser/nodeAddress" : "/wheel/gyro/weightedSpin",
		"oscoutput10/oscoutput10-oscroute/offset" : 0.0,
		"oscoutput10/oscoutput10-oscroute/offset2" : 0.0,
		"oscoutput10/oscoutput10-oscroute/scalebypass" : 1.0,
		"oscoutput10/oscoutput10-oscroute/settingList" : [ 1, 0.0, 0.0, 0.0, "s", 0, "s", 0.0, "s", 0.0, "s", "s" ],
		"oscoutput10/oscoutput10-oscroute/input/max" : 1.0,
		"oscoutput10/oscoutput10-oscroute/input/min" : 0.0,
		"oscoutput10/oscoutput10-oscroute/output/max" : 1.0,
		"oscoutput10/oscoutput10-oscroute/output/min" : 0.0,
		"oscoutput10/port" : 8810,
		"oscoutput10/prepend" : "/wheel2/gyro/weightedSpin",
		"oscoutput11/address" : "127.0.0.1",
		"oscoutput11/oscoutput11-oscroute/abs" : 0.0,
		"oscoutput11/oscoutput11-oscroute/abs2" : 0.0,
		"oscoutput11/oscoutput11-oscroute/namespacebrowser/nodeAddress" : "/wheel/gyro/spin",
		"oscoutput11/oscoutput11-oscroute/offset" : 0.0,
		"oscoutput11/oscoutput11-oscroute/offset2" : 0.0,
		"oscoutput11/oscoutput11-oscroute/scalebypass" : 1.0,
		"oscoutput11/oscoutput11-oscroute/settingList" : [ 1, 0.0, 0.0, 0.0, "s", 0, "s", 0.0, "s", 0.0, "s", "s" ],
		"oscoutput11/oscoutput11-oscroute/input/max" : 1.0,
		"oscoutput11/oscoutput11-oscroute/input/min" : 0.0,
		"oscoutput11/oscoutput11-oscroute/output/max" : 1.0,
		"oscoutput11/oscoutput11-oscroute/output/min" : 0.0,
		"oscoutput11/port" : 8811,
		"oscoutput11/prepend" : "/wheel2/gyro/spin",
		"oscoutput12/address" : "127.0.0.1",
		"oscoutput12/oscoutput12-oscroute/abs" : 0.0,
		"oscoutput12/oscoutput12-oscroute/abs2" : 0.0,
		"oscoutput12/oscoutput12-oscroute/namespacebrowser/nodeAddress" : "/wheel/gyro/absSum",
		"oscoutput12/oscoutput12-oscroute/offset" : 0.0,
		"oscoutput12/oscoutput12-oscroute/offset2" : 0.0,
		"oscoutput12/oscoutput12-oscroute/scalebypass" : 1.0,
		"oscoutput12/oscoutput12-oscroute/settingList" : [ 1, 0.0, 0.0, 0.0, "s", 0, "s", 0.0, "s", 0.0, "s", "s" ],
		"oscoutput12/oscoutput12-oscroute/input/max" : 1.0,
		"oscoutput12/oscoutput12-oscroute/input/min" : 0.0,
		"oscoutput12/oscoutput12-oscroute/output/max" : 1.0,
		"oscoutput12/oscoutput12-oscroute/output/min" : 0.0,
		"oscoutput12/port" : 8812,
		"oscoutput12/prepend" : "/wheel2/gyro/absSum",
		"oscoutput13/address" : "127.0.0.1",
		"oscoutput13/oscoutput13-oscroute/abs" : 0.0,
		"oscoutput13/oscoutput13-oscroute/abs2" : 0.0,
		"oscoutput13/oscoutput13-oscroute/namespacebrowser/nodeAddress" : "/wheel/acc/qom",
		"oscoutput13/oscoutput13-oscroute/offset" : 0.0,
		"oscoutput13/oscoutput13-oscroute/offset2" : 0.0,
		"oscoutput13/oscoutput13-oscroute/scalebypass" : 1.0,
		"oscoutput13/oscoutput13-oscroute/settingList" : [ 1, 0.0, 0.0, 0.0, "s", 0, "s", 0.0, "s", 0.0, "s", "s" ],
		"oscoutput13/oscoutput13-oscroute/input/max" : 1.0,
		"oscoutput13/oscoutput13-oscroute/input/min" : 0.0,
		"oscoutput13/oscoutput13-oscroute/output/max" : 1.0,
		"oscoutput13/oscoutput13-oscroute/output/min" : 0.0,
		"oscoutput13/port" : 8813,
		"oscoutput13/prepend" : "/wheel2/acc/qom",
		"oscoutput14/address" : "127.0.0.1",
		"oscoutput14/oscoutput14-oscroute/abs" : 0.0,
		"oscoutput14/oscoutput14-oscroute/abs2" : 0.0,
		"oscoutput14/oscoutput14-oscroute/namespacebrowser/nodeAddress" : "/wheel/acc/qom2",
		"oscoutput14/oscoutput14-oscroute/offset" : 0.0,
		"oscoutput14/oscoutput14-oscroute/offset2" : 0.0,
		"oscoutput14/oscoutput14-oscroute/scalebypass" : 1.0,
		"oscoutput14/oscoutput14-oscroute/settingList" : [ 1, 0.0, 0.0, 0.0, "s", 0, "s", 0.0, "s", 0.0, "s", "s" ],
		"oscoutput14/oscoutput14-oscroute/input/max" : 1.0,
		"oscoutput14/oscoutput14-oscroute/input/min" : 0.0,
		"oscoutput14/oscoutput14-oscroute/output/max" : 1.0,
		"oscoutput14/oscoutput14-oscroute/output/min" : 0.0,
		"oscoutput14/port" : 8814,
		"oscoutput14/prepend" : "/wheel2/acc/qom2",
		"oscoutput15/address" : "127.0.0.1",
		"oscoutput15/oscoutput15-oscroute/abs" : 0.0,
		"oscoutput15/oscoutput15-oscroute/abs2" : 0.0,
		"oscoutput15/oscoutput15-oscroute/namespacebrowser/nodeAddress" : "/wheel/acc/shake",
		"oscoutput15/oscoutput15-oscroute/offset" : 0.0,
		"oscoutput15/oscoutput15-oscroute/offset2" : 0.0,
		"oscoutput15/oscoutput15-oscroute/scalebypass" : 1.0,
		"oscoutput15/oscoutput15-oscroute/settingList" : [ 1, 0.0, 0.0, 0.0, "s", 0, "s", 0.0, "s", 0.0, "s", "s" ],
		"oscoutput15/oscoutput15-oscroute/input/max" : 1.0,
		"oscoutput15/oscoutput15-oscroute/input/min" : 0.0,
		"oscoutput15/oscoutput15-oscroute/output/max" : 1.0,
		"oscoutput15/oscoutput15-oscroute/output/min" : 0.0,
		"oscoutput15/port" : 8815,
		"oscoutput15/prepend" : "/wheel2/acc/shake",
		"oscoutput16/address" : "127.0.0.1",
		"oscoutput16/oscoutput16-oscroute/abs" : 0.0,
		"oscoutput16/oscoutput16-oscroute/abs2" : 0.0,
		"oscoutput16/oscoutput16-oscroute/namespacebrowser/nodeAddress" : "/wheel/gyro/weightedSpin",
		"oscoutput16/oscoutput16-oscroute/offset" : 0.0,
		"oscoutput16/oscoutput16-oscroute/offset2" : 0.0,
		"oscoutput16/oscoutput16-oscroute/scalebypass" : 1.0,
		"oscoutput16/oscoutput16-oscroute/settingList" : [ 1, 0.0, 300.0, 0.0, "s", 0, "s", 0.0, "s", 0.0, "s", "s" ],
		"oscoutput16/oscoutput16-oscroute/input/max" : 0.6828,
		"oscoutput16/oscoutput16-oscroute/input/min" : 0.4601,
		"oscoutput16/oscoutput16-oscroute/output/max" : 1.0,
		"oscoutput16/oscoutput16-oscroute/output/min" : 0.0,
		"oscoutput16/port" : 8816,
		"oscoutput16/prepend" : "/wheel/gyro/weightedSpin",
		"oscoutput2/address" : "127.0.0.1",
		"oscoutput2/oscoutput2-oscroute/abs" : 0.0,
		"oscoutput2/oscoutput2-oscroute/abs2" : 0.0,
		"oscoutput2/oscoutput2-oscroute/namespacebrowser/nodeAddress" : "/wheel/gyro/weightedSpin",
		"oscoutput2/oscoutput2-oscroute/offset" : 0.0,
		"oscoutput2/oscoutput2-oscroute/offset2" : 0.0,
		"oscoutput2/oscoutput2-oscroute/scalebypass" : 1.0,
		"oscoutput2/oscoutput2-oscroute/settingList" : [ 1, 0.0, 0.0, 0.0, "s", 1, "s", 0.0, "s", 0.0, "s", "s" ],
		"oscoutput2/oscoutput2-oscroute/input/max" : 1.0,
		"oscoutput2/oscoutput2-oscroute/input/min" : 0.0,
		"oscoutput2/oscoutput2-oscroute/output/max" : 1.0,
		"oscoutput2/oscoutput2-oscroute/output/min" : 0.0,
		"oscoutput2/port" : 8802,
		"oscoutput2/prepend" : "/wheel/gyro/weightedSpin",
		"oscoutput3/address" : "127.0.0.1",
		"oscoutput3/oscoutput3-oscroute/abs" : 0.0,
		"oscoutput3/oscoutput3-oscroute/abs2" : 0.0,
		"oscoutput3/oscoutput3-oscroute/namespacebrowser/nodeAddress" : "/wheel/gyro/spin",
		"oscoutput3/oscoutput3-oscroute/offset" : 0.0,
		"oscoutput3/oscoutput3-oscroute/offset2" : 0.0,
		"oscoutput3/oscoutput3-oscroute/scalebypass" : 1.0,
		"oscoutput3/oscoutput3-oscroute/settingList" : [ 1, 0.0, 0.0, 0.0, "s", 0, "s", 0.0, "s", 0.0, "s", "s" ],
		"oscoutput3/oscoutput3-oscroute/input/max" : 1.0,
		"oscoutput3/oscoutput3-oscroute/input/min" : 0.0,
		"oscoutput3/oscoutput3-oscroute/output/max" : 1.0,
		"oscoutput3/oscoutput3-oscroute/output/min" : 0.0,
		"oscoutput3/port" : 8803,
		"oscoutput3/prepend" : "/wheel/gyro/spin",
		"oscoutput4/address" : "127.0.0.1",
		"oscoutput4/oscoutput4-oscroute/abs" : 0.0,
		"oscoutput4/oscoutput4-oscroute/abs2" : 0.0,
		"oscoutput4/oscoutput4-oscroute/namespacebrowser/nodeAddress" : "/wheel/gyro/absSum",
		"oscoutput4/oscoutput4-oscroute/offset" : 0.0,
		"oscoutput4/oscoutput4-oscroute/offset2" : 0.0,
		"oscoutput4/oscoutput4-oscroute/scalebypass" : 1.0,
		"oscoutput4/oscoutput4-oscroute/settingList" : [ 1, 0.0, 0.0, 0.0, "s", 0, "s", 0.0, "s", 0.0, "s", "s" ],
		"oscoutput4/oscoutput4-oscroute/input/max" : 1.0,
		"oscoutput4/oscoutput4-oscroute/input/min" : 0.0,
		"oscoutput4/oscoutput4-oscroute/output/max" : 1.0,
		"oscoutput4/oscoutput4-oscroute/output/min" : 0.0,
		"oscoutput4/port" : 8804,
		"oscoutput4/prepend" : "/wheel/gyro/absSum",
		"oscoutput5/address" : "127.0.0.1",
		"oscoutput5/oscoutput5-oscroute/abs" : 0.0,
		"oscoutput5/oscoutput5-oscroute/abs2" : 0.0,
		"oscoutput5/oscoutput5-oscroute/namespacebrowser/nodeAddress" : "/wheel/acc/qom",
		"oscoutput5/oscoutput5-oscroute/offset" : 0.0,
		"oscoutput5/oscoutput5-oscroute/offset2" : 0.0,
		"oscoutput5/oscoutput5-oscroute/scalebypass" : 1.0,
		"oscoutput5/oscoutput5-oscroute/settingList" : [ 1, 0.0, 0.0, 0.0, "s", 0, "s", 0.0, "s", 0.0, "s", "s" ],
		"oscoutput5/oscoutput5-oscroute/input/max" : 1.0,
		"oscoutput5/oscoutput5-oscroute/input/min" : 0.0,
		"oscoutput5/oscoutput5-oscroute/output/max" : 1.0,
		"oscoutput5/oscoutput5-oscroute/output/min" : 0.0,
		"oscoutput5/port" : 8805,
		"oscoutput5/prepend" : "/wheel/acc/qom",
		"oscoutput6/address" : "127.0.0.1",
		"oscoutput6/oscoutput6-oscroute/abs" : 0.0,
		"oscoutput6/oscoutput6-oscroute/abs2" : 0.0,
		"oscoutput6/oscoutput6-oscroute/namespacebrowser/nodeAddress" : "/wheel/acc/qom2",
		"oscoutput6/oscoutput6-oscroute/offset" : 0.0,
		"oscoutput6/oscoutput6-oscroute/offset2" : 0.0,
		"oscoutput6/oscoutput6-oscroute/scalebypass" : 1.0,
		"oscoutput6/oscoutput6-oscroute/settingList" : [ 1, 0.0, 0.0, 0.0, "s", 0, "s", 0.0, "s", 0.0, "s", "s" ],
		"oscoutput6/oscoutput6-oscroute/input/max" : 1.0,
		"oscoutput6/oscoutput6-oscroute/input/min" : 0.0,
		"oscoutput6/oscoutput6-oscroute/output/max" : 1.0,
		"oscoutput6/oscoutput6-oscroute/output/min" : 0.0,
		"oscoutput6/port" : 8806,
		"oscoutput6/prepend" : "/wheel/acc/qom2",
		"oscoutput7/address" : "127.0.0.1",
		"oscoutput7/oscoutput7-oscroute/abs" : 0.0,
		"oscoutput7/oscoutput7-oscroute/abs2" : 0.0,
		"oscoutput7/oscoutput7-oscroute/namespacebrowser/nodeAddress" : "/wheel/acc/shake",
		"oscoutput7/oscoutput7-oscroute/offset" : 0.0,
		"oscoutput7/oscoutput7-oscroute/offset2" : 0.0,
		"oscoutput7/oscoutput7-oscroute/scalebypass" : 1.0,
		"oscoutput7/oscoutput7-oscroute/settingList" : [ 1, 0.0, 0.0, 0.0, "s", 0, "s", 0.0, "s", 0.0, "s", "s" ],
		"oscoutput7/oscoutput7-oscroute/input/max" : 1.0,
		"oscoutput7/oscoutput7-oscroute/input/min" : 0.0,
		"oscoutput7/oscoutput7-oscroute/output/max" : 1.0,
		"oscoutput7/oscoutput7-oscroute/output/min" : 0.0,
		"oscoutput7/port" : 8807,
		"oscoutput7/prepend" : "/wheel/acc/shake",
		"oscoutput8/address" : "127.0.0.1",
		"oscoutput8/oscoutput8-oscroute/abs" : 0.0,
		"oscoutput8/oscoutput8-oscroute/abs2" : 0.0,
		"oscoutput8/oscoutput8-oscroute/namespacebrowser/nodeAddress" : "/wheel/gyro/weightedSpin",
		"oscoutput8/oscoutput8-oscroute/offset" : 0.0,
		"oscoutput8/oscoutput8-oscroute/offset2" : 0.0,
		"oscoutput8/oscoutput8-oscroute/scalebypass" : 1.0,
		"oscoutput8/oscoutput8-oscroute/settingList" : [ 1, 0.0, 300.0, 0.0, "s", 4, "s", 0.0, "s", 0.0, "s", "s" ],
		"oscoutput8/oscoutput8-oscroute/input/max" : 0.682833,
		"oscoutput8/oscoutput8-oscroute/input/min" : 0.460103,
		"oscoutput8/oscoutput8-oscroute/output/max" : 1.0,
		"oscoutput8/oscoutput8-oscroute/output/min" : 0.0,
		"oscoutput8/port" : 8808,
		"oscoutput8/prepend" : "/wheel/gyro/weightedSpin",
		"oscoutput9/address" : "127.0.0.1",
		"oscoutput9/oscoutput9-oscroute/abs" : 0.0,
		"oscoutput9/oscoutput9-oscroute/abs2" : 0.0,
		"oscoutput9/oscoutput9-oscroute/namespacebrowser/nodeAddress" : "/wheel/gyro/avg",
		"oscoutput9/oscoutput9-oscroute/offset" : 0.0,
		"oscoutput9/oscoutput9-oscroute/offset2" : 0.0,
		"oscoutput9/oscoutput9-oscroute/scalebypass" : 1.0,
		"oscoutput9/oscoutput9-oscroute/settingList" : [ 1, 0.0, 0.0, 0.0, "s", 0, "s", 0.0, "s", 0.0, "s", "s" ],
		"oscoutput9/oscoutput9-oscroute/input/max" : 1.0,
		"oscoutput9/oscoutput9-oscroute/input/min" : 0.0,
		"oscoutput9/oscoutput9-oscroute/output/max" : 1.0,
		"oscoutput9/oscoutput9-oscroute/output/min" : 0.0,
		"oscoutput9/port" : 8809,
		"oscoutput9/prepend" : "/wheel2/gyro/avg",
		"wheel/acc/avg" : 0.201319,
		"wheel/acc/qom" : 0.0,
		"wheel/acc/qom2" : 0.011793,
		"wheel/acc/shake" : 0.0,
		"wheel/acc/trig" : 0,
		"wheel/acc/x" : 0.216345,
		"wheel/acc/y" : -0.206969,
		"wheel/acc/z" : 0.435608,
		"wheel/gyro/absSum" : 0.321246,
		"wheel/gyro/avg" : 0.32381,
		"wheel/gyro/spin" : 0.0,
		"wheel/gyro/weightedSpin" : 0.09911,
		"wheel/gyro/x" : 0.151497,
		"wheel/gyro/y" : 0.147829,
		"wheel/gyro/z" : 0.35797,
		"wheel2/acc/avg" : 0.201319,
		"wheel2/acc/qom" : 0.0,
		"wheel2/acc/qom2" : 0.011793,
		"wheel2/acc/shake" : 0.0,
		"wheel2/acc/trig" : 0,
		"wheel2/acc/x" : 0.216345,
		"wheel2/acc/y" : -0.206969,
		"wheel2/acc/z" : 0.435608,
		"wheel2/gyro/absSum" : 0.321246,
		"wheel2/gyro/avg" : 0.32381,
		"wheel2/gyro/spin" : 0.0,
		"wheel2/gyro/weightedSpin" : 0.09911,
		"wheel2/gyro/x" : 0.151497,
		"wheel2/gyro/y" : 0.147829,
		"wheel2/gyro/z" : 0.35797
	}

}
