{
	"cue1" : 	{
		"navrand1/grain" : 10,
		"navrand1/interpolate" : 500,
		"navrand1/max" : 1.0,
		"navrand1/min" : 0.0,
		"navrand1/on" : 1.0,
		"navrand1/step" : 1.0,
		"navrand1/out/pre-interpolation" : 0.812,
		"navrand1/out/final/float" : 0.820107,
		"navrand1/out/final/int" : 820,
		"navrand1/rate/max" : 1000,
		"navrand1/rate/min" : 30,
		"navrand2/grain" : 10,
		"navrand2/interpolate" : 500,
		"navrand2/max" : 1.0,
		"navrand2/min" : 0.0,
		"navrand2/on" : 0.0,
		"navrand2/step" : 1.0,
		"navrand2/out/pre-interpolation" : 0.0,
		"navrand2/out/final/float" : 0.0,
		"navrand2/out/final/int" : 0,
		"navrand2/rate/max" : 1000,
		"navrand2/rate/min" : 30,
		"navrand3/grain" : 10,
		"navrand3/interpolate" : 500,
		"navrand3/max" : 1.0,
		"navrand3/min" : 0.0,
		"navrand3/on" : 0.0,
		"navrand3/step" : 1.0,
		"navrand3/out/pre-interpolation" : 0.0,
		"navrand3/out/final/float" : 0.0,
		"navrand3/out/final/int" : 0,
		"navrand3/rate/max" : 1000,
		"navrand3/rate/min" : 30,
		"navrand4/grain" : 10,
		"navrand4/interpolate" : 500,
		"navrand4/max" : 1.0,
		"navrand4/min" : 0.0,
		"navrand4/on" : 0.0,
		"navrand4/step" : 1.0,
		"navrand4/out/pre-interpolation" : 0.0,
		"navrand4/out/final/float" : 0.0,
		"navrand4/out/final/int" : 0,
		"navrand4/rate/max" : 1000,
		"navrand4/rate/min" : 30,
		"navrand5/grain" : 10,
		"navrand5/interpolate" : 500,
		"navrand5/max" : 1.0,
		"navrand5/min" : 0.0,
		"navrand5/on" : 0.0,
		"navrand5/step" : 1.0,
		"navrand5/out/pre-interpolation" : 0.0,
		"navrand5/out/final/float" : 0.0,
		"navrand5/out/final/int" : 0,
		"navrand5/rate/max" : 1000,
		"navrand5/rate/min" : 30,
		"navrand6/grain" : 10,
		"navrand6/interpolate" : 500,
		"navrand6/max" : 1.0,
		"navrand6/min" : 0.0,
		"navrand6/on" : 0.0,
		"navrand6/step" : 1.0,
		"navrand6/out/pre-interpolation" : 0.0,
		"navrand6/out/final/float" : 0.0,
		"navrand6/out/final/int" : 0,
		"navrand6/rate/max" : 1000,
		"navrand6/rate/min" : 30,
		"navrand7/grain" : 10,
		"navrand7/interpolate" : 500,
		"navrand7/max" : 1.0,
		"navrand7/min" : 0.0,
		"navrand7/on" : 0.0,
		"navrand7/step" : 1.0,
		"navrand7/out/pre-interpolation" : 0.0,
		"navrand7/out/final/float" : 0.0,
		"navrand7/out/final/int" : 0,
		"navrand7/rate/max" : 1000,
		"navrand7/rate/min" : 30,
		"navrand8/grain" : 10,
		"navrand8/interpolate" : 500,
		"navrand8/max" : 1.0,
		"navrand8/min" : 0.0,
		"navrand8/on" : 0.0,
		"navrand8/step" : 1.0,
		"navrand8/out/pre-interpolation" : 0.0,
		"navrand8/out/final/float" : 0.0,
		"navrand8/out/final/int" : 0,
		"navrand8/rate/max" : 1000,
		"navrand8/rate/min" : 30,
		"ngimu_r1/barometer" : 1008.670776000000046,
		"ngimu_r1/barometer/active" : 1.0,
		"ngimu_r1/acc/pitch" : 0.408773,
		"ngimu_r1/acc/pitch/active" : 1.0,
		"ngimu_r1/acc/pitch/invert" : 0.0,
		"ngimu_r1/acc/pitch/offset" : 0.0,
		"ngimu_r1/acc/preview" : 1.0,
		"ngimu_r1/acc/roll" : 0.223233,
		"ngimu_r1/acc/roll/active" : 1.0,
		"ngimu_r1/acc/roll/invert" : 0.0,
		"ngimu_r1/acc/roll/offset" : 0.0,
		"ngimu_r1/acc/magnitude/active" : 1.0,
		"ngimu_r1/acc/magnitude/norm" : 0.0,
		"ngimu_r1/acc/magnitude/raw" : 0.0,
		"ngimu_r1/acc/orientation/preview" : 0.0,
		"ngimu_r1/acc/qom/norm" : 0.00031,
		"ngimu_r1/acc/qom/raw" : -0.205818,
		"ngimu_r1/acc/x/active" : 1.0,
		"ngimu_r1/acc/x/norm" : -0.031824,
		"ngimu_r1/acc/x/raw" : -0.509192,
		"ngimu_r1/acc/x/qom/norm" : 0.00031,
		"ngimu_r1/acc/x/qom/raw" : 0.009935,
		"ngimu_r1/acc/y/active" : 1.0,
		"ngimu_r1/acc/y/norm" : 0.012369,
		"ngimu_r1/acc/y/raw" : 0.197904,
		"ngimu_r1/acc/y/qom/norm" : 0.000909,
		"ngimu_r1/acc/y/qom/raw" : 0.029089,
		"ngimu_r1/acc/z/active" : 1.0,
		"ngimu_r1/acc/z/norm" : -0.036027,
		"ngimu_r1/acc/z/raw" : -0.576439,
		"ngimu_r1/acc/z/qom/norm" : 0.000469,
		"ngimu_r1/acc/z/qom/raw" : 0.015002,
		"ngimu_r1/altitude/active" : 1.0,
		"ngimu_r1/altitude/preview" : 0.0,
		"ngimu_r1/altitude/raw" : 78.049850000000006,
		"ngimu_r1/battery/charge" : 0.0,
		"ngimu_r1/battery/current" : 275.9375,
		"ngimu_r1/battery/percentage" : 0.918672,
		"ngimu_r1/battery/time" : 136.6875,
		"ngimu_r1/battery/voltage" : 4.045,
		"ngimu_r1/earth/preview" : 0.0,
		"ngimu_r1/earth/x/active" : 1.0,
		"ngimu_r1/earth/x/norm" : 0.0,
		"ngimu_r1/earth/x/raw" : 0.0,
		"ngimu_r1/earth/y/active" : 1.0,
		"ngimu_r1/earth/y/norm" : 0.0,
		"ngimu_r1/earth/y/raw" : 0.0,
		"ngimu_r1/earth/z/active" : 1.0,
		"ngimu_r1/earth/z/norm" : 0.0,
		"ngimu_r1/earth/z/raw" : 0.0,
		"ngimu_r1/euler/preview" : 0.0,
		"ngimu_r1/euler/pitch/active" : 1.0,
		"ngimu_r1/euler/pitch/norm" : -0.005689,
		"ngimu_r1/euler/pitch/raw" : -1.024035,
		"ngimu_r1/euler/roll/active" : 1.0,
		"ngimu_r1/euler/roll/norm" : 0.505973,
		"ngimu_r1/euler/roll/raw" : 91.075157000000004,
		"ngimu_r1/euler/yaw/active" : 1.0,
		"ngimu_r1/euler/yaw/norm" : 0.23894,
		"ngimu_r1/euler/yaw/raw" : 43.009177999999999,
		"ngimu_r1/gyro/preview" : 0.0,
		"ngimu_r1/gyro/magnitude/active" : 1.0,
		"ngimu_r1/gyro/magnitude/norm" : 0.0,
		"ngimu_r1/gyro/magnitude/raw" : 0.0,
		"ngimu_r1/gyro/qom/norm" : 0.001115,
		"ngimu_r1/gyro/qom/raw" : 11.978107,
		"ngimu_r1/gyro/x/active" : 1.0,
		"ngimu_r1/gyro/x/norm" : 0.026842,
		"ngimu_r1/gyro/x/raw" : 53.898212000000001,
		"ngimu_r1/gyro/x/qom/norm" : 0.000994,
		"ngimu_r1/gyro/x/qom/raw" : 3.992702,
		"ngimu_r1/gyro/y/active" : 1.0,
		"ngimu_r1/gyro/y/norm" : 0.005374,
		"ngimu_r1/gyro/y/raw" : 10.790848,
		"ngimu_r1/gyro/y/qom/norm" : 0.001257,
		"ngimu_r1/gyro/y/qom/raw" : 5.049536,
		"ngimu_r1/gyro/z/active" : 1.0,
		"ngimu_r1/gyro/z/norm" : 0.008971,
		"ngimu_r1/gyro/z/raw" : 18.013088,
		"ngimu_r1/gyro/z/qom/norm" : 0.000198,
		"ngimu_r1/gyro/z/qom/raw" : 0.7959,
		"ngimu_r1/linear/preview" : 0.0,
		"ngimu_r1/linear/x/active" : 1.0,
		"ngimu_r1/linear/x/norm" : 0.0,
		"ngimu_r1/linear/x/raw" : 0.0,
		"ngimu_r1/linear/y/active" : 1.0,
		"ngimu_r1/linear/y/norm" : 0.0,
		"ngimu_r1/linear/y/raw" : 0.0,
		"ngimu_r1/linear/z/active" : 1.0,
		"ngimu_r1/linear/z/norm" : 0.0,
		"ngimu_r1/linear/z/raw" : 0.0,
		"ngimu_r1/mag/preview" : 1.0,
		"ngimu_r1/mag/qom" : 0.0,
		"ngimu_r1/mag/magnitude/active" : 1.0,
		"ngimu_r1/mag/magnitude/raw" : 0.0,
		"ngimu_r1/mag/magnitude/scaled" : 0.0,
		"ngimu_r1/mag/x/active" : 1.0,
		"ngimu_r1/mag/x/qom" : 0.0,
		"ngimu_r1/mag/x/raw" : -23.587268999999999,
		"ngimu_r1/mag/y/active" : 1.0,
		"ngimu_r1/mag/y/qom" : 0.0,
		"ngimu_r1/mag/y/raw" : 22.625489999999999,
		"ngimu_r1/mag/z/active" : 1.0,
		"ngimu_r1/mag/z/qom" : 0.0,
		"ngimu_r1/mag/z/raw" : 91.270843999999997,
		"ngimu_r1/magnitudes/preview" : 0.0,
		"ngimu_r1/matrix/preview" : 0.0,
		"ngimu_r1/matrix/xx/active" : 1.0,
		"ngimu_r1/matrix/xx/raw" : 0.0,
		"ngimu_r1/matrix/xy/active" : 1.0,
		"ngimu_r1/matrix/xy/raw" : 0.0,
		"ngimu_r1/matrix/xz/active" : 1.0,
		"ngimu_r1/matrix/xz/raw" : 0.0,
		"ngimu_r1/matrix/yx/active" : 1.0,
		"ngimu_r1/matrix/yx/raw" : 0.0,
		"ngimu_r1/matrix/yy/active" : 1.0,
		"ngimu_r1/matrix/yy/raw" : 0.0,
		"ngimu_r1/matrix/yz/active" : 1.0,
		"ngimu_r1/matrix/yz/raw" : 0.0,
		"ngimu_r1/matrix/zx/active" : 1.0,
		"ngimu_r1/matrix/zx/raw" : 0.0,
		"ngimu_r1/matrix/zy/active" : 1.0,
		"ngimu_r1/matrix/zy/raw" : 0.0,
		"ngimu_r1/matrix/zz/active" : 1.0,
		"ngimu_r1/matrix/zz/raw" : 0.0,
		"ngimu_r1/port/in" : 7800,
		"ngimu_r1/quaternion/preview" : 0.0,
		"ngimu_r1/quaternion/w/active" : 1.0,
		"ngimu_r1/quaternion/w/raw" : -0.242373,
		"ngimu_r1/quaternion/x/active" : 1.0,
		"ngimu_r1/quaternion/x/raw" : 0.899324,
		"ngimu_r1/quaternion/y/active" : 1.0,
		"ngimu_r1/quaternion/y/raw" : -0.015259,
		"ngimu_r1/quaternion/z/active" : 1.0,
		"ngimu_r1/quaternion/z/raw" : -0.358979,
		"ngimu_r1/rssi/dbm" : 0.0,
		"ngimu_r1/rssi/dbm/active" : 1.0,
		"ngimu_r1/rssi/percent" : 0.0,
		"ngimu_r1/rssi/percent/active" : 1.0,
		"ngimu_r1/temperature/processor" : 38.984000999999999,
		"ngimu_r1/temperature/processor/active" : 1.0,
		"ngimu_r1/temperature/sensors" : 31.462,
		"ngimu_r1/temperature/sensors/active" : 1.0,
		"ngimu_r2/barometer" : 1007.704651000000013,
		"ngimu_r2/barometer/active" : 1.0,
		"ngimu_r2/acc/pitch" : -0.990281,
		"ngimu_r2/acc/pitch/active" : 1.0,
		"ngimu_r2/acc/pitch/invert" : 0.0,
		"ngimu_r2/acc/pitch/offset" : 0.0,
		"ngimu_r2/acc/preview" : 0.0,
		"ngimu_r2/acc/roll" : 0.53979,
		"ngimu_r2/acc/roll/active" : 1.0,
		"ngimu_r2/acc/roll/invert" : 0.0,
		"ngimu_r2/acc/roll/offset" : 0.0,
		"ngimu_r2/acc/magnitude/active" : 1.0,
		"ngimu_r2/acc/magnitude/norm" : 0.0,
		"ngimu_r2/acc/magnitude/raw" : 0.0,
		"ngimu_r2/acc/orientation/preview" : 0.0,
		"ngimu_r2/acc/qom/norm" : 0.002865,
		"ngimu_r2/acc/qom/raw" : 0.552589,
		"ngimu_r2/acc/x/active" : 1.0,
		"ngimu_r2/acc/x/norm" : -0.019958,
		"ngimu_r2/acc/x/raw" : -0.319331,
		"ngimu_r2/acc/x/qom/norm" : 0.0,
		"ngimu_r2/acc/x/qom/raw" : 0.0,
		"ngimu_r2/acc/y/active" : 1.0,
		"ngimu_r2/acc/y/norm" : -0.094789,
		"ngimu_r2/acc/y/raw" : -1.516626,
		"ngimu_r2/acc/y/qom/norm" : 0.0,
		"ngimu_r2/acc/y/qom/raw" : 0.0,
		"ngimu_r2/acc/z/active" : 1.0,
		"ngimu_r2/acc/z/norm" : 0.00573,
		"ngimu_r2/acc/z/raw" : 0.091687,
		"ngimu_r2/acc/z/qom/norm" : 0.0,
		"ngimu_r2/acc/z/qom/raw" : 0.0,
		"ngimu_r2/altitude/active" : 1.0,
		"ngimu_r2/altitude/preview" : 0.0,
		"ngimu_r2/altitude/raw" : 0.0,
		"ngimu_r2/battery/charge" : 0.0,
		"ngimu_r2/battery/current" : 270.625,
		"ngimu_r2/battery/percentage" : 0.918945,
		"ngimu_r2/battery/time" : 178.40625,
		"ngimu_r2/battery/voltage" : 4.00375,
		"ngimu_r2/earth/preview" : 0.0,
		"ngimu_r2/earth/x/active" : 1.0,
		"ngimu_r2/earth/x/norm" : 0.0,
		"ngimu_r2/earth/x/raw" : 0.0,
		"ngimu_r2/earth/y/active" : 1.0,
		"ngimu_r2/earth/y/norm" : 0.0,
		"ngimu_r2/earth/y/raw" : 0.0,
		"ngimu_r2/earth/z/active" : 1.0,
		"ngimu_r2/earth/z/norm" : 0.0,
		"ngimu_r2/earth/z/raw" : 0.0,
		"ngimu_r2/euler/preview" : 0.0,
		"ngimu_r2/euler/pitch/active" : 1.0,
		"ngimu_r2/euler/pitch/norm" : 0.0,
		"ngimu_r2/euler/pitch/raw" : 0.0,
		"ngimu_r2/euler/roll/active" : 1.0,
		"ngimu_r2/euler/roll/norm" : 0.0,
		"ngimu_r2/euler/roll/raw" : 0.0,
		"ngimu_r2/euler/yaw/active" : 1.0,
		"ngimu_r2/euler/yaw/norm" : 0.0,
		"ngimu_r2/euler/yaw/raw" : 0.0,
		"ngimu_r2/gyro/preview" : 0.0,
		"ngimu_r2/gyro/magnitude/active" : 1.0,
		"ngimu_r2/gyro/magnitude/norm" : 0.0,
		"ngimu_r2/gyro/magnitude/raw" : 0.0,
		"ngimu_r2/gyro/qom/norm" : 0.049541,
		"ngimu_r2/gyro/qom/raw" : 524.065429999999992,
		"ngimu_r2/gyro/x/active" : 1.0,
		"ngimu_r2/gyro/x/norm" : 0.005262,
		"ngimu_r2/gyro/x/raw" : 10.566784999999999,
		"ngimu_r2/gyro/x/qom/norm" : 0.0,
		"ngimu_r2/gyro/x/qom/raw" : 0.0,
		"ngimu_r2/gyro/y/active" : 1.0,
		"ngimu_r2/gyro/y/norm" : 0.014138,
		"ngimu_r2/gyro/y/raw" : 28.389118,
		"ngimu_r2/gyro/y/qom/norm" : 0.0,
		"ngimu_r2/gyro/y/qom/raw" : 0.0,
		"ngimu_r2/gyro/z/active" : 1.0,
		"ngimu_r2/gyro/z/norm" : 0.086996,
		"ngimu_r2/gyro/z/raw" : 174.688477000000006,
		"ngimu_r2/gyro/z/qom/norm" : 0.0,
		"ngimu_r2/gyro/z/qom/raw" : 0.0,
		"ngimu_r2/linear/preview" : 0.0,
		"ngimu_r2/linear/x/active" : 1.0,
		"ngimu_r2/linear/x/norm" : 0.0,
		"ngimu_r2/linear/x/raw" : 0.0,
		"ngimu_r2/linear/y/active" : 1.0,
		"ngimu_r2/linear/y/norm" : 0.0,
		"ngimu_r2/linear/y/raw" : 0.0,
		"ngimu_r2/linear/z/active" : 1.0,
		"ngimu_r2/linear/z/norm" : 0.0,
		"ngimu_r2/linear/z/raw" : 0.0,
		"ngimu_r2/mag/preview" : 0.0,
		"ngimu_r2/mag/qom" : 0.0,
		"ngimu_r2/mag/magnitude/active" : 1.0,
		"ngimu_r2/mag/magnitude/raw" : 0.0,
		"ngimu_r2/mag/magnitude/scaled" : 0.0,
		"ngimu_r2/mag/x/active" : 1.0,
		"ngimu_r2/mag/x/qom" : 0.0,
		"ngimu_r2/mag/x/raw" : -4.150355,
		"ngimu_r2/mag/y/active" : 1.0,
		"ngimu_r2/mag/y/qom" : 0.0,
		"ngimu_r2/mag/y/raw" : 29.368727,
		"ngimu_r2/mag/z/active" : 1.0,
		"ngimu_r2/mag/z/qom" : 0.0,
		"ngimu_r2/mag/z/raw" : -8.291883,
		"ngimu_r2/magnitudes/preview" : 0.0,
		"ngimu_r2/matrix/preview" : 0.0,
		"ngimu_r2/matrix/xx/active" : 1.0,
		"ngimu_r2/matrix/xx/raw" : 0.0,
		"ngimu_r2/matrix/xy/active" : 1.0,
		"ngimu_r2/matrix/xy/raw" : 0.0,
		"ngimu_r2/matrix/xz/active" : 1.0,
		"ngimu_r2/matrix/xz/raw" : 0.0,
		"ngimu_r2/matrix/yx/active" : 1.0,
		"ngimu_r2/matrix/yx/raw" : 0.0,
		"ngimu_r2/matrix/yy/active" : 1.0,
		"ngimu_r2/matrix/yy/raw" : 0.0,
		"ngimu_r2/matrix/yz/active" : 1.0,
		"ngimu_r2/matrix/yz/raw" : 0.0,
		"ngimu_r2/matrix/zx/active" : 1.0,
		"ngimu_r2/matrix/zx/raw" : 0.0,
		"ngimu_r2/matrix/zy/active" : 1.0,
		"ngimu_r2/matrix/zy/raw" : 0.0,
		"ngimu_r2/matrix/zz/active" : 1.0,
		"ngimu_r2/matrix/zz/raw" : 0.0,
		"ngimu_r2/port/in" : 7801,
		"ngimu_r2/quaternion/preview" : 0.0,
		"ngimu_r2/quaternion/w/active" : 1.0,
		"ngimu_r2/quaternion/w/raw" : 0.008966,
		"ngimu_r2/quaternion/x/active" : 1.0,
		"ngimu_r2/quaternion/x/raw" : -0.353248,
		"ngimu_r2/quaternion/y/active" : 1.0,
		"ngimu_r2/quaternion/y/raw" : 0.933682,
		"ngimu_r2/quaternion/z/active" : 1.0,
		"ngimu_r2/quaternion/z/raw" : 0.000841,
		"ngimu_r2/rssi/dbm" : 0.0,
		"ngimu_r2/rssi/dbm/active" : 1.0,
		"ngimu_r2/rssi/percent" : 0.0,
		"ngimu_r2/rssi/percent/active" : 1.0,
		"ngimu_r2/temperature/processor" : 42.707999999999998,
		"ngimu_r2/temperature/processor/active" : 1.0,
		"ngimu_r2/temperature/sensors" : 32.243999000000002,
		"ngimu_r2/temperature/sensors/active" : 1.0,
		"oscoutput1/address" : "127.0.0.1",
		"oscoutput1/oscoutput1-oscroute/abs" : 0.0,
		"oscoutput1/oscoutput1-oscroute/abs2" : 0.0,
		"oscoutput1/oscoutput1-oscroute/namespacebrowser/nodeAddress" : "/wheel/gyro/avg",
		"oscoutput1/oscoutput1-oscroute/offset" : 0.0,
		"oscoutput1/oscoutput1-oscroute/offset2" : 0.0,
		"oscoutput1/oscoutput1-oscroute/scalebypass" : 0.0,
		"oscoutput1/oscoutput1-oscroute/settingList" : [ 1, 0.0, 0.0, 0.0, "s", 0, "s", 0.0, "s", 0.0, "s", "s" ],
		"oscoutput1/oscoutput1-oscroute/input/max" : 1.0,
		"oscoutput1/oscoutput1-oscroute/input/min" : 0.0,
		"oscoutput1/oscoutput1-oscroute/output/max" : 1.0,
		"oscoutput1/oscoutput1-oscroute/output/min" : 0.0,
		"oscoutput1/port" : 8801,
		"oscoutput1/prepend" : "/wheel/gyro/avg",
		"oscoutput10/address" : "127.0.0.1",
		"oscoutput10/oscoutput10-oscroute/abs" : 0.0,
		"oscoutput10/oscoutput10-oscroute/abs2" : 0.0,
		"oscoutput10/oscoutput10-oscroute/namespacebrowser/nodeAddress" : "/wheel2/gyro/weightedSpin",
		"oscoutput10/oscoutput10-oscroute/offset" : 0.0,
		"oscoutput10/oscoutput10-oscroute/offset2" : 0.0,
		"oscoutput10/oscoutput10-oscroute/scalebypass" : 1.0,
		"oscoutput10/oscoutput10-oscroute/settingList" : [ 1, 0.0, 0.0, 0.0, "s", 0, "s", 0.0, "s", 0.0, "s", "s" ],
		"oscoutput10/oscoutput10-oscroute/input/max" : 1.0,
		"oscoutput10/oscoutput10-oscroute/input/min" : 0.0,
		"oscoutput10/oscoutput10-oscroute/output/max" : 1.0,
		"oscoutput10/oscoutput10-oscroute/output/min" : 0.0,
		"oscoutput10/port" : 8810,
		"oscoutput10/prepend" : "/value/",
		"oscoutput11/address" : "127.0.0.1",
		"oscoutput11/oscoutput11-oscroute/abs" : 0.0,
		"oscoutput11/oscoutput11-oscroute/abs2" : 0.0,
		"oscoutput11/oscoutput11-oscroute/namespacebrowser/nodeAddress" : "/wheel2/gyro/spin",
		"oscoutput11/oscoutput11-oscroute/offset" : 0.0,
		"oscoutput11/oscoutput11-oscroute/offset2" : 0.0,
		"oscoutput11/oscoutput11-oscroute/scalebypass" : 1.0,
		"oscoutput11/oscoutput11-oscroute/settingList" : [ 1, 0.0, 0.0, 0.0, "s", 0, "s", 0.0, "s", 0.0, "s", "s" ],
		"oscoutput11/oscoutput11-oscroute/input/max" : 1.0,
		"oscoutput11/oscoutput11-oscroute/input/min" : 0.0,
		"oscoutput11/oscoutput11-oscroute/output/max" : 1.0,
		"oscoutput11/oscoutput11-oscroute/output/min" : 0.0,
		"oscoutput11/port" : 8811,
		"oscoutput11/prepend" : "/value/",
		"oscoutput13/address" : "127.0.0.1",
		"oscoutput13/oscoutput13-oscroute/abs" : 0.0,
		"oscoutput13/oscoutput13-oscroute/abs2" : 0.0,
		"oscoutput13/oscoutput13-oscroute/namespacebrowser/nodeAddress" : "/wheel2/acc/qom",
		"oscoutput13/oscoutput13-oscroute/offset" : 0.0,
		"oscoutput13/oscoutput13-oscroute/offset2" : 0.0,
		"oscoutput13/oscoutput13-oscroute/scalebypass" : 1.0,
		"oscoutput13/oscoutput13-oscroute/settingList" : [ 1, 0.0, 0.0, 0.0, "s", 0, "s", 0.0, "s", 0.0, "s", "s" ],
		"oscoutput13/oscoutput13-oscroute/input/max" : 1.0,
		"oscoutput13/oscoutput13-oscroute/input/min" : 0.0,
		"oscoutput13/oscoutput13-oscroute/output/max" : 1.0,
		"oscoutput13/oscoutput13-oscroute/output/min" : 0.0,
		"oscoutput13/port" : 8813,
		"oscoutput13/prepend" : "/value/",
		"oscoutput14/address" : "127.0.0.1",
		"oscoutput14/oscoutput14-oscroute/abs" : 0.0,
		"oscoutput14/oscoutput14-oscroute/abs2" : 0.0,
		"oscoutput14/oscoutput14-oscroute/namespacebrowser/nodeAddress" : "/wheel2/acc/qom2",
		"oscoutput14/oscoutput14-oscroute/offset" : 0.0,
		"oscoutput14/oscoutput14-oscroute/offset2" : 0.0,
		"oscoutput14/oscoutput14-oscroute/scalebypass" : 1.0,
		"oscoutput14/oscoutput14-oscroute/settingList" : [ 1, 0.0, 0.0, 0.0, "s", 0, "s", 0.0, "s", 0.0, "s", "s" ],
		"oscoutput14/oscoutput14-oscroute/input/max" : 1.0,
		"oscoutput14/oscoutput14-oscroute/input/min" : 0.0,
		"oscoutput14/oscoutput14-oscroute/output/max" : 1.0,
		"oscoutput14/oscoutput14-oscroute/output/min" : 0.0,
		"oscoutput14/port" : 8814,
		"oscoutput14/prepend" : "/value/",
		"oscoutput15/address" : "127.0.0.1",
		"oscoutput15/oscoutput15-oscroute/abs" : 0.0,
		"oscoutput15/oscoutput15-oscroute/abs2" : 0.0,
		"oscoutput15/oscoutput15-oscroute/namespacebrowser/nodeAddress" : "/wheel2/acc/shake",
		"oscoutput15/oscoutput15-oscroute/offset" : 0.0,
		"oscoutput15/oscoutput15-oscroute/offset2" : 0.0,
		"oscoutput15/oscoutput15-oscroute/scalebypass" : 1.0,
		"oscoutput15/oscoutput15-oscroute/settingList" : [ 1, 0.0, 0.0, 0.0, "s", 0, "s", 0.0, "s", 0.0, "s", "s" ],
		"oscoutput15/oscoutput15-oscroute/input/max" : 1.0,
		"oscoutput15/oscoutput15-oscroute/input/min" : 0.0,
		"oscoutput15/oscoutput15-oscroute/output/max" : 1.0,
		"oscoutput15/oscoutput15-oscroute/output/min" : 0.0,
		"oscoutput15/port" : 8815,
		"oscoutput15/prepend" : "/value/",
		"oscoutput16/address" : "127.0.0.1",
		"oscoutput16/oscoutput16-oscroute/abs" : 0.0,
		"oscoutput16/oscoutput16-oscroute/abs2" : 0.0,
		"oscoutput16/oscoutput16-oscroute/namespacebrowser/nodeAddress" : "/ngimu_r2/acc/y/raw",
		"oscoutput16/oscoutput16-oscroute/offset" : 0.0,
		"oscoutput16/oscoutput16-oscroute/offset2" : 0.0,
		"oscoutput16/oscoutput16-oscroute/scalebypass" : 1.0,
		"oscoutput16/oscoutput16-oscroute/settingList" : [ 1, 0.0, 0.0, 0.0, "s", 0, "s", 0.0, "s", 0.0, "s", "s" ],
		"oscoutput16/oscoutput16-oscroute/input/max" : 1.0,
		"oscoutput16/oscoutput16-oscroute/input/min" : 0.0,
		"oscoutput16/oscoutput16-oscroute/output/max" : 1.0,
		"oscoutput16/oscoutput16-oscroute/output/min" : 0.0,
		"oscoutput16/port" : 8816,
		"oscoutput16/prepend" : "/value/",
		"oscoutput2/address" : "127.0.0.1",
		"oscoutput2/oscoutput2-oscroute/abs" : 0.0,
		"oscoutput2/oscoutput2-oscroute/abs2" : 0.0,
		"oscoutput2/oscoutput2-oscroute/namespacebrowser/nodeAddress" : "/wheel2/gyro/absSum",
		"oscoutput2/oscoutput2-oscroute/offset" : 0.0,
		"oscoutput2/oscoutput2-oscroute/offset2" : 0.0,
		"oscoutput2/oscoutput2-oscroute/scalebypass" : 1.0,
		"oscoutput2/oscoutput2-oscroute/settingList" : [ 1, 0.0, 0.0, 0.0, "s", 1, "s", 0.0, "s", 0.0, "s", "s" ],
		"oscoutput2/oscoutput2-oscroute/input/max" : 0.429119,
		"oscoutput2/oscoutput2-oscroute/input/min" : 0.429119,
		"oscoutput2/oscoutput2-oscroute/output/max" : 1.0,
		"oscoutput2/oscoutput2-oscroute/output/min" : 0.0,
		"oscoutput2/port" : 8802,
		"oscoutput2/prepend" : "/wheel/gyro/qom",
		"oscoutput2.1/address" : "127.0.0.1",
		"oscoutput2.1/oscoutput2-oscroute/abs" : 0.0,
		"oscoutput2.1/oscoutput2-oscroute/abs2" : 0.0,
		"oscoutput2.1/oscoutput2-oscroute/namespacebrowser/nodeAddress" : "none",
		"oscoutput2.1/oscoutput2-oscroute/offset" : 0.0,
		"oscoutput2.1/oscoutput2-oscroute/offset2" : 0.0,
		"oscoutput2.1/oscoutput2-oscroute/scalebypass" : 1.0,
		"oscoutput2.1/oscoutput2-oscroute/input/max" : 1.0,
		"oscoutput2.1/oscoutput2-oscroute/input/min" : 0.0,
		"oscoutput2.1/oscoutput2-oscroute/output/max" : 1.0,
		"oscoutput2.1/oscoutput2-oscroute/output/min" : 0.0,
		"oscoutput2.1/port" : 8812,
		"oscoutput2.1/prepend" : "/value/",
		"oscoutput3/address" : "127.0.0.1",
		"oscoutput3/oscoutput3-oscroute/abs" : 0.0,
		"oscoutput3/oscoutput3-oscroute/abs2" : 0.0,
		"oscoutput3/oscoutput3-oscroute/namespacebrowser/nodeAddress" : "/wheel/gyro/spin",
		"oscoutput3/oscoutput3-oscroute/offset" : 0.0,
		"oscoutput3/oscoutput3-oscroute/offset2" : 0.0,
		"oscoutput3/oscoutput3-oscroute/scalebypass" : 1.0,
		"oscoutput3/oscoutput3-oscroute/settingList" : [ 1, 0.0, 0.0, 0.0, "s", 0, "s", 0.0, "s", 0.0, "s", "s" ],
		"oscoutput3/oscoutput3-oscroute/input/max" : 1.0,
		"oscoutput3/oscoutput3-oscroute/input/min" : 0.0,
		"oscoutput3/oscoutput3-oscroute/output/max" : 1.0,
		"oscoutput3/oscoutput3-oscroute/output/min" : 0.0,
		"oscoutput3/port" : 8803,
		"oscoutput3/prepend" : "/wheel/gyro/spin",
		"oscoutput4/address" : "127.0.0.1",
		"oscoutput4/oscoutput4-oscroute/abs" : 0.0,
		"oscoutput4/oscoutput4-oscroute/abs2" : 0.0,
		"oscoutput4/oscoutput4-oscroute/namespacebrowser/nodeAddress" : "/wheel/gyro/absSum",
		"oscoutput4/oscoutput4-oscroute/offset" : 0.0,
		"oscoutput4/oscoutput4-oscroute/offset2" : 0.0,
		"oscoutput4/oscoutput4-oscroute/scalebypass" : 1.0,
		"oscoutput4/oscoutput4-oscroute/settingList" : [ 1, 0.0, 0.0, 0.0, "s", 0, "s", 0.0, "s", 0.0, "s", "s" ],
		"oscoutput4/oscoutput4-oscroute/input/max" : 1.0,
		"oscoutput4/oscoutput4-oscroute/input/min" : 0.0,
		"oscoutput4/oscoutput4-oscroute/output/max" : 1.0,
		"oscoutput4/oscoutput4-oscroute/output/min" : 0.0,
		"oscoutput4/port" : 8804,
		"oscoutput4/prepend" : "/wheel/acc/avg",
		"oscoutput5/address" : "127.0.0.1",
		"oscoutput5/oscoutput5-oscroute/abs" : 0.0,
		"oscoutput5/oscoutput5-oscroute/abs2" : 0.0,
		"oscoutput5/oscoutput5-oscroute/namespacebrowser/nodeAddress" : "/wheel/acc/qom",
		"oscoutput5/oscoutput5-oscroute/offset" : 0.0,
		"oscoutput5/oscoutput5-oscroute/offset2" : 0.0,
		"oscoutput5/oscoutput5-oscroute/scalebypass" : 1.0,
		"oscoutput5/oscoutput5-oscroute/settingList" : [ 1, 0.0, 0.0, 0.0, "s", 0, "s", 0.0, "s", 0.0, "s", "s" ],
		"oscoutput5/oscoutput5-oscroute/input/max" : 1.0,
		"oscoutput5/oscoutput5-oscroute/input/min" : 0.0,
		"oscoutput5/oscoutput5-oscroute/output/max" : 1.0,
		"oscoutput5/oscoutput5-oscroute/output/min" : 0.0,
		"oscoutput5/port" : 8805,
		"oscoutput5/prepend" : "/wheel/acc/qom",
		"oscoutput6/address" : "127.0.0.1",
		"oscoutput6/oscoutput6-oscroute/abs" : 0.0,
		"oscoutput6/oscoutput6-oscroute/abs2" : 0.0,
		"oscoutput6/oscoutput6-oscroute/namespacebrowser/nodeAddress" : "/wheel/acc/qom2",
		"oscoutput6/oscoutput6-oscroute/offset" : 0.0,
		"oscoutput6/oscoutput6-oscroute/offset2" : 0.0,
		"oscoutput6/oscoutput6-oscroute/scalebypass" : 1.0,
		"oscoutput6/oscoutput6-oscroute/settingList" : [ 1, 0.0, 0.0, 0.0, "s", 0, "s", 0.0, "s", 0.0, "s", "s" ],
		"oscoutput6/oscoutput6-oscroute/input/max" : 1.0,
		"oscoutput6/oscoutput6-oscroute/input/min" : 0.0,
		"oscoutput6/oscoutput6-oscroute/output/max" : 1.0,
		"oscoutput6/oscoutput6-oscroute/output/min" : 0.0,
		"oscoutput6/port" : 8806,
		"oscoutput6/prepend" : "/wheel/acc/shake",
		"oscoutput7/address" : "127.0.0.1",
		"oscoutput7/oscoutput7-oscroute/abs" : 0.0,
		"oscoutput7/oscoutput7-oscroute/abs2" : 0.0,
		"oscoutput7/oscoutput7-oscroute/namespacebrowser/nodeAddress" : "/wheel/acc/shake",
		"oscoutput7/oscoutput7-oscroute/offset" : 0.0,
		"oscoutput7/oscoutput7-oscroute/offset2" : 0.0,
		"oscoutput7/oscoutput7-oscroute/scalebypass" : 1.0,
		"oscoutput7/oscoutput7-oscroute/settingList" : [ 1, 0.0, 0.0, 0.0, "s", 0, "s", 0.0, "s", 0.0, "s", "s" ],
		"oscoutput7/oscoutput7-oscroute/input/max" : 1.0,
		"oscoutput7/oscoutput7-oscroute/input/min" : 0.0,
		"oscoutput7/oscoutput7-oscroute/output/max" : 1.0,
		"oscoutput7/oscoutput7-oscroute/output/min" : 0.0,
		"oscoutput7/port" : 8807,
		"oscoutput7/prepend" : "/ngimu_r1/gyro/y",
		"oscoutput8/address" : "127.0.0.1",
		"oscoutput8/oscoutput8-oscroute/abs" : 0.0,
		"oscoutput8/oscoutput8-oscroute/abs2" : 0.0,
		"oscoutput8/oscoutput8-oscroute/namespacebrowser/nodeAddress" : "/ngimu_r1/acc/y/raw",
		"oscoutput8/oscoutput8-oscroute/offset" : 0.0,
		"oscoutput8/oscoutput8-oscroute/offset2" : 0.0,
		"oscoutput8/oscoutput8-oscroute/scalebypass" : 1.0,
		"oscoutput8/oscoutput8-oscroute/settingList" : [ 1, 0.0, 0.0, 0.0, "s", 0, "s", 0.0, "s", 0.0, "s", "s" ],
		"oscoutput8/oscoutput8-oscroute/input/max" : 1.0,
		"oscoutput8/oscoutput8-oscroute/input/min" : 0.0,
		"oscoutput8/oscoutput8-oscroute/output/max" : 1.0,
		"oscoutput8/oscoutput8-oscroute/output/min" : 0.0,
		"oscoutput8/port" : 8808,
		"oscoutput8/prepend" : "/ngimu_r1/acc/y",
		"oscoutput9/address" : "127.0.0.1",
		"oscoutput9/oscoutput9-oscroute/abs" : 0.0,
		"oscoutput9/oscoutput9-oscroute/abs2" : 0.0,
		"oscoutput9/oscoutput9-oscroute/namespacebrowser/nodeAddress" : "/wheel2/gyro/avg",
		"oscoutput9/oscoutput9-oscroute/offset" : 0.0,
		"oscoutput9/oscoutput9-oscroute/offset2" : 0.0,
		"oscoutput9/oscoutput9-oscroute/scalebypass" : 1.0,
		"oscoutput9/oscoutput9-oscroute/settingList" : [ 1, 0.0, 0.0, 0.0, "s", 0, "s", 0.0, "s", 0.0, "s", "s" ],
		"oscoutput9/oscoutput9-oscroute/input/max" : 1.0,
		"oscoutput9/oscoutput9-oscroute/input/min" : 0.0,
		"oscoutput9/oscoutput9-oscroute/output/max" : 1.0,
		"oscoutput9/oscoutput9-oscroute/output/min" : 0.0,
		"oscoutput9/port" : 8809,
		"oscoutput9/prepend" : "/value/",
		"wheel/acc/avg" : -0.367231,
		"wheel/acc/qom" : 0.040346,
		"wheel/acc/qom2" : 0.092821,
		"wheel/acc/shake" : 0.058509,
		"wheel/acc/x" : -0.229183,
		"wheel/acc/y" : 0.346295,
		"wheel/acc/z" : -0.730774,
		"wheel/gyro/absSum" : 0.84,
		"wheel/gyro/avg" : 0.248874,
		"wheel/gyro/spin" : 0.0,
		"wheel/gyro/weightedSpin" : 0.109096,
		"wheel/gyro/x" : 0.216529,
		"wheel/gyro/y" : 0.345639,
		"wheel/gyro/z" : 0.00482,
		"wheel2/acc/avg" : 0.565041,
		"wheel2/acc/qom" : 0.020875,
		"wheel2/acc/qom2" : 0.287569,
		"wheel2/acc/shake" : 0.476082,
		"wheel2/acc/x" : -0.003611,
		"wheel2/acc/y" : -0.55848,
		"wheel2/acc/z" : 0.400985,
		"wheel2/gyro/absSum" : 0.429119,
		"wheel2/gyro/avg" : 0.709246,
		"wheel2/gyro/spin" : 0.294475,
		"wheel2/gyro/weightedSpin" : 0.516989,
		"wheel2/gyro/x" : 0.051335,
		"wheel2/gyro/y" : 0.531431,
		"wheel2/gyro/z" : 0.840007
	}
,
	"cue2" : 	{
		"navrand1/grain" : 10,
		"navrand1/interpolate" : 500,
		"navrand1/max" : 1.0,
		"navrand1/min" : 0.0,
		"navrand1/on" : 1.0,
		"navrand1/step" : 1.0,
		"navrand1/out/pre-interpolation" : 0.92,
		"navrand1/out/final/float" : 0.70716,
		"navrand1/out/final/int" : 707,
		"navrand1/rate/max" : 1000,
		"navrand1/rate/min" : 30,
		"navrand2/grain" : 10,
		"navrand2/interpolate" : 500,
		"navrand2/max" : 1.0,
		"navrand2/min" : 0.0,
		"navrand2/on" : 0.0,
		"navrand2/step" : 1.0,
		"navrand2/out/pre-interpolation" : 0.0,
		"navrand2/out/final/float" : 0.0,
		"navrand2/out/final/int" : 0,
		"navrand2/rate/max" : 1000,
		"navrand2/rate/min" : 30,
		"navrand3/grain" : 10,
		"navrand3/interpolate" : 500,
		"navrand3/max" : 1.0,
		"navrand3/min" : 0.0,
		"navrand3/on" : 0.0,
		"navrand3/step" : 1.0,
		"navrand3/out/pre-interpolation" : 0.0,
		"navrand3/out/final/float" : 0.0,
		"navrand3/out/final/int" : 0,
		"navrand3/rate/max" : 1000,
		"navrand3/rate/min" : 30,
		"navrand4/grain" : 10,
		"navrand4/interpolate" : 500,
		"navrand4/max" : 1.0,
		"navrand4/min" : 0.0,
		"navrand4/on" : 0.0,
		"navrand4/step" : 1.0,
		"navrand4/out/pre-interpolation" : 0.0,
		"navrand4/out/final/float" : 0.0,
		"navrand4/out/final/int" : 0,
		"navrand4/rate/max" : 1000,
		"navrand4/rate/min" : 30,
		"navrand5/grain" : 10,
		"navrand5/interpolate" : 500,
		"navrand5/max" : 1.0,
		"navrand5/min" : 0.0,
		"navrand5/on" : 0.0,
		"navrand5/step" : 1.0,
		"navrand5/out/pre-interpolation" : 0.0,
		"navrand5/out/final/float" : 0.0,
		"navrand5/out/final/int" : 0,
		"navrand5/rate/max" : 1000,
		"navrand5/rate/min" : 30,
		"navrand6/grain" : 10,
		"navrand6/interpolate" : 500,
		"navrand6/max" : 1.0,
		"navrand6/min" : 0.0,
		"navrand6/on" : 0.0,
		"navrand6/step" : 1.0,
		"navrand6/out/pre-interpolation" : 0.0,
		"navrand6/out/final/float" : 0.0,
		"navrand6/out/final/int" : 0,
		"navrand6/rate/max" : 1000,
		"navrand6/rate/min" : 30,
		"navrand7/grain" : 10,
		"navrand7/interpolate" : 500,
		"navrand7/max" : 1.0,
		"navrand7/min" : 0.0,
		"navrand7/on" : 0.0,
		"navrand7/step" : 1.0,
		"navrand7/out/pre-interpolation" : 0.0,
		"navrand7/out/final/float" : 0.0,
		"navrand7/out/final/int" : 0,
		"navrand7/rate/max" : 1000,
		"navrand7/rate/min" : 30,
		"navrand8/grain" : 10,
		"navrand8/interpolate" : 500,
		"navrand8/max" : 1.0,
		"navrand8/min" : 0.0,
		"navrand8/on" : 0.0,
		"navrand8/step" : 1.0,
		"navrand8/out/pre-interpolation" : 0.0,
		"navrand8/out/final/float" : 0.0,
		"navrand8/out/final/int" : 0,
		"navrand8/rate/max" : 1000,
		"navrand8/rate/min" : 30,
		"ngimu_r1/barometer" : 1006.53338599999995,
		"ngimu_r1/barometer/active" : 1.0,
		"ngimu_r1/acc/pitch" : 0.408773,
		"ngimu_r1/acc/pitch/active" : 1.0,
		"ngimu_r1/acc/pitch/invert" : 0.0,
		"ngimu_r1/acc/pitch/offset" : 0.0,
		"ngimu_r1/acc/preview" : 1.0,
		"ngimu_r1/acc/roll" : 0.223233,
		"ngimu_r1/acc/roll/active" : 1.0,
		"ngimu_r1/acc/roll/invert" : 0.0,
		"ngimu_r1/acc/roll/offset" : 0.0,
		"ngimu_r1/acc/magnitude/active" : 1.0,
		"ngimu_r1/acc/magnitude/norm" : 0.0,
		"ngimu_r1/acc/magnitude/raw" : 0.0,
		"ngimu_r1/acc/orientation/preview" : 0.0,
		"ngimu_r1/acc/qom/norm" : 0.00031,
		"ngimu_r1/acc/qom/raw" : -0.205818,
		"ngimu_r1/acc/x/active" : 1.0,
		"ngimu_r1/acc/x/norm" : 0.02155,
		"ngimu_r1/acc/x/raw" : 0.344807,
		"ngimu_r1/acc/x/qom/norm" : 0.00031,
		"ngimu_r1/acc/x/qom/raw" : 0.009935,
		"ngimu_r1/acc/y/active" : 1.0,
		"ngimu_r1/acc/y/norm" : -0.058744,
		"ngimu_r1/acc/y/raw" : -0.939912,
		"ngimu_r1/acc/y/qom/norm" : 0.000909,
		"ngimu_r1/acc/y/qom/raw" : 0.029089,
		"ngimu_r1/acc/z/active" : 1.0,
		"ngimu_r1/acc/z/norm" : -0.009499,
		"ngimu_r1/acc/z/raw" : -0.15198,
		"ngimu_r1/acc/z/qom/norm" : 0.000469,
		"ngimu_r1/acc/z/qom/raw" : 0.015002,
		"ngimu_r1/altitude/active" : 1.0,
		"ngimu_r1/altitude/preview" : 0.0,
		"ngimu_r1/altitude/raw" : 57.978558,
		"ngimu_r1/battery/charge" : 0.0,
		"ngimu_r1/battery/current" : 281.25,
		"ngimu_r1/battery/percentage" : 0.94125,
		"ngimu_r1/battery/time" : 163.3125,
		"ngimu_r1/battery/voltage" : 4.05625,
		"ngimu_r1/earth/preview" : 0.0,
		"ngimu_r1/earth/x/active" : 1.0,
		"ngimu_r1/earth/x/norm" : 0.0,
		"ngimu_r1/earth/x/raw" : 0.0,
		"ngimu_r1/earth/y/active" : 1.0,
		"ngimu_r1/earth/y/norm" : 0.0,
		"ngimu_r1/earth/y/raw" : 0.0,
		"ngimu_r1/earth/z/active" : 1.0,
		"ngimu_r1/earth/z/norm" : 0.0,
		"ngimu_r1/earth/z/raw" : 0.0,
		"ngimu_r1/euler/preview" : 0.0,
		"ngimu_r1/euler/pitch/active" : 1.0,
		"ngimu_r1/euler/pitch/norm" : -0.110734,
		"ngimu_r1/euler/pitch/raw" : -19.932148000000002,
		"ngimu_r1/euler/roll/active" : 1.0,
		"ngimu_r1/euler/roll/norm" : -0.551653,
		"ngimu_r1/euler/roll/raw" : -99.297516000000002,
		"ngimu_r1/euler/yaw/active" : 1.0,
		"ngimu_r1/euler/yaw/norm" : -0.659901,
		"ngimu_r1/euler/yaw/raw" : -118.782241999999997,
		"ngimu_r1/gyro/preview" : 0.0,
		"ngimu_r1/gyro/magnitude/active" : 1.0,
		"ngimu_r1/gyro/magnitude/norm" : 0.0,
		"ngimu_r1/gyro/magnitude/raw" : 0.0,
		"ngimu_r1/gyro/qom/norm" : 0.001115,
		"ngimu_r1/gyro/qom/raw" : 11.978107,
		"ngimu_r1/gyro/x/active" : 1.0,
		"ngimu_r1/gyro/x/norm" : 0.000035,
		"ngimu_r1/gyro/x/raw" : 0.069505,
		"ngimu_r1/gyro/x/qom/norm" : 0.000994,
		"ngimu_r1/gyro/x/qom/raw" : 3.992702,
		"ngimu_r1/gyro/y/active" : 1.0,
		"ngimu_r1/gyro/y/norm" : -0.000009,
		"ngimu_r1/gyro/y/raw" : -0.019031,
		"ngimu_r1/gyro/y/qom/norm" : 0.001257,
		"ngimu_r1/gyro/y/qom/raw" : 5.049536,
		"ngimu_r1/gyro/z/active" : 1.0,
		"ngimu_r1/gyro/z/norm" : 0.000033,
		"ngimu_r1/gyro/z/raw" : 0.067228,
		"ngimu_r1/gyro/z/qom/norm" : 0.000198,
		"ngimu_r1/gyro/z/qom/raw" : 0.7959,
		"ngimu_r1/linear/preview" : 0.0,
		"ngimu_r1/linear/x/active" : 1.0,
		"ngimu_r1/linear/x/norm" : 0.0,
		"ngimu_r1/linear/x/raw" : 0.0,
		"ngimu_r1/linear/y/active" : 1.0,
		"ngimu_r1/linear/y/norm" : 0.0,
		"ngimu_r1/linear/y/raw" : 0.0,
		"ngimu_r1/linear/z/active" : 1.0,
		"ngimu_r1/linear/z/norm" : 0.0,
		"ngimu_r1/linear/z/raw" : 0.0,
		"ngimu_r1/mag/preview" : 1.0,
		"ngimu_r1/mag/qom" : 0.0,
		"ngimu_r1/mag/magnitude/active" : 1.0,
		"ngimu_r1/mag/magnitude/raw" : 0.0,
		"ngimu_r1/mag/magnitude/scaled" : 0.0,
		"ngimu_r1/mag/x/active" : 1.0,
		"ngimu_r1/mag/x/qom" : 0.0,
		"ngimu_r1/mag/x/raw" : -14.824767,
		"ngimu_r1/mag/y/active" : 1.0,
		"ngimu_r1/mag/y/qom" : 0.0,
		"ngimu_r1/mag/y/raw" : 26.958138999999999,
		"ngimu_r1/mag/z/active" : 1.0,
		"ngimu_r1/mag/z/qom" : 0.0,
		"ngimu_r1/mag/z/raw" : 11.704459999999999,
		"ngimu_r1/magnitudes/preview" : 0.0,
		"ngimu_r1/matrix/preview" : 0.0,
		"ngimu_r1/matrix/xx/active" : 1.0,
		"ngimu_r1/matrix/xx/raw" : 0.0,
		"ngimu_r1/matrix/xy/active" : 1.0,
		"ngimu_r1/matrix/xy/raw" : 0.0,
		"ngimu_r1/matrix/xz/active" : 1.0,
		"ngimu_r1/matrix/xz/raw" : 0.0,
		"ngimu_r1/matrix/yx/active" : 1.0,
		"ngimu_r1/matrix/yx/raw" : 0.0,
		"ngimu_r1/matrix/yy/active" : 1.0,
		"ngimu_r1/matrix/yy/raw" : 0.0,
		"ngimu_r1/matrix/yz/active" : 1.0,
		"ngimu_r1/matrix/yz/raw" : 0.0,
		"ngimu_r1/matrix/zx/active" : 1.0,
		"ngimu_r1/matrix/zx/raw" : 0.0,
		"ngimu_r1/matrix/zy/active" : 1.0,
		"ngimu_r1/matrix/zy/raw" : 0.0,
		"ngimu_r1/matrix/zz/active" : 1.0,
		"ngimu_r1/matrix/zz/raw" : 0.0,
		"ngimu_r1/port/in" : 7800,
		"ngimu_r1/quaternion/preview" : 0.0,
		"ngimu_r1/quaternion/w/active" : 1.0,
		"ngimu_r1/quaternion/w/raw" : -0.242373,
		"ngimu_r1/quaternion/x/active" : 1.0,
		"ngimu_r1/quaternion/x/raw" : 0.899324,
		"ngimu_r1/quaternion/y/active" : 1.0,
		"ngimu_r1/quaternion/y/raw" : -0.015259,
		"ngimu_r1/quaternion/z/active" : 1.0,
		"ngimu_r1/quaternion/z/raw" : -0.358979,
		"ngimu_r1/rssi/dbm" : 0.0,
		"ngimu_r1/rssi/dbm/active" : 1.0,
		"ngimu_r1/rssi/percent" : 0.0,
		"ngimu_r1/rssi/percent/active" : 1.0,
		"ngimu_r1/temperature/processor" : 38.984000999999999,
		"ngimu_r1/temperature/processor/active" : 1.0,
		"ngimu_r1/temperature/sensors" : 31.462,
		"ngimu_r1/temperature/sensors/active" : 1.0,
		"ngimu_r2/barometer" : 1006.28472899999997,
		"ngimu_r2/barometer/active" : 1.0,
		"ngimu_r2/acc/pitch" : -0.990281,
		"ngimu_r2/acc/pitch/active" : 1.0,
		"ngimu_r2/acc/pitch/invert" : 0.0,
		"ngimu_r2/acc/pitch/offset" : 0.0,
		"ngimu_r2/acc/preview" : 0.0,
		"ngimu_r2/acc/roll" : 0.53979,
		"ngimu_r2/acc/roll/active" : 1.0,
		"ngimu_r2/acc/roll/invert" : 0.0,
		"ngimu_r2/acc/roll/offset" : 0.0,
		"ngimu_r2/acc/magnitude/active" : 1.0,
		"ngimu_r2/acc/magnitude/norm" : 0.0,
		"ngimu_r2/acc/magnitude/raw" : 0.0,
		"ngimu_r2/acc/orientation/preview" : 0.0,
		"ngimu_r2/acc/qom/norm" : 0.002865,
		"ngimu_r2/acc/qom/raw" : 0.552589,
		"ngimu_r2/acc/x/active" : 1.0,
		"ngimu_r2/acc/x/norm" : 0.001426,
		"ngimu_r2/acc/x/raw" : 0.022813,
		"ngimu_r2/acc/x/qom/norm" : 0.0,
		"ngimu_r2/acc/x/qom/raw" : 0.0,
		"ngimu_r2/acc/y/active" : 1.0,
		"ngimu_r2/acc/y/norm" : 0.001819,
		"ngimu_r2/acc/y/raw" : 0.029106,
		"ngimu_r2/acc/y/qom/norm" : 0.0,
		"ngimu_r2/acc/y/qom/raw" : 0.0,
		"ngimu_r2/acc/z/active" : 1.0,
		"ngimu_r2/acc/z/norm" : 0.062308,
		"ngimu_r2/acc/z/raw" : 0.996921,
		"ngimu_r2/acc/z/qom/norm" : 0.0,
		"ngimu_r2/acc/z/qom/raw" : 0.0,
		"ngimu_r2/altitude/active" : 1.0,
		"ngimu_r2/altitude/preview" : 0.0,
		"ngimu_r2/altitude/raw" : 0.0,
		"ngimu_r2/battery/charge" : 0.0,
		"ngimu_r2/battery/current" : 270.625,
		"ngimu_r2/battery/percentage" : 0.918945,
		"ngimu_r2/battery/time" : 178.40625,
		"ngimu_r2/battery/voltage" : 4.00375,
		"ngimu_r2/earth/preview" : 0.0,
		"ngimu_r2/earth/x/active" : 1.0,
		"ngimu_r2/earth/x/norm" : 0.0,
		"ngimu_r2/earth/x/raw" : 0.0,
		"ngimu_r2/earth/y/active" : 1.0,
		"ngimu_r2/earth/y/norm" : 0.0,
		"ngimu_r2/earth/y/raw" : 0.0,
		"ngimu_r2/earth/z/active" : 1.0,
		"ngimu_r2/earth/z/norm" : 0.0,
		"ngimu_r2/earth/z/raw" : 0.0,
		"ngimu_r2/euler/preview" : 0.0,
		"ngimu_r2/euler/pitch/active" : 1.0,
		"ngimu_r2/euler/pitch/norm" : 0.0,
		"ngimu_r2/euler/pitch/raw" : 0.0,
		"ngimu_r2/euler/roll/active" : 1.0,
		"ngimu_r2/euler/roll/norm" : 0.0,
		"ngimu_r2/euler/roll/raw" : 0.0,
		"ngimu_r2/euler/yaw/active" : 1.0,
		"ngimu_r2/euler/yaw/norm" : 0.0,
		"ngimu_r2/euler/yaw/raw" : 0.0,
		"ngimu_r2/gyro/preview" : 0.0,
		"ngimu_r2/gyro/magnitude/active" : 1.0,
		"ngimu_r2/gyro/magnitude/norm" : 0.0,
		"ngimu_r2/gyro/magnitude/raw" : 0.0,
		"ngimu_r2/gyro/qom/norm" : 0.049541,
		"ngimu_r2/gyro/qom/raw" : 524.065429999999992,
		"ngimu_r2/gyro/x/active" : 1.0,
		"ngimu_r2/gyro/x/norm" : 0.0,
		"ngimu_r2/gyro/x/raw" : 0.00032,
		"ngimu_r2/gyro/x/qom/norm" : 0.0,
		"ngimu_r2/gyro/x/qom/raw" : 0.0,
		"ngimu_r2/gyro/y/active" : 1.0,
		"ngimu_r2/gyro/y/norm" : 0.000119,
		"ngimu_r2/gyro/y/raw" : 0.23897,
		"ngimu_r2/gyro/y/qom/norm" : 0.0,
		"ngimu_r2/gyro/y/qom/raw" : 0.0,
		"ngimu_r2/gyro/z/active" : 1.0,
		"ngimu_r2/gyro/z/norm" : -0.000079,
		"ngimu_r2/gyro/z/raw" : -0.159617,
		"ngimu_r2/gyro/z/qom/norm" : 0.0,
		"ngimu_r2/gyro/z/qom/raw" : 0.0,
		"ngimu_r2/linear/preview" : 0.0,
		"ngimu_r2/linear/x/active" : 1.0,
		"ngimu_r2/linear/x/norm" : 0.0,
		"ngimu_r2/linear/x/raw" : 0.0,
		"ngimu_r2/linear/y/active" : 1.0,
		"ngimu_r2/linear/y/norm" : 0.0,
		"ngimu_r2/linear/y/raw" : 0.0,
		"ngimu_r2/linear/z/active" : 1.0,
		"ngimu_r2/linear/z/norm" : 0.0,
		"ngimu_r2/linear/z/raw" : 0.0,
		"ngimu_r2/mag/preview" : 0.0,
		"ngimu_r2/mag/qom" : 0.0,
		"ngimu_r2/mag/magnitude/active" : 1.0,
		"ngimu_r2/mag/magnitude/raw" : 0.0,
		"ngimu_r2/mag/magnitude/scaled" : 0.0,
		"ngimu_r2/mag/x/active" : 1.0,
		"ngimu_r2/mag/x/qom" : 0.0,
		"ngimu_r2/mag/x/raw" : -2.868288,
		"ngimu_r2/mag/y/active" : 1.0,
		"ngimu_r2/mag/y/qom" : 0.0,
		"ngimu_r2/mag/y/raw" : -19.200033000000001,
		"ngimu_r2/mag/z/active" : 1.0,
		"ngimu_r2/mag/z/qom" : 0.0,
		"ngimu_r2/mag/z/raw" : 53.423157000000003,
		"ngimu_r2/magnitudes/preview" : 0.0,
		"ngimu_r2/matrix/preview" : 0.0,
		"ngimu_r2/matrix/xx/active" : 1.0,
		"ngimu_r2/matrix/xx/raw" : 0.0,
		"ngimu_r2/matrix/xy/active" : 1.0,
		"ngimu_r2/matrix/xy/raw" : 0.0,
		"ngimu_r2/matrix/xz/active" : 1.0,
		"ngimu_r2/matrix/xz/raw" : 0.0,
		"ngimu_r2/matrix/yx/active" : 1.0,
		"ngimu_r2/matrix/yx/raw" : 0.0,
		"ngimu_r2/matrix/yy/active" : 1.0,
		"ngimu_r2/matrix/yy/raw" : 0.0,
		"ngimu_r2/matrix/yz/active" : 1.0,
		"ngimu_r2/matrix/yz/raw" : 0.0,
		"ngimu_r2/matrix/zx/active" : 1.0,
		"ngimu_r2/matrix/zx/raw" : 0.0,
		"ngimu_r2/matrix/zy/active" : 1.0,
		"ngimu_r2/matrix/zy/raw" : 0.0,
		"ngimu_r2/matrix/zz/active" : 1.0,
		"ngimu_r2/matrix/zz/raw" : 0.0,
		"ngimu_r2/port/in" : 7801,
		"ngimu_r2/quaternion/preview" : 0.0,
		"ngimu_r2/quaternion/w/active" : 1.0,
		"ngimu_r2/quaternion/w/raw" : 0.008966,
		"ngimu_r2/quaternion/x/active" : 1.0,
		"ngimu_r2/quaternion/x/raw" : -0.353248,
		"ngimu_r2/quaternion/y/active" : 1.0,
		"ngimu_r2/quaternion/y/raw" : 0.933682,
		"ngimu_r2/quaternion/z/active" : 1.0,
		"ngimu_r2/quaternion/z/raw" : 0.000841,
		"ngimu_r2/rssi/dbm" : 0.0,
		"ngimu_r2/rssi/dbm/active" : 1.0,
		"ngimu_r2/rssi/percent" : 0.0,
		"ngimu_r2/rssi/percent/active" : 1.0,
		"ngimu_r2/temperature/processor" : 37.459999000000003,
		"ngimu_r2/temperature/processor/active" : 1.0,
		"ngimu_r2/temperature/sensors" : 31.056000000000001,
		"ngimu_r2/temperature/sensors/active" : 1.0,
		"oscoutput1/address" : "127.0.0.1",
		"oscoutput1/oscoutput1-oscroute/abs" : 0.0,
		"oscoutput1/oscoutput1-oscroute/abs2" : 0.0,
		"oscoutput1/oscoutput1-oscroute/namespacebrowser/nodeAddress" : "/wheel/gyro/avg",
		"oscoutput1/oscoutput1-oscroute/offset" : 0.0,
		"oscoutput1/oscoutput1-oscroute/offset2" : 0.0,
		"oscoutput1/oscoutput1-oscroute/scalebypass" : 0.0,
		"oscoutput1/oscoutput1-oscroute/settingList" : [ 1, 0.0, 0.0, 0.0, "s", 0, "s", 0.0, "s", 0.0, "s", "s" ],
		"oscoutput1/oscoutput1-oscroute/input/max" : 1.0,
		"oscoutput1/oscoutput1-oscroute/input/min" : 0.0,
		"oscoutput1/oscoutput1-oscroute/output/max" : 1.0,
		"oscoutput1/oscoutput1-oscroute/output/min" : 0.0,
		"oscoutput1/port" : 8801,
		"oscoutput1/prepend" : "/wheel/gyro/avg",
		"oscoutput10/address" : "127.0.0.1",
		"oscoutput10/oscoutput10-oscroute/abs" : 0.0,
		"oscoutput10/oscoutput10-oscroute/abs2" : 0.0,
		"oscoutput10/oscoutput10-oscroute/namespacebrowser/nodeAddress" : "/wheel2/gyro/weightedSpin",
		"oscoutput10/oscoutput10-oscroute/offset" : 0.0,
		"oscoutput10/oscoutput10-oscroute/offset2" : 0.0,
		"oscoutput10/oscoutput10-oscroute/scalebypass" : 1.0,
		"oscoutput10/oscoutput10-oscroute/settingList" : [ 1, 0.0, 0.0, 0.0, "s", 0, "s", 0.0, "s", 0.0, "s", "s" ],
		"oscoutput10/oscoutput10-oscroute/input/max" : 1.0,
		"oscoutput10/oscoutput10-oscroute/input/min" : 0.0,
		"oscoutput10/oscoutput10-oscroute/output/max" : 1.0,
		"oscoutput10/oscoutput10-oscroute/output/min" : 0.0,
		"oscoutput10/port" : 8810,
		"oscoutput10/prepend" : "/value/",
		"oscoutput11/address" : "127.0.0.1",
		"oscoutput11/oscoutput11-oscroute/abs" : 0.0,
		"oscoutput11/oscoutput11-oscroute/abs2" : 0.0,
		"oscoutput11/oscoutput11-oscroute/namespacebrowser/nodeAddress" : "/wheel2/gyro/spin",
		"oscoutput11/oscoutput11-oscroute/offset" : 0.0,
		"oscoutput11/oscoutput11-oscroute/offset2" : 0.0,
		"oscoutput11/oscoutput11-oscroute/scalebypass" : 1.0,
		"oscoutput11/oscoutput11-oscroute/settingList" : [ 1, 0.0, 0.0, 0.0, "s", 0, "s", 0.0, "s", 0.0, "s", "s" ],
		"oscoutput11/oscoutput11-oscroute/input/max" : 1.0,
		"oscoutput11/oscoutput11-oscroute/input/min" : 0.0,
		"oscoutput11/oscoutput11-oscroute/output/max" : 1.0,
		"oscoutput11/oscoutput11-oscroute/output/min" : 0.0,
		"oscoutput11/port" : 8811,
		"oscoutput11/prepend" : "/value/",
		"oscoutput12/address" : "127.0.0.1",
		"oscoutput12/oscoutput12-oscroute/abs" : 0.0,
		"oscoutput12/oscoutput12-oscroute/abs2" : 0.0,
		"oscoutput12/oscoutput12-oscroute/namespacebrowser/nodeAddress" : "/wheel2/gyro/absSum",
		"oscoutput12/oscoutput12-oscroute/offset" : 0.0,
		"oscoutput12/oscoutput12-oscroute/offset2" : 0.0,
		"oscoutput12/oscoutput12-oscroute/scalebypass" : 1.0,
		"oscoutput12/oscoutput12-oscroute/input/max" : 1.0,
		"oscoutput12/oscoutput12-oscroute/input/min" : 0.0,
		"oscoutput12/oscoutput12-oscroute/output/max" : 1.0,
		"oscoutput12/oscoutput12-oscroute/output/min" : 0.0,
		"oscoutput12/port" : 8812,
		"oscoutput12/prepend" : "/value/",
		"oscoutput13/address" : "127.0.0.1",
		"oscoutput13/oscoutput13-oscroute/abs" : 0.0,
		"oscoutput13/oscoutput13-oscroute/abs2" : 0.0,
		"oscoutput13/oscoutput13-oscroute/namespacebrowser/nodeAddress" : "/wheel2/acc/qom",
		"oscoutput13/oscoutput13-oscroute/offset" : 0.0,
		"oscoutput13/oscoutput13-oscroute/offset2" : 0.0,
		"oscoutput13/oscoutput13-oscroute/scalebypass" : 1.0,
		"oscoutput13/oscoutput13-oscroute/settingList" : [ 1, 0.0, 0.0, 0.0, "s", 0, "s", 0.0, "s", 0.0, "s", "s" ],
		"oscoutput13/oscoutput13-oscroute/input/max" : 1.0,
		"oscoutput13/oscoutput13-oscroute/input/min" : 0.0,
		"oscoutput13/oscoutput13-oscroute/output/max" : 1.0,
		"oscoutput13/oscoutput13-oscroute/output/min" : 0.0,
		"oscoutput13/port" : 8813,
		"oscoutput13/prepend" : "/value/",
		"oscoutput14/address" : "127.0.0.1",
		"oscoutput14/oscoutput14-oscroute/abs" : 0.0,
		"oscoutput14/oscoutput14-oscroute/abs2" : 0.0,
		"oscoutput14/oscoutput14-oscroute/namespacebrowser/nodeAddress" : "/wheel2/acc/qom2",
		"oscoutput14/oscoutput14-oscroute/offset" : 0.0,
		"oscoutput14/oscoutput14-oscroute/offset2" : 0.0,
		"oscoutput14/oscoutput14-oscroute/scalebypass" : 1.0,
		"oscoutput14/oscoutput14-oscroute/settingList" : [ 1, 0.0, 0.0, 0.0, "s", 0, "s", 0.0, "s", 0.0, "s", "s" ],
		"oscoutput14/oscoutput14-oscroute/input/max" : 1.0,
		"oscoutput14/oscoutput14-oscroute/input/min" : 0.0,
		"oscoutput14/oscoutput14-oscroute/output/max" : 1.0,
		"oscoutput14/oscoutput14-oscroute/output/min" : 0.0,
		"oscoutput14/port" : 8814,
		"oscoutput14/prepend" : "/value/",
		"oscoutput15/address" : "127.0.0.1",
		"oscoutput15/oscoutput15-oscroute/abs" : 0.0,
		"oscoutput15/oscoutput15-oscroute/abs2" : 0.0,
		"oscoutput15/oscoutput15-oscroute/namespacebrowser/nodeAddress" : "/wheel2/acc/shake",
		"oscoutput15/oscoutput15-oscroute/offset" : 0.0,
		"oscoutput15/oscoutput15-oscroute/offset2" : 0.0,
		"oscoutput15/oscoutput15-oscroute/scalebypass" : 1.0,
		"oscoutput15/oscoutput15-oscroute/settingList" : [ 1, 0.0, 0.0, 0.0, "s", 0, "s", 0.0, "s", 0.0, "s", "s" ],
		"oscoutput15/oscoutput15-oscroute/input/max" : 1.0,
		"oscoutput15/oscoutput15-oscroute/input/min" : 0.0,
		"oscoutput15/oscoutput15-oscroute/output/max" : 1.0,
		"oscoutput15/oscoutput15-oscroute/output/min" : 0.0,
		"oscoutput15/port" : 8815,
		"oscoutput15/prepend" : "/value/",
		"oscoutput16/address" : "127.0.0.1",
		"oscoutput16/oscoutput16-oscroute/abs" : 0.0,
		"oscoutput16/oscoutput16-oscroute/abs2" : 0.0,
		"oscoutput16/oscoutput16-oscroute/namespacebrowser/nodeAddress" : "/ngimu_r2/acc/y/raw",
		"oscoutput16/oscoutput16-oscroute/offset" : 0.0,
		"oscoutput16/oscoutput16-oscroute/offset2" : 0.0,
		"oscoutput16/oscoutput16-oscroute/scalebypass" : 1.0,
		"oscoutput16/oscoutput16-oscroute/settingList" : [ 1, 0.0, 0.0, 0.0, "s", 0, "s", 0.0, "s", 0.0, "s", "s" ],
		"oscoutput16/oscoutput16-oscroute/input/max" : 1.0,
		"oscoutput16/oscoutput16-oscroute/input/min" : 0.0,
		"oscoutput16/oscoutput16-oscroute/output/max" : 1.0,
		"oscoutput16/oscoutput16-oscroute/output/min" : 0.0,
		"oscoutput16/port" : 8816,
		"oscoutput16/prepend" : "/value/",
		"oscoutput2/address" : "127.0.0.1",
		"oscoutput2/oscoutput2-oscroute/abs" : 0.0,
		"oscoutput2/oscoutput2-oscroute/abs2" : 0.0,
		"oscoutput2/oscoutput2-oscroute/namespacebrowser/nodeAddress" : "/wheel2/gyro/absSum",
		"oscoutput2/oscoutput2-oscroute/offset" : 0.0,
		"oscoutput2/oscoutput2-oscroute/offset2" : 0.0,
		"oscoutput2/oscoutput2-oscroute/scalebypass" : 1.0,
		"oscoutput2/oscoutput2-oscroute/settingList" : [ 1, 0.0, 0.0, 0.0, "s", 1, "s", 0.0, "s", 0.0, "s", "s" ],
		"oscoutput2/oscoutput2-oscroute/input/max" : 0.429119,
		"oscoutput2/oscoutput2-oscroute/input/min" : 0.000009,
		"oscoutput2/oscoutput2-oscroute/output/max" : 1.0,
		"oscoutput2/oscoutput2-oscroute/output/min" : 0.0,
		"oscoutput2/port" : 8802,
		"oscoutput2/prepend" : "/wheel/gyro/qom",
		"oscoutput3/address" : "127.0.0.1",
		"oscoutput3/oscoutput3-oscroute/abs" : 0.0,
		"oscoutput3/oscoutput3-oscroute/abs2" : 0.0,
		"oscoutput3/oscoutput3-oscroute/namespacebrowser/nodeAddress" : "/wheel/gyro/spin",
		"oscoutput3/oscoutput3-oscroute/offset" : 0.0,
		"oscoutput3/oscoutput3-oscroute/offset2" : 0.0,
		"oscoutput3/oscoutput3-oscroute/scalebypass" : 1.0,
		"oscoutput3/oscoutput3-oscroute/settingList" : [ 1, 0.0, 0.0, 0.0, "s", 0, "s", 0.0, "s", 0.0, "s", "s" ],
		"oscoutput3/oscoutput3-oscroute/input/max" : 1.0,
		"oscoutput3/oscoutput3-oscroute/input/min" : 0.0,
		"oscoutput3/oscoutput3-oscroute/output/max" : 1.0,
		"oscoutput3/oscoutput3-oscroute/output/min" : 0.0,
		"oscoutput3/port" : 8803,
		"oscoutput3/prepend" : "/wheel/gyro/spin",
		"oscoutput4/address" : "127.0.0.1",
		"oscoutput4/oscoutput4-oscroute/abs" : 0.0,
		"oscoutput4/oscoutput4-oscroute/abs2" : 0.0,
		"oscoutput4/oscoutput4-oscroute/namespacebrowser/nodeAddress" : "/wheel/gyro/absSum",
		"oscoutput4/oscoutput4-oscroute/offset" : 0.0,
		"oscoutput4/oscoutput4-oscroute/offset2" : 0.0,
		"oscoutput4/oscoutput4-oscroute/scalebypass" : 1.0,
		"oscoutput4/oscoutput4-oscroute/settingList" : [ 1, 0.0, 0.0, 0.0, "s", 0, "s", 0.0, "s", 0.0, "s", "s" ],
		"oscoutput4/oscoutput4-oscroute/input/max" : 1.0,
		"oscoutput4/oscoutput4-oscroute/input/min" : 0.0,
		"oscoutput4/oscoutput4-oscroute/output/max" : 1.0,
		"oscoutput4/oscoutput4-oscroute/output/min" : 0.0,
		"oscoutput4/port" : 8804,
		"oscoutput4/prepend" : "/wheel/acc/avg",
		"oscoutput5/address" : "127.0.0.1",
		"oscoutput5/oscoutput5-oscroute/abs" : 0.0,
		"oscoutput5/oscoutput5-oscroute/abs2" : 0.0,
		"oscoutput5/oscoutput5-oscroute/namespacebrowser/nodeAddress" : "/wheel/acc/qom",
		"oscoutput5/oscoutput5-oscroute/offset" : 0.0,
		"oscoutput5/oscoutput5-oscroute/offset2" : 0.0,
		"oscoutput5/oscoutput5-oscroute/scalebypass" : 1.0,
		"oscoutput5/oscoutput5-oscroute/settingList" : [ 1, 0.0, 0.0, 0.0, "s", 0, "s", 0.0, "s", 0.0, "s", "s" ],
		"oscoutput5/oscoutput5-oscroute/input/max" : 1.0,
		"oscoutput5/oscoutput5-oscroute/input/min" : 0.0,
		"oscoutput5/oscoutput5-oscroute/output/max" : 1.0,
		"oscoutput5/oscoutput5-oscroute/output/min" : 0.0,
		"oscoutput5/port" : 8805,
		"oscoutput5/prepend" : "/wheel/acc/qom",
		"oscoutput6/address" : "127.0.0.1",
		"oscoutput6/oscoutput6-oscroute/abs" : 0.0,
		"oscoutput6/oscoutput6-oscroute/abs2" : 0.0,
		"oscoutput6/oscoutput6-oscroute/namespacebrowser/nodeAddress" : "/wheel/acc/qom2",
		"oscoutput6/oscoutput6-oscroute/offset" : 0.0,
		"oscoutput6/oscoutput6-oscroute/offset2" : 0.0,
		"oscoutput6/oscoutput6-oscroute/scalebypass" : 1.0,
		"oscoutput6/oscoutput6-oscroute/settingList" : [ 1, 0.0, 0.0, 0.0, "s", 0, "s", 0.0, "s", 0.0, "s", "s" ],
		"oscoutput6/oscoutput6-oscroute/input/max" : 1.0,
		"oscoutput6/oscoutput6-oscroute/input/min" : 0.0,
		"oscoutput6/oscoutput6-oscroute/output/max" : 1.0,
		"oscoutput6/oscoutput6-oscroute/output/min" : 0.0,
		"oscoutput6/port" : 8806,
		"oscoutput6/prepend" : "/wheel/acc/shake",
		"oscoutput7/address" : "127.0.0.1",
		"oscoutput7/oscoutput7-oscroute/abs" : 0.0,
		"oscoutput7/oscoutput7-oscroute/abs2" : 0.0,
		"oscoutput7/oscoutput7-oscroute/namespacebrowser/nodeAddress" : "/wheel/acc/shake",
		"oscoutput7/oscoutput7-oscroute/offset" : 0.0,
		"oscoutput7/oscoutput7-oscroute/offset2" : 0.0,
		"oscoutput7/oscoutput7-oscroute/scalebypass" : 1.0,
		"oscoutput7/oscoutput7-oscroute/settingList" : [ 1, 0.0, 0.0, 0.0, "s", 0, "s", 0.0, "s", 0.0, "s", "s" ],
		"oscoutput7/oscoutput7-oscroute/input/max" : 1.0,
		"oscoutput7/oscoutput7-oscroute/input/min" : 0.0,
		"oscoutput7/oscoutput7-oscroute/output/max" : 1.0,
		"oscoutput7/oscoutput7-oscroute/output/min" : 0.0,
		"oscoutput7/port" : 8807,
		"oscoutput7/prepend" : "/ngimu_r1/gyro/y",
		"oscoutput8/address" : "127.0.0.1",
		"oscoutput8/oscoutput8-oscroute/abs" : 0.0,
		"oscoutput8/oscoutput8-oscroute/abs2" : 0.0,
		"oscoutput8/oscoutput8-oscroute/namespacebrowser/nodeAddress" : "/ngimu_r1/acc/y/raw",
		"oscoutput8/oscoutput8-oscroute/offset" : 0.0,
		"oscoutput8/oscoutput8-oscroute/offset2" : 0.0,
		"oscoutput8/oscoutput8-oscroute/scalebypass" : 1.0,
		"oscoutput8/oscoutput8-oscroute/settingList" : [ 1, 0.0, 0.0, 0.0, "s", 0, "s", 0.0, "s", 0.0, "s", "s" ],
		"oscoutput8/oscoutput8-oscroute/input/max" : 1.0,
		"oscoutput8/oscoutput8-oscroute/input/min" : 0.0,
		"oscoutput8/oscoutput8-oscroute/output/max" : 1.0,
		"oscoutput8/oscoutput8-oscroute/output/min" : 0.0,
		"oscoutput8/port" : 8808,
		"oscoutput8/prepend" : "/ngimu_r1/acc/y",
		"oscoutput9/address" : "127.0.0.1",
		"oscoutput9/oscoutput9-oscroute/abs" : 0.0,
		"oscoutput9/oscoutput9-oscroute/abs2" : 0.0,
		"oscoutput9/oscoutput9-oscroute/namespacebrowser/nodeAddress" : "/wheel2/gyro/avg",
		"oscoutput9/oscoutput9-oscroute/offset" : 0.0,
		"oscoutput9/oscoutput9-oscroute/offset2" : 0.0,
		"oscoutput9/oscoutput9-oscroute/scalebypass" : 1.0,
		"oscoutput9/oscoutput9-oscroute/settingList" : [ 1, 0.0, 0.0, 0.0, "s", 0, "s", 0.0, "s", 0.0, "s", "s" ],
		"oscoutput9/oscoutput9-oscroute/input/max" : 1.0,
		"oscoutput9/oscoutput9-oscroute/input/min" : 0.0,
		"oscoutput9/oscoutput9-oscroute/output/max" : 1.0,
		"oscoutput9/oscoutput9-oscroute/output/min" : 0.0,
		"oscoutput9/port" : 8809,
		"oscoutput9/prepend" : "/value/",
		"wheel/acc/avg" : 0.284865,
		"wheel/acc/qom" : 0.000175,
		"wheel/acc/qom2" : 0.000175,
		"wheel/acc/shake" : 0.0,
		"wheel/acc/x" : 0.658413,
		"wheel/acc/y" : 0.178009,
		"wheel/acc/z" : 0.463261,
		"wheel/gyro/absSum" : 0.003069,
		"wheel/gyro/avg" : 0.681057,
		"wheel/gyro/spin" : 0.637513,
		"wheel/gyro/weightedSpin" : 0.003715,
		"wheel/gyro/x" : 0.559306,
		"wheel/gyro/y" : 0.67696,
		"wheel/gyro/z" : 0.554368,
		"wheel2/acc/avg" : 0.61687,
		"wheel2/acc/qom" : 0.00021,
		"wheel2/acc/qom2" : 0.00021,
		"wheel2/acc/shake" : 0.0,
		"wheel2/acc/x" : 0.545689,
		"wheel2/acc/y" : 0.397978,
		"wheel2/acc/z" : 0.574052,
		"wheel2/gyro/absSum" : 0.000097,
		"wheel2/gyro/avg" : 0.477534,
		"wheel2/gyro/spin" : 0.499457,
		"wheel2/gyro/weightedSpin" : 0.000078,
		"wheel2/gyro/x" : 0.468174,
		"wheel2/gyro/y" : 0.455457,
		"wheel2/gyro/z" : 0.567258
	}
,
	"cue3" : 	{
		"navrand1/grain" : 10,
		"navrand1/interpolate" : 500,
		"navrand1/max" : 1.0,
		"navrand1/min" : 0.0,
		"navrand1/on" : 1.0,
		"navrand1/step" : 1.0,
		"navrand1/out/pre-interpolation" : 0.483,
		"navrand1/out/final/float" : 0.554944,
		"navrand1/out/final/int" : 554,
		"navrand1/rate/max" : 1000,
		"navrand1/rate/min" : 30,
		"navrand2/grain" : 10,
		"navrand2/interpolate" : 500,
		"navrand2/max" : 1.0,
		"navrand2/min" : 0.0,
		"navrand2/on" : 0.0,
		"navrand2/step" : 1.0,
		"navrand2/out/pre-interpolation" : 0.0,
		"navrand2/out/final/float" : 0.0,
		"navrand2/out/final/int" : 0,
		"navrand2/rate/max" : 1000,
		"navrand2/rate/min" : 30,
		"navrand3/grain" : 10,
		"navrand3/interpolate" : 500,
		"navrand3/max" : 1.0,
		"navrand3/min" : 0.0,
		"navrand3/on" : 0.0,
		"navrand3/step" : 1.0,
		"navrand3/out/pre-interpolation" : 0.0,
		"navrand3/out/final/float" : 0.0,
		"navrand3/out/final/int" : 0,
		"navrand3/rate/max" : 1000,
		"navrand3/rate/min" : 30,
		"navrand4/grain" : 10,
		"navrand4/interpolate" : 500,
		"navrand4/max" : 1.0,
		"navrand4/min" : 0.0,
		"navrand4/on" : 0.0,
		"navrand4/step" : 1.0,
		"navrand4/out/pre-interpolation" : 0.0,
		"navrand4/out/final/float" : 0.0,
		"navrand4/out/final/int" : 0,
		"navrand4/rate/max" : 1000,
		"navrand4/rate/min" : 30,
		"navrand5/grain" : 10,
		"navrand5/interpolate" : 500,
		"navrand5/max" : 1.0,
		"navrand5/min" : 0.0,
		"navrand5/on" : 0.0,
		"navrand5/step" : 1.0,
		"navrand5/out/pre-interpolation" : 0.0,
		"navrand5/out/final/float" : 0.0,
		"navrand5/out/final/int" : 0,
		"navrand5/rate/max" : 1000,
		"navrand5/rate/min" : 30,
		"navrand6/grain" : 10,
		"navrand6/interpolate" : 500,
		"navrand6/max" : 1.0,
		"navrand6/min" : 0.0,
		"navrand6/on" : 0.0,
		"navrand6/step" : 1.0,
		"navrand6/out/pre-interpolation" : 0.0,
		"navrand6/out/final/float" : 0.0,
		"navrand6/out/final/int" : 0,
		"navrand6/rate/max" : 1000,
		"navrand6/rate/min" : 30,
		"navrand7/grain" : 10,
		"navrand7/interpolate" : 500,
		"navrand7/max" : 1.0,
		"navrand7/min" : 0.0,
		"navrand7/on" : 0.0,
		"navrand7/step" : 1.0,
		"navrand7/out/pre-interpolation" : 0.0,
		"navrand7/out/final/float" : 0.0,
		"navrand7/out/final/int" : 0,
		"navrand7/rate/max" : 1000,
		"navrand7/rate/min" : 30,
		"navrand8/grain" : 10,
		"navrand8/interpolate" : 500,
		"navrand8/max" : 1.0,
		"navrand8/min" : 0.0,
		"navrand8/on" : 0.0,
		"navrand8/step" : 1.0,
		"navrand8/out/pre-interpolation" : 0.0,
		"navrand8/out/final/float" : 0.0,
		"navrand8/out/final/int" : 0,
		"navrand8/rate/max" : 1000,
		"navrand8/rate/min" : 30,
		"ngimu_r1/barometer" : 1006.469055000000026,
		"ngimu_r1/barometer/active" : 1.0,
		"ngimu_r1/acc/pitch" : 0.408773,
		"ngimu_r1/acc/pitch/active" : 1.0,
		"ngimu_r1/acc/pitch/invert" : 0.0,
		"ngimu_r1/acc/pitch/offset" : 0.0,
		"ngimu_r1/acc/preview" : 1.0,
		"ngimu_r1/acc/roll" : 0.223233,
		"ngimu_r1/acc/roll/active" : 1.0,
		"ngimu_r1/acc/roll/invert" : 0.0,
		"ngimu_r1/acc/roll/offset" : 0.0,
		"ngimu_r1/acc/magnitude/active" : 1.0,
		"ngimu_r1/acc/magnitude/norm" : 0.0,
		"ngimu_r1/acc/magnitude/raw" : 0.0,
		"ngimu_r1/acc/orientation/preview" : 0.0,
		"ngimu_r1/acc/qom/norm" : 0.00031,
		"ngimu_r1/acc/qom/raw" : -0.205818,
		"ngimu_r1/acc/x/active" : 1.0,
		"ngimu_r1/acc/x/norm" : 0.021643,
		"ngimu_r1/acc/x/raw" : 0.346289,
		"ngimu_r1/acc/x/qom/norm" : 0.00031,
		"ngimu_r1/acc/x/qom/raw" : 0.009935,
		"ngimu_r1/acc/y/active" : 1.0,
		"ngimu_r1/acc/y/norm" : -0.058593,
		"ngimu_r1/acc/y/raw" : -0.937494,
		"ngimu_r1/acc/y/qom/norm" : 0.000909,
		"ngimu_r1/acc/y/qom/raw" : 0.029089,
		"ngimu_r1/acc/z/active" : 1.0,
		"ngimu_r1/acc/z/norm" : -0.009436,
		"ngimu_r1/acc/z/raw" : -0.150968,
		"ngimu_r1/acc/z/qom/norm" : 0.000469,
		"ngimu_r1/acc/z/qom/raw" : 0.015002,
		"ngimu_r1/altitude/active" : 1.0,
		"ngimu_r1/altitude/preview" : 0.0,
		"ngimu_r1/altitude/raw" : 58.519623000000003,
		"ngimu_r1/battery/charge" : 0.0,
		"ngimu_r1/battery/current" : 278.125,
		"ngimu_r1/battery/percentage" : 0.935547,
		"ngimu_r1/battery/time" : 161.8125,
		"ngimu_r1/battery/voltage" : 4.05375,
		"ngimu_r1/earth/preview" : 0.0,
		"ngimu_r1/earth/x/active" : 1.0,
		"ngimu_r1/earth/x/norm" : 0.0,
		"ngimu_r1/earth/x/raw" : 0.0,
		"ngimu_r1/earth/y/active" : 1.0,
		"ngimu_r1/earth/y/norm" : 0.0,
		"ngimu_r1/earth/y/raw" : 0.0,
		"ngimu_r1/earth/z/active" : 1.0,
		"ngimu_r1/earth/z/norm" : 0.0,
		"ngimu_r1/earth/z/raw" : 0.0,
		"ngimu_r1/euler/preview" : 0.0,
		"ngimu_r1/euler/pitch/active" : 1.0,
		"ngimu_r1/euler/pitch/norm" : -0.110515,
		"ngimu_r1/euler/pitch/raw" : -19.892613999999998,
		"ngimu_r1/euler/roll/active" : 1.0,
		"ngimu_r1/euler/roll/norm" : -0.551642,
		"ngimu_r1/euler/roll/raw" : -99.295592999999997,
		"ngimu_r1/euler/yaw/active" : 1.0,
		"ngimu_r1/euler/yaw/norm" : -0.661186,
		"ngimu_r1/euler/yaw/raw" : -119.013565,
		"ngimu_r1/gyro/preview" : 0.0,
		"ngimu_r1/gyro/magnitude/active" : 1.0,
		"ngimu_r1/gyro/magnitude/norm" : 0.0,
		"ngimu_r1/gyro/magnitude/raw" : 0.0,
		"ngimu_r1/gyro/qom/norm" : 0.001115,
		"ngimu_r1/gyro/qom/raw" : 11.978107,
		"ngimu_r1/gyro/x/active" : 1.0,
		"ngimu_r1/gyro/x/norm" : 0.000084,
		"ngimu_r1/gyro/x/raw" : 0.168477,
		"ngimu_r1/gyro/x/qom/norm" : 0.000994,
		"ngimu_r1/gyro/x/qom/raw" : 3.992702,
		"ngimu_r1/gyro/y/active" : 1.0,
		"ngimu_r1/gyro/y/norm" : 0.000018,
		"ngimu_r1/gyro/y/raw" : 0.03517,
		"ngimu_r1/gyro/y/qom/norm" : 0.001257,
		"ngimu_r1/gyro/y/qom/raw" : 5.049536,
		"ngimu_r1/gyro/z/active" : 1.0,
		"ngimu_r1/gyro/z/norm" : -0.000083,
		"ngimu_r1/gyro/z/raw" : -0.166101,
		"ngimu_r1/gyro/z/qom/norm" : 0.000198,
		"ngimu_r1/gyro/z/qom/raw" : 0.7959,
		"ngimu_r1/linear/preview" : 0.0,
		"ngimu_r1/linear/x/active" : 1.0,
		"ngimu_r1/linear/x/norm" : 0.0,
		"ngimu_r1/linear/x/raw" : 0.0,
		"ngimu_r1/linear/y/active" : 1.0,
		"ngimu_r1/linear/y/norm" : 0.0,
		"ngimu_r1/linear/y/raw" : 0.0,
		"ngimu_r1/linear/z/active" : 1.0,
		"ngimu_r1/linear/z/norm" : 0.0,
		"ngimu_r1/linear/z/raw" : 0.0,
		"ngimu_r1/mag/preview" : 1.0,
		"ngimu_r1/mag/qom" : 0.0,
		"ngimu_r1/mag/magnitude/active" : 1.0,
		"ngimu_r1/mag/magnitude/raw" : 0.0,
		"ngimu_r1/mag/magnitude/scaled" : 0.0,
		"ngimu_r1/mag/x/active" : 1.0,
		"ngimu_r1/mag/x/qom" : 0.0,
		"ngimu_r1/mag/x/raw" : -14.085629000000001,
		"ngimu_r1/mag/y/active" : 1.0,
		"ngimu_r1/mag/y/qom" : 0.0,
		"ngimu_r1/mag/y/raw" : 26.576626000000001,
		"ngimu_r1/mag/z/active" : 1.0,
		"ngimu_r1/mag/z/qom" : 0.0,
		"ngimu_r1/mag/z/raw" : 10.930066999999999,
		"ngimu_r1/magnitudes/preview" : 0.0,
		"ngimu_r1/matrix/preview" : 0.0,
		"ngimu_r1/matrix/xx/active" : 1.0,
		"ngimu_r1/matrix/xx/raw" : 0.0,
		"ngimu_r1/matrix/xy/active" : 1.0,
		"ngimu_r1/matrix/xy/raw" : 0.0,
		"ngimu_r1/matrix/xz/active" : 1.0,
		"ngimu_r1/matrix/xz/raw" : 0.0,
		"ngimu_r1/matrix/yx/active" : 1.0,
		"ngimu_r1/matrix/yx/raw" : 0.0,
		"ngimu_r1/matrix/yy/active" : 1.0,
		"ngimu_r1/matrix/yy/raw" : 0.0,
		"ngimu_r1/matrix/yz/active" : 1.0,
		"ngimu_r1/matrix/yz/raw" : 0.0,
		"ngimu_r1/matrix/zx/active" : 1.0,
		"ngimu_r1/matrix/zx/raw" : 0.0,
		"ngimu_r1/matrix/zy/active" : 1.0,
		"ngimu_r1/matrix/zy/raw" : 0.0,
		"ngimu_r1/matrix/zz/active" : 1.0,
		"ngimu_r1/matrix/zz/raw" : 0.0,
		"ngimu_r1/port/in" : 7800,
		"ngimu_r1/quaternion/preview" : 0.0,
		"ngimu_r1/quaternion/w/active" : 1.0,
		"ngimu_r1/quaternion/w/raw" : -0.242373,
		"ngimu_r1/quaternion/x/active" : 1.0,
		"ngimu_r1/quaternion/x/raw" : 0.899324,
		"ngimu_r1/quaternion/y/active" : 1.0,
		"ngimu_r1/quaternion/y/raw" : -0.015259,
		"ngimu_r1/quaternion/z/active" : 1.0,
		"ngimu_r1/quaternion/z/raw" : -0.358979,
		"ngimu_r1/rssi/dbm" : 0.0,
		"ngimu_r1/rssi/dbm/active" : 1.0,
		"ngimu_r1/rssi/percent" : 0.0,
		"ngimu_r1/rssi/percent/active" : 1.0,
		"ngimu_r1/temperature/processor" : 38.984000999999999,
		"ngimu_r1/temperature/processor/active" : 1.0,
		"ngimu_r1/temperature/sensors" : 31.462,
		"ngimu_r1/temperature/sensors/active" : 1.0,
		"ngimu_r2/barometer" : 1006.264038000000028,
		"ngimu_r2/barometer/active" : 1.0,
		"ngimu_r2/acc/pitch" : -0.990281,
		"ngimu_r2/acc/pitch/active" : 1.0,
		"ngimu_r2/acc/pitch/invert" : 0.0,
		"ngimu_r2/acc/pitch/offset" : 0.0,
		"ngimu_r2/acc/preview" : 0.0,
		"ngimu_r2/acc/roll" : 0.53979,
		"ngimu_r2/acc/roll/active" : 1.0,
		"ngimu_r2/acc/roll/invert" : 0.0,
		"ngimu_r2/acc/roll/offset" : 0.0,
		"ngimu_r2/acc/magnitude/active" : 1.0,
		"ngimu_r2/acc/magnitude/norm" : 0.0,
		"ngimu_r2/acc/magnitude/raw" : 0.0,
		"ngimu_r2/acc/orientation/preview" : 0.0,
		"ngimu_r2/acc/qom/norm" : 0.002865,
		"ngimu_r2/acc/qom/raw" : 0.552589,
		"ngimu_r2/acc/x/active" : 1.0,
		"ngimu_r2/acc/x/norm" : 0.00094,
		"ngimu_r2/acc/x/raw" : 0.015041,
		"ngimu_r2/acc/x/qom/norm" : 0.0,
		"ngimu_r2/acc/x/qom/raw" : 0.0,
		"ngimu_r2/acc/y/active" : 1.0,
		"ngimu_r2/acc/y/norm" : 0.001947,
		"ngimu_r2/acc/y/raw" : 0.031155,
		"ngimu_r2/acc/y/qom/norm" : 0.0,
		"ngimu_r2/acc/y/qom/raw" : 0.0,
		"ngimu_r2/acc/z/active" : 1.0,
		"ngimu_r2/acc/z/norm" : 0.0627,
		"ngimu_r2/acc/z/raw" : 1.003201,
		"ngimu_r2/acc/z/qom/norm" : 0.0,
		"ngimu_r2/acc/z/qom/raw" : 0.0,
		"ngimu_r2/altitude/active" : 1.0,
		"ngimu_r2/altitude/preview" : 0.0,
		"ngimu_r2/altitude/raw" : 0.0,
		"ngimu_r2/battery/charge" : 0.0,
		"ngimu_r2/battery/current" : 270.625,
		"ngimu_r2/battery/percentage" : 0.918945,
		"ngimu_r2/battery/time" : 178.40625,
		"ngimu_r2/battery/voltage" : 4.00375,
		"ngimu_r2/earth/preview" : 0.0,
		"ngimu_r2/earth/x/active" : 1.0,
		"ngimu_r2/earth/x/norm" : 0.0,
		"ngimu_r2/earth/x/raw" : 0.0,
		"ngimu_r2/earth/y/active" : 1.0,
		"ngimu_r2/earth/y/norm" : 0.0,
		"ngimu_r2/earth/y/raw" : 0.0,
		"ngimu_r2/earth/z/active" : 1.0,
		"ngimu_r2/earth/z/norm" : 0.0,
		"ngimu_r2/earth/z/raw" : 0.0,
		"ngimu_r2/euler/preview" : 0.0,
		"ngimu_r2/euler/pitch/active" : 1.0,
		"ngimu_r2/euler/pitch/norm" : 0.0,
		"ngimu_r2/euler/pitch/raw" : 0.0,
		"ngimu_r2/euler/roll/active" : 1.0,
		"ngimu_r2/euler/roll/norm" : 0.0,
		"ngimu_r2/euler/roll/raw" : 0.0,
		"ngimu_r2/euler/yaw/active" : 1.0,
		"ngimu_r2/euler/yaw/norm" : 0.0,
		"ngimu_r2/euler/yaw/raw" : 0.0,
		"ngimu_r2/gyro/preview" : 0.0,
		"ngimu_r2/gyro/magnitude/active" : 1.0,
		"ngimu_r2/gyro/magnitude/norm" : 0.0,
		"ngimu_r2/gyro/magnitude/raw" : 0.0,
		"ngimu_r2/gyro/qom/norm" : 0.049541,
		"ngimu_r2/gyro/qom/raw" : 524.065429999999992,
		"ngimu_r2/gyro/x/active" : 1.0,
		"ngimu_r2/gyro/x/norm" : -0.000086,
		"ngimu_r2/gyro/x/raw" : -0.172343,
		"ngimu_r2/gyro/x/qom/norm" : 0.0,
		"ngimu_r2/gyro/x/qom/raw" : 0.0,
		"ngimu_r2/gyro/y/active" : 1.0,
		"ngimu_r2/gyro/y/norm" : -0.000025,
		"ngimu_r2/gyro/y/raw" : -0.050501,
		"ngimu_r2/gyro/y/qom/norm" : 0.0,
		"ngimu_r2/gyro/y/qom/raw" : 0.0,
		"ngimu_r2/gyro/z/active" : 1.0,
		"ngimu_r2/gyro/z/norm" : 0.000018,
		"ngimu_r2/gyro/z/raw" : 0.036276,
		"ngimu_r2/gyro/z/qom/norm" : 0.0,
		"ngimu_r2/gyro/z/qom/raw" : 0.0,
		"ngimu_r2/linear/preview" : 0.0,
		"ngimu_r2/linear/x/active" : 1.0,
		"ngimu_r2/linear/x/norm" : 0.0,
		"ngimu_r2/linear/x/raw" : 0.0,
		"ngimu_r2/linear/y/active" : 1.0,
		"ngimu_r2/linear/y/norm" : 0.0,
		"ngimu_r2/linear/y/raw" : 0.0,
		"ngimu_r2/linear/z/active" : 1.0,
		"ngimu_r2/linear/z/norm" : 0.0,
		"ngimu_r2/linear/z/raw" : 0.0,
		"ngimu_r2/mag/preview" : 0.0,
		"ngimu_r2/mag/qom" : 0.0,
		"ngimu_r2/mag/magnitude/active" : 1.0,
		"ngimu_r2/mag/magnitude/raw" : 0.0,
		"ngimu_r2/mag/magnitude/scaled" : 0.0,
		"ngimu_r2/mag/x/active" : 1.0,
		"ngimu_r2/mag/x/qom" : 0.0,
		"ngimu_r2/mag/x/raw" : -2.878744,
		"ngimu_r2/mag/y/active" : 1.0,
		"ngimu_r2/mag/y/qom" : 0.0,
		"ngimu_r2/mag/y/raw" : -18.822035,
		"ngimu_r2/mag/z/active" : 1.0,
		"ngimu_r2/mag/z/qom" : 0.0,
		"ngimu_r2/mag/z/raw" : 53.728698999999999,
		"ngimu_r2/magnitudes/preview" : 0.0,
		"ngimu_r2/matrix/preview" : 0.0,
		"ngimu_r2/matrix/xx/active" : 1.0,
		"ngimu_r2/matrix/xx/raw" : 0.0,
		"ngimu_r2/matrix/xy/active" : 1.0,
		"ngimu_r2/matrix/xy/raw" : 0.0,
		"ngimu_r2/matrix/xz/active" : 1.0,
		"ngimu_r2/matrix/xz/raw" : 0.0,
		"ngimu_r2/matrix/yx/active" : 1.0,
		"ngimu_r2/matrix/yx/raw" : 0.0,
		"ngimu_r2/matrix/yy/active" : 1.0,
		"ngimu_r2/matrix/yy/raw" : 0.0,
		"ngimu_r2/matrix/yz/active" : 1.0,
		"ngimu_r2/matrix/yz/raw" : 0.0,
		"ngimu_r2/matrix/zx/active" : 1.0,
		"ngimu_r2/matrix/zx/raw" : 0.0,
		"ngimu_r2/matrix/zy/active" : 1.0,
		"ngimu_r2/matrix/zy/raw" : 0.0,
		"ngimu_r2/matrix/zz/active" : 1.0,
		"ngimu_r2/matrix/zz/raw" : 0.0,
		"ngimu_r2/port/in" : 7801,
		"ngimu_r2/quaternion/preview" : 0.0,
		"ngimu_r2/quaternion/w/active" : 1.0,
		"ngimu_r2/quaternion/w/raw" : 0.008966,
		"ngimu_r2/quaternion/x/active" : 1.0,
		"ngimu_r2/quaternion/x/raw" : -0.353248,
		"ngimu_r2/quaternion/y/active" : 1.0,
		"ngimu_r2/quaternion/y/raw" : 0.933682,
		"ngimu_r2/quaternion/z/active" : 1.0,
		"ngimu_r2/quaternion/z/raw" : 0.000841,
		"ngimu_r2/rssi/dbm" : 0.0,
		"ngimu_r2/rssi/dbm/active" : 1.0,
		"ngimu_r2/rssi/percent" : 0.0,
		"ngimu_r2/rssi/percent/active" : 1.0,
		"ngimu_r2/temperature/processor" : 38.349997999999999,
		"ngimu_r2/temperature/processor/active" : 1.0,
		"ngimu_r2/temperature/sensors" : 31.238001000000001,
		"ngimu_r2/temperature/sensors/active" : 1.0,
		"oscoutput1/address" : "127.0.0.1",
		"oscoutput1/oscoutput1-oscroute/abs" : 0.0,
		"oscoutput1/oscoutput1-oscroute/abs2" : 0.0,
		"oscoutput1/oscoutput1-oscroute/namespacebrowser/nodeAddress" : "/wheel/gyro/avg",
		"oscoutput1/oscoutput1-oscroute/offset" : 0.0,
		"oscoutput1/oscoutput1-oscroute/offset2" : 0.0,
		"oscoutput1/oscoutput1-oscroute/scalebypass" : 0.0,
		"oscoutput1/oscoutput1-oscroute/settingList" : [ 1, 0.0, 0.0, 0.0, "s", 0, "s", 0.0, "s", 0.0, "s", "s" ],
		"oscoutput1/oscoutput1-oscroute/input/max" : 1.0,
		"oscoutput1/oscoutput1-oscroute/input/min" : 0.0,
		"oscoutput1/oscoutput1-oscroute/output/max" : 1.0,
		"oscoutput1/oscoutput1-oscroute/output/min" : 0.0,
		"oscoutput1/port" : 8801,
		"oscoutput1/prepend" : "/wheel/gyro/avg",
		"oscoutput10/address" : "127.0.0.1",
		"oscoutput10/oscoutput10-oscroute/abs" : 0.0,
		"oscoutput10/oscoutput10-oscroute/abs2" : 0.0,
		"oscoutput10/oscoutput10-oscroute/namespacebrowser/nodeAddress" : "/wheel2/gyro/weightedSpin",
		"oscoutput10/oscoutput10-oscroute/offset" : 0.0,
		"oscoutput10/oscoutput10-oscroute/offset2" : 0.0,
		"oscoutput10/oscoutput10-oscroute/scalebypass" : 1.0,
		"oscoutput10/oscoutput10-oscroute/settingList" : [ 1, 0.0, 0.0, 0.0, "s", 0, "s", 0.0, "s", 0.0, "s", "s" ],
		"oscoutput10/oscoutput10-oscroute/input/max" : 1.0,
		"oscoutput10/oscoutput10-oscroute/input/min" : 0.0,
		"oscoutput10/oscoutput10-oscroute/output/max" : 1.0,
		"oscoutput10/oscoutput10-oscroute/output/min" : 0.0,
		"oscoutput10/port" : 8810,
		"oscoutput10/prepend" : "/value/",
		"oscoutput11/address" : "127.0.0.1",
		"oscoutput11/oscoutput11-oscroute/abs" : 0.0,
		"oscoutput11/oscoutput11-oscroute/abs2" : 0.0,
		"oscoutput11/oscoutput11-oscroute/namespacebrowser/nodeAddress" : "/wheel2/gyro/spin",
		"oscoutput11/oscoutput11-oscroute/offset" : 0.0,
		"oscoutput11/oscoutput11-oscroute/offset2" : 0.0,
		"oscoutput11/oscoutput11-oscroute/scalebypass" : 1.0,
		"oscoutput11/oscoutput11-oscroute/settingList" : [ 1, 0.0, 0.0, 0.0, "s", 0, "s", 0.0, "s", 0.0, "s", "s" ],
		"oscoutput11/oscoutput11-oscroute/input/max" : 1.0,
		"oscoutput11/oscoutput11-oscroute/input/min" : 0.0,
		"oscoutput11/oscoutput11-oscroute/output/max" : 1.0,
		"oscoutput11/oscoutput11-oscroute/output/min" : 0.0,
		"oscoutput11/port" : 8811,
		"oscoutput11/prepend" : "/value/",
		"oscoutput12/address" : "127.0.0.1",
		"oscoutput12/oscoutput12-oscroute/abs" : 0.0,
		"oscoutput12/oscoutput12-oscroute/abs2" : 0.0,
		"oscoutput12/oscoutput12-oscroute/namespacebrowser/nodeAddress" : "/wheel2/gyro/absSum",
		"oscoutput12/oscoutput12-oscroute/offset" : 0.0,
		"oscoutput12/oscoutput12-oscroute/offset2" : 0.0,
		"oscoutput12/oscoutput12-oscroute/scalebypass" : 1.0,
		"oscoutput12/oscoutput12-oscroute/settingList" : [ 1, 0.0, 0.0, 0.0, "s", 0, "s", 0.0, "s", 0.0, "s", "s" ],
		"oscoutput12/oscoutput12-oscroute/input/max" : 1.0,
		"oscoutput12/oscoutput12-oscroute/input/min" : 0.0,
		"oscoutput12/oscoutput12-oscroute/output/max" : 1.0,
		"oscoutput12/oscoutput12-oscroute/output/min" : 0.0,
		"oscoutput12/port" : 8812,
		"oscoutput12/prepend" : "/value/",
		"oscoutput13/address" : "127.0.0.1",
		"oscoutput13/oscoutput13-oscroute/abs" : 0.0,
		"oscoutput13/oscoutput13-oscroute/abs2" : 0.0,
		"oscoutput13/oscoutput13-oscroute/namespacebrowser/nodeAddress" : "/wheel2/acc/qom",
		"oscoutput13/oscoutput13-oscroute/offset" : 0.0,
		"oscoutput13/oscoutput13-oscroute/offset2" : 0.0,
		"oscoutput13/oscoutput13-oscroute/scalebypass" : 1.0,
		"oscoutput13/oscoutput13-oscroute/settingList" : [ 1, 0.0, 0.0, 0.0, "s", 0, "s", 0.0, "s", 0.0, "s", "s" ],
		"oscoutput13/oscoutput13-oscroute/input/max" : 1.0,
		"oscoutput13/oscoutput13-oscroute/input/min" : 0.0,
		"oscoutput13/oscoutput13-oscroute/output/max" : 1.0,
		"oscoutput13/oscoutput13-oscroute/output/min" : 0.0,
		"oscoutput13/port" : 8813,
		"oscoutput13/prepend" : "/value/",
		"oscoutput14/address" : "127.0.0.1",
		"oscoutput14/oscoutput14-oscroute/abs" : 0.0,
		"oscoutput14/oscoutput14-oscroute/abs2" : 0.0,
		"oscoutput14/oscoutput14-oscroute/namespacebrowser/nodeAddress" : "/wheel2/acc/qom2",
		"oscoutput14/oscoutput14-oscroute/offset" : 0.0,
		"oscoutput14/oscoutput14-oscroute/offset2" : 0.0,
		"oscoutput14/oscoutput14-oscroute/scalebypass" : 1.0,
		"oscoutput14/oscoutput14-oscroute/settingList" : [ 1, 0.0, 0.0, 0.0, "s", 0, "s", 0.0, "s", 0.0, "s", "s" ],
		"oscoutput14/oscoutput14-oscroute/input/max" : 1.0,
		"oscoutput14/oscoutput14-oscroute/input/min" : 0.0,
		"oscoutput14/oscoutput14-oscroute/output/max" : 1.0,
		"oscoutput14/oscoutput14-oscroute/output/min" : 0.0,
		"oscoutput14/port" : 8814,
		"oscoutput14/prepend" : "/value/",
		"oscoutput15/address" : "127.0.0.1",
		"oscoutput15/oscoutput15-oscroute/abs" : 0.0,
		"oscoutput15/oscoutput15-oscroute/abs2" : 0.0,
		"oscoutput15/oscoutput15-oscroute/namespacebrowser/nodeAddress" : "/wheel2/acc/shake",
		"oscoutput15/oscoutput15-oscroute/offset" : 0.0,
		"oscoutput15/oscoutput15-oscroute/offset2" : 0.0,
		"oscoutput15/oscoutput15-oscroute/scalebypass" : 1.0,
		"oscoutput15/oscoutput15-oscroute/settingList" : [ 1, 0.0, 0.0, 0.0, "s", 0, "s", 0.0, "s", 0.0, "s", "s" ],
		"oscoutput15/oscoutput15-oscroute/input/max" : 1.0,
		"oscoutput15/oscoutput15-oscroute/input/min" : 0.0,
		"oscoutput15/oscoutput15-oscroute/output/max" : 1.0,
		"oscoutput15/oscoutput15-oscroute/output/min" : 0.0,
		"oscoutput15/port" : 8815,
		"oscoutput15/prepend" : "/value/",
		"oscoutput16/address" : "127.0.0.1",
		"oscoutput16/oscoutput16-oscroute/abs" : 0.0,
		"oscoutput16/oscoutput16-oscroute/abs2" : 0.0,
		"oscoutput16/oscoutput16-oscroute/namespacebrowser/nodeAddress" : "/ngimu_r2/acc/y/raw",
		"oscoutput16/oscoutput16-oscroute/offset" : 0.0,
		"oscoutput16/oscoutput16-oscroute/offset2" : 0.0,
		"oscoutput16/oscoutput16-oscroute/scalebypass" : 1.0,
		"oscoutput16/oscoutput16-oscroute/settingList" : [ 1, 0.0, 0.0, 0.0, "s", 0, "s", 0.0, "s", 0.0, "s", "s" ],
		"oscoutput16/oscoutput16-oscroute/input/max" : 1.0,
		"oscoutput16/oscoutput16-oscroute/input/min" : 0.0,
		"oscoutput16/oscoutput16-oscroute/output/max" : 1.0,
		"oscoutput16/oscoutput16-oscroute/output/min" : 0.0,
		"oscoutput16/port" : 8816,
		"oscoutput16/prepend" : "/value/",
		"oscoutput2/address" : "127.0.0.1",
		"oscoutput2/oscoutput2-oscroute/abs" : 0.0,
		"oscoutput2/oscoutput2-oscroute/abs2" : 0.0,
		"oscoutput2/oscoutput2-oscroute/namespacebrowser/nodeAddress" : "/wheel2/gyro/absSum",
		"oscoutput2/oscoutput2-oscroute/offset" : 0.0,
		"oscoutput2/oscoutput2-oscroute/offset2" : 0.0,
		"oscoutput2/oscoutput2-oscroute/scalebypass" : 1.0,
		"oscoutput2/oscoutput2-oscroute/settingList" : [ 1, 0.0, 0.0, 0.0, "s", 1, "s", 0.0, "s", 0.0, "s", "s" ],
		"oscoutput2/oscoutput2-oscroute/input/max" : 0.429119,
		"oscoutput2/oscoutput2-oscroute/input/min" : 0.0,
		"oscoutput2/oscoutput2-oscroute/output/max" : 1.0,
		"oscoutput2/oscoutput2-oscroute/output/min" : 0.0,
		"oscoutput2/port" : 8802,
		"oscoutput2/prepend" : "/wheel/gyro/qom",
		"oscoutput3/address" : "127.0.0.1",
		"oscoutput3/oscoutput3-oscroute/abs" : 0.0,
		"oscoutput3/oscoutput3-oscroute/abs2" : 0.0,
		"oscoutput3/oscoutput3-oscroute/namespacebrowser/nodeAddress" : "/wheel/gyro/spin",
		"oscoutput3/oscoutput3-oscroute/offset" : 0.0,
		"oscoutput3/oscoutput3-oscroute/offset2" : 0.0,
		"oscoutput3/oscoutput3-oscroute/scalebypass" : 1.0,
		"oscoutput3/oscoutput3-oscroute/settingList" : [ 1, 0.0, 0.0, 0.0, "s", 0, "s", 0.0, "s", 0.0, "s", "s" ],
		"oscoutput3/oscoutput3-oscroute/input/max" : 1.0,
		"oscoutput3/oscoutput3-oscroute/input/min" : 0.0,
		"oscoutput3/oscoutput3-oscroute/output/max" : 1.0,
		"oscoutput3/oscoutput3-oscroute/output/min" : 0.0,
		"oscoutput3/port" : 8803,
		"oscoutput3/prepend" : "/wheel/gyro/spin",
		"oscoutput4/address" : "127.0.0.1",
		"oscoutput4/oscoutput4-oscroute/abs" : 0.0,
		"oscoutput4/oscoutput4-oscroute/abs2" : 0.0,
		"oscoutput4/oscoutput4-oscroute/namespacebrowser/nodeAddress" : "/wheel/gyro/absSum",
		"oscoutput4/oscoutput4-oscroute/offset" : 0.0,
		"oscoutput4/oscoutput4-oscroute/offset2" : 0.0,
		"oscoutput4/oscoutput4-oscroute/scalebypass" : 1.0,
		"oscoutput4/oscoutput4-oscroute/settingList" : [ 1, 0.0, 0.0, 0.0, "s", 0, "s", 0.0, "s", 0.0, "s", "s" ],
		"oscoutput4/oscoutput4-oscroute/input/max" : 1.0,
		"oscoutput4/oscoutput4-oscroute/input/min" : 0.0,
		"oscoutput4/oscoutput4-oscroute/output/max" : 1.0,
		"oscoutput4/oscoutput4-oscroute/output/min" : 0.0,
		"oscoutput4/port" : 8804,
		"oscoutput4/prepend" : "/wheel/acc/avg",
		"oscoutput5/address" : "127.0.0.1",
		"oscoutput5/oscoutput5-oscroute/abs" : 0.0,
		"oscoutput5/oscoutput5-oscroute/abs2" : 0.0,
		"oscoutput5/oscoutput5-oscroute/namespacebrowser/nodeAddress" : "/wheel/acc/qom",
		"oscoutput5/oscoutput5-oscroute/offset" : 0.0,
		"oscoutput5/oscoutput5-oscroute/offset2" : 0.0,
		"oscoutput5/oscoutput5-oscroute/scalebypass" : 1.0,
		"oscoutput5/oscoutput5-oscroute/settingList" : [ 1, 0.0, 0.0, 0.0, "s", 0, "s", 0.0, "s", 0.0, "s", "s" ],
		"oscoutput5/oscoutput5-oscroute/input/max" : 1.0,
		"oscoutput5/oscoutput5-oscroute/input/min" : 0.0,
		"oscoutput5/oscoutput5-oscroute/output/max" : 1.0,
		"oscoutput5/oscoutput5-oscroute/output/min" : 0.0,
		"oscoutput5/port" : 8805,
		"oscoutput5/prepend" : "/wheel/acc/qom",
		"oscoutput6/address" : "127.0.0.1",
		"oscoutput6/oscoutput6-oscroute/abs" : 0.0,
		"oscoutput6/oscoutput6-oscroute/abs2" : 0.0,
		"oscoutput6/oscoutput6-oscroute/namespacebrowser/nodeAddress" : "/wheel/acc/qom2",
		"oscoutput6/oscoutput6-oscroute/offset" : 0.0,
		"oscoutput6/oscoutput6-oscroute/offset2" : 0.0,
		"oscoutput6/oscoutput6-oscroute/scalebypass" : 1.0,
		"oscoutput6/oscoutput6-oscroute/settingList" : [ 1, 0.0, 0.0, 0.0, "s", 0, "s", 0.0, "s", 0.0, "s", "s" ],
		"oscoutput6/oscoutput6-oscroute/input/max" : 1.0,
		"oscoutput6/oscoutput6-oscroute/input/min" : 0.0,
		"oscoutput6/oscoutput6-oscroute/output/max" : 1.0,
		"oscoutput6/oscoutput6-oscroute/output/min" : 0.0,
		"oscoutput6/port" : 8806,
		"oscoutput6/prepend" : "/wheel/acc/shake",
		"oscoutput7/address" : "127.0.0.1",
		"oscoutput7/oscoutput7-oscroute/abs" : 0.0,
		"oscoutput7/oscoutput7-oscroute/abs2" : 0.0,
		"oscoutput7/oscoutput7-oscroute/namespacebrowser/nodeAddress" : "/wheel/acc/shake",
		"oscoutput7/oscoutput7-oscroute/offset" : 0.0,
		"oscoutput7/oscoutput7-oscroute/offset2" : 0.0,
		"oscoutput7/oscoutput7-oscroute/scalebypass" : 1.0,
		"oscoutput7/oscoutput7-oscroute/settingList" : [ 1, 0.0, 0.0, 0.0, "s", 0, "s", 0.0, "s", 0.0, "s", "s" ],
		"oscoutput7/oscoutput7-oscroute/input/max" : 1.0,
		"oscoutput7/oscoutput7-oscroute/input/min" : 0.0,
		"oscoutput7/oscoutput7-oscroute/output/max" : 1.0,
		"oscoutput7/oscoutput7-oscroute/output/min" : 0.0,
		"oscoutput7/port" : 8807,
		"oscoutput7/prepend" : "/ngimu_r1/gyro/y",
		"oscoutput8/address" : "127.0.0.1",
		"oscoutput8/oscoutput8-oscroute/abs" : 0.0,
		"oscoutput8/oscoutput8-oscroute/abs2" : 0.0,
		"oscoutput8/oscoutput8-oscroute/namespacebrowser/nodeAddress" : "/ngimu_r1/acc/y/raw",
		"oscoutput8/oscoutput8-oscroute/offset" : 0.0,
		"oscoutput8/oscoutput8-oscroute/offset2" : 0.0,
		"oscoutput8/oscoutput8-oscroute/scalebypass" : 1.0,
		"oscoutput8/oscoutput8-oscroute/settingList" : [ 1, 0.0, 0.0, 0.0, "s", 0, "s", 0.0, "s", 0.0, "s", "s" ],
		"oscoutput8/oscoutput8-oscroute/input/max" : 1.0,
		"oscoutput8/oscoutput8-oscroute/input/min" : 0.0,
		"oscoutput8/oscoutput8-oscroute/output/max" : 1.0,
		"oscoutput8/oscoutput8-oscroute/output/min" : 0.0,
		"oscoutput8/port" : 8808,
		"oscoutput8/prepend" : "/ngimu_r1/acc/y",
		"oscoutput9/address" : "127.0.0.1",
		"oscoutput9/oscoutput9-oscroute/abs" : 0.0,
		"oscoutput9/oscoutput9-oscroute/abs2" : 0.0,
		"oscoutput9/oscoutput9-oscroute/namespacebrowser/nodeAddress" : "/wheel2/gyro/avg",
		"oscoutput9/oscoutput9-oscroute/offset" : 0.0,
		"oscoutput9/oscoutput9-oscroute/offset2" : 0.0,
		"oscoutput9/oscoutput9-oscroute/scalebypass" : 1.0,
		"oscoutput9/oscoutput9-oscroute/settingList" : [ 1, 0.0, 0.0, 0.0, "s", 0, "s", 0.0, "s", 0.0, "s", "s" ],
		"oscoutput9/oscoutput9-oscroute/input/max" : 1.0,
		"oscoutput9/oscoutput9-oscroute/input/min" : 0.0,
		"oscoutput9/oscoutput9-oscroute/output/max" : 1.0,
		"oscoutput9/oscoutput9-oscroute/output/min" : 0.0,
		"oscoutput9/port" : 8809,
		"oscoutput9/prepend" : "/value/",
		"wheel/acc/avg" : 0.284827,
		"wheel/acc/qom" : 0.000281,
		"wheel/acc/qom2" : 0.000281,
		"wheel/acc/shake" : 0.0,
		"wheel/acc/x" : 0.657879,
		"wheel/acc/y" : 0.178421,
		"wheel/acc/z" : 0.463051,
		"wheel/gyro/absSum" : 0.003614,
		"wheel/gyro/avg" : 0.676774,
		"wheel/gyro/spin" : 0.63651,
		"wheel/gyro/weightedSpin" : 0.00356,
		"wheel/gyro/x" : 0.558359,
		"wheel/gyro/y" : 0.676105,
		"wheel/gyro/z" : 0.551936,
		"wheel2/acc/avg" : 0.616883,
		"wheel2/acc/qom" : 0.000354,
		"wheel2/acc/qom2" : 0.000354,
		"wheel2/acc/shake" : 0.0,
		"wheel2/acc/x" : 0.54562,
		"wheel2/acc/y" : 0.398087,
		"wheel2/acc/z" : 0.573897,
		"wheel2/gyro/absSum" : 0.000021,
		"wheel2/gyro/avg" : 0.477557,
		"wheel2/gyro/spin" : 0.499469,
		"wheel2/gyro/weightedSpin" : 0.000043,
		"wheel2/gyro/x" : 0.468198,
		"wheel2/gyro/y" : 0.455403,
		"wheel2/gyro/z" : 0.567279
	}

}
