{
	"new" : 	{
		"batonroute1/abs" : 0.0,
		"batonroute1/abs2" : 0.0,
		"batonroute1/namespacebrowser/nodeAddress" : "/wheel/acc/trig",
		"batonroute1/offset" : 0.0,
		"batonroute1/offset2" : 0.0,
		"batonroute1/scalebypass" : 1.0,
		"batonroute1/settingList" : [ 1, 0.0, 0.0, 0.0, "s", 0, "s", 0.0, "s", 0.0, "s", "s" ],
		"batonroute1/input/max" : 1.0,
		"batonroute1/input/min" : 0.0,
		"batonroute1/output/max" : 1.0,
		"batonroute1/output/min" : 0.0,
		"batonroute2/abs" : 0.0,
		"batonroute2/abs2" : 0.0,
		"batonroute2/namespacebrowser/nodeAddress" : "none",
		"batonroute2/offset" : 0.0,
		"batonroute2/offset2" : 0.0,
		"batonroute2/scalebypass" : 1.0,
		"batonroute2/input/max" : 1.0,
		"batonroute2/input/min" : 0.0,
		"batonroute2/output/max" : 1.0,
		"batonroute2/output/min" : 0.0,
		"batonroute3/abs" : 0.0,
		"batonroute3/abs2" : 0.0,
		"batonroute3/namespacebrowser/nodeAddress" : "none",
		"batonroute3/offset" : 0.0,
		"batonroute3/offset2" : 0.0,
		"batonroute3/scalebypass" : 1.0,
		"batonroute3/input/max" : 1.0,
		"batonroute3/input/min" : 0.0,
		"batonroute3/output/max" : 1.0,
		"batonroute3/output/min" : 0.0,
		"navrand1/grain" : 10,
		"navrand1/interpolate" : 500,
		"navrand1/max" : 1.0,
		"navrand1/min" : 0.0,
		"navrand1/on" : 0.0,
		"navrand1/step" : 1.0,
		"navrand1/out/pre-interpolation" : 0.0,
		"navrand1/out/final/float" : 0.0,
		"navrand1/out/final/int" : 0,
		"navrand1/rate/max" : 1000,
		"navrand1/rate/min" : 30,
		"navrand2/grain" : 10,
		"navrand2/interpolate" : 500,
		"navrand2/max" : 1.0,
		"navrand2/min" : 0.0,
		"navrand2/on" : 0.0,
		"navrand2/step" : 1.0,
		"navrand2/out/pre-interpolation" : 0.0,
		"navrand2/out/final/float" : 0.0,
		"navrand2/out/final/int" : 0,
		"navrand2/rate/max" : 1000,
		"navrand2/rate/min" : 30,
		"navrand3/grain" : 10,
		"navrand3/interpolate" : 500,
		"navrand3/max" : 1.0,
		"navrand3/min" : 0.0,
		"navrand3/on" : 0.0,
		"navrand3/step" : 1.0,
		"navrand3/out/pre-interpolation" : 0.0,
		"navrand3/out/final/float" : 0.0,
		"navrand3/out/final/int" : 0,
		"navrand3/rate/max" : 1000,
		"navrand3/rate/min" : 30,
		"navrand4/grain" : 10,
		"navrand4/interpolate" : 500,
		"navrand4/max" : 1.0,
		"navrand4/min" : 0.0,
		"navrand4/on" : 0.0,
		"navrand4/step" : 1.0,
		"navrand4/out/pre-interpolation" : 0.0,
		"navrand4/out/final/float" : 0.0,
		"navrand4/out/final/int" : 0,
		"navrand4/rate/max" : 1000,
		"navrand4/rate/min" : 30,
		"navrand5/grain" : 10,
		"navrand5/interpolate" : 500,
		"navrand5/max" : 1.0,
		"navrand5/min" : 0.0,
		"navrand5/on" : 0.0,
		"navrand5/step" : 1.0,
		"navrand5/out/pre-interpolation" : 0.0,
		"navrand5/out/final/float" : 0.0,
		"navrand5/out/final/int" : 0,
		"navrand5/rate/max" : 1000,
		"navrand5/rate/min" : 30,
		"navrand6/grain" : 10,
		"navrand6/interpolate" : 500,
		"navrand6/max" : 1.0,
		"navrand6/min" : 0.0,
		"navrand6/on" : 0.0,
		"navrand6/step" : 1.0,
		"navrand6/out/pre-interpolation" : 0.0,
		"navrand6/out/final/float" : 0.0,
		"navrand6/out/final/int" : 0,
		"navrand6/rate/max" : 1000,
		"navrand6/rate/min" : 30,
		"navrand7/grain" : 10,
		"navrand7/interpolate" : 500,
		"navrand7/max" : 1.0,
		"navrand7/min" : 0.0,
		"navrand7/on" : 0.0,
		"navrand7/step" : 1.0,
		"navrand7/out/pre-interpolation" : 0.0,
		"navrand7/out/final/float" : 0.0,
		"navrand7/out/final/int" : 0,
		"navrand7/rate/max" : 1000,
		"navrand7/rate/min" : 30,
		"navrand8/grain" : 10,
		"navrand8/interpolate" : 500,
		"navrand8/max" : 1.0,
		"navrand8/min" : 0.0,
		"navrand8/on" : 0.0,
		"navrand8/step" : 1.0,
		"navrand8/out/pre-interpolation" : 0.0,
		"navrand8/out/final/float" : 0.0,
		"navrand8/out/final/int" : 0,
		"navrand8/rate/max" : 1000,
		"navrand8/rate/min" : 30,
		"ngimu_r1/barometer" : 0.0,
		"ngimu_r1/barometer/active" : 1.0,
		"ngimu_r1/acc/pitch" : 0.050657,
		"ngimu_r1/acc/pitch/active" : 1.0,
		"ngimu_r1/acc/pitch/invert" : 0.0,
		"ngimu_r1/acc/pitch/offset" : 0.0,
		"ngimu_r1/acc/preview" : 0.0,
		"ngimu_r1/acc/roll" : 0.007094,
		"ngimu_r1/acc/roll/active" : 1.0,
		"ngimu_r1/acc/roll/invert" : 0.0,
		"ngimu_r1/acc/roll/offset" : 0.0,
		"ngimu_r1/acc/magnitude/active" : 1.0,
		"ngimu_r1/acc/magnitude/norm" : 0.0,
		"ngimu_r1/acc/magnitude/raw" : 0.0,
		"ngimu_r1/acc/orientation/preview" : 0.0,
		"ngimu_r1/acc/qom/norm" : 0.0,
		"ngimu_r1/acc/qom/raw" : -1.0,
		"ngimu_r1/acc/x/active" : 1.0,
		"ngimu_r1/acc/x/norm" : 0.0,
		"ngimu_r1/acc/x/raw" : 0.0,
		"ngimu_r1/acc/x/qom/norm" : 0.0,
		"ngimu_r1/acc/x/qom/raw" : 0.0,
		"ngimu_r1/acc/y/active" : 1.0,
		"ngimu_r1/acc/y/norm" : 0.0,
		"ngimu_r1/acc/y/raw" : 0.0,
		"ngimu_r1/acc/y/qom/norm" : 0.0,
		"ngimu_r1/acc/y/qom/raw" : 0.0,
		"ngimu_r1/acc/z/active" : 1.0,
		"ngimu_r1/acc/z/norm" : 0.0,
		"ngimu_r1/acc/z/raw" : 0.0,
		"ngimu_r1/acc/z/qom/norm" : 0.0,
		"ngimu_r1/acc/z/qom/raw" : 0.0,
		"ngimu_r1/altitude/active" : 1.0,
		"ngimu_r1/altitude/preview" : 0.0,
		"ngimu_r1/altitude/raw" : 0.0,
		"ngimu_r1/battery/charge" : 0.0,
		"ngimu_r1/battery/current" : 0.0,
		"ngimu_r1/battery/percentage" : 0.0,
		"ngimu_r1/battery/time" : 0.0,
		"ngimu_r1/battery/voltage" : 0.0,
		"ngimu_r1/earth/preview" : 0.0,
		"ngimu_r1/earth/x/active" : 1.0,
		"ngimu_r1/earth/x/norm" : 0.0,
		"ngimu_r1/earth/x/raw" : 0.0,
		"ngimu_r1/earth/y/active" : 1.0,
		"ngimu_r1/earth/y/norm" : 0.0,
		"ngimu_r1/earth/y/raw" : 0.0,
		"ngimu_r1/earth/z/active" : 1.0,
		"ngimu_r1/earth/z/norm" : 0.0,
		"ngimu_r1/earth/z/raw" : 0.0,
		"ngimu_r1/euler/preview" : 0.0,
		"ngimu_r1/euler/pitch/active" : 1.0,
		"ngimu_r1/euler/pitch/norm" : 0.0,
		"ngimu_r1/euler/pitch/raw" : 0.0,
		"ngimu_r1/euler/roll/active" : 1.0,
		"ngimu_r1/euler/roll/norm" : 0.0,
		"ngimu_r1/euler/roll/raw" : 0.0,
		"ngimu_r1/euler/yaw/active" : 1.0,
		"ngimu_r1/euler/yaw/norm" : 0.0,
		"ngimu_r1/euler/yaw/raw" : 0.0,
		"ngimu_r1/gyro/preview" : 0.0,
		"ngimu_r1/gyro/magnitude/active" : 1.0,
		"ngimu_r1/gyro/magnitude/norm" : 0.0,
		"ngimu_r1/gyro/magnitude/raw" : 0.0,
		"ngimu_r1/gyro/qom/norm" : 0.0,
		"ngimu_r1/gyro/qom/raw" : 0.0,
		"ngimu_r1/gyro/x/active" : 1.0,
		"ngimu_r1/gyro/x/norm" : 0.0,
		"ngimu_r1/gyro/x/raw" : 0.0,
		"ngimu_r1/gyro/x/qom/norm" : 0.0,
		"ngimu_r1/gyro/x/qom/raw" : 0.0,
		"ngimu_r1/gyro/y/active" : 1.0,
		"ngimu_r1/gyro/y/norm" : 0.0,
		"ngimu_r1/gyro/y/raw" : 0.0,
		"ngimu_r1/gyro/y/qom/norm" : 0.0,
		"ngimu_r1/gyro/y/qom/raw" : 0.0,
		"ngimu_r1/gyro/z/active" : 1.0,
		"ngimu_r1/gyro/z/norm" : 0.0,
		"ngimu_r1/gyro/z/raw" : 0.0,
		"ngimu_r1/gyro/z/qom/norm" : 0.0,
		"ngimu_r1/gyro/z/qom/raw" : 0.0,
		"ngimu_r1/linear/preview" : 0.0,
		"ngimu_r1/linear/x/active" : 1.0,
		"ngimu_r1/linear/x/norm" : 0.0,
		"ngimu_r1/linear/x/raw" : 0.0,
		"ngimu_r1/linear/y/active" : 1.0,
		"ngimu_r1/linear/y/norm" : 0.0,
		"ngimu_r1/linear/y/raw" : 0.0,
		"ngimu_r1/linear/z/active" : 1.0,
		"ngimu_r1/linear/z/norm" : 0.0,
		"ngimu_r1/linear/z/raw" : 0.0,
		"ngimu_r1/mag/preview" : 0.0,
		"ngimu_r1/mag/qom" : 0.0,
		"ngimu_r1/mag/magnitude/active" : 1.0,
		"ngimu_r1/mag/magnitude/raw" : 0.0,
		"ngimu_r1/mag/magnitude/scaled" : 0.0,
		"ngimu_r1/mag/x/active" : 1.0,
		"ngimu_r1/mag/x/qom" : 0.0,
		"ngimu_r1/mag/x/raw" : 0.0,
		"ngimu_r1/mag/y/active" : 1.0,
		"ngimu_r1/mag/y/qom" : 0.0,
		"ngimu_r1/mag/y/raw" : 0.0,
		"ngimu_r1/mag/z/active" : 1.0,
		"ngimu_r1/mag/z/qom" : 0.0,
		"ngimu_r1/mag/z/raw" : 0.0,
		"ngimu_r1/magnitudes/preview" : 0.0,
		"ngimu_r1/matrix/preview" : 0.0,
		"ngimu_r1/matrix/xx/active" : 1.0,
		"ngimu_r1/matrix/xx/raw" : 0.0,
		"ngimu_r1/matrix/xy/active" : 1.0,
		"ngimu_r1/matrix/xy/raw" : 0.0,
		"ngimu_r1/matrix/xz/active" : 1.0,
		"ngimu_r1/matrix/xz/raw" : 0.0,
		"ngimu_r1/matrix/yx/active" : 1.0,
		"ngimu_r1/matrix/yx/raw" : 0.0,
		"ngimu_r1/matrix/yy/active" : 1.0,
		"ngimu_r1/matrix/yy/raw" : 0.0,
		"ngimu_r1/matrix/yz/active" : 1.0,
		"ngimu_r1/matrix/yz/raw" : 0.0,
		"ngimu_r1/matrix/zx/active" : 1.0,
		"ngimu_r1/matrix/zx/raw" : 0.0,
		"ngimu_r1/matrix/zy/active" : 1.0,
		"ngimu_r1/matrix/zy/raw" : 0.0,
		"ngimu_r1/matrix/zz/active" : 1.0,
		"ngimu_r1/matrix/zz/raw" : 0.0,
		"ngimu_r1/port/in" : 8000,
		"ngimu_r1/quaternion/preview" : 0.0,
		"ngimu_r1/quaternion/w/active" : 1.0,
		"ngimu_r1/quaternion/w/raw" : 0.0,
		"ngimu_r1/quaternion/x/active" : 1.0,
		"ngimu_r1/quaternion/x/raw" : 0.0,
		"ngimu_r1/quaternion/y/active" : 1.0,
		"ngimu_r1/quaternion/y/raw" : 0.0,
		"ngimu_r1/quaternion/z/active" : 1.0,
		"ngimu_r1/quaternion/z/raw" : 0.0,
		"ngimu_r1/rssi/dbm" : 0.0,
		"ngimu_r1/rssi/dbm/active" : 1.0,
		"ngimu_r1/rssi/percent" : 0.0,
		"ngimu_r1/rssi/percent/active" : 1.0,
		"ngimu_r1/temperature/processor" : 0.0,
		"ngimu_r1/temperature/processor/active" : 1.0,
		"ngimu_r1/temperature/sensors" : 0.0,
		"ngimu_r1/temperature/sensors/active" : 1.0,
		"ngimu_r2/barometer" : 0.0,
		"ngimu_r2/barometer/active" : 1.0,
		"ngimu_r2/acc/pitch" : 0.050657,
		"ngimu_r2/acc/pitch/active" : 1.0,
		"ngimu_r2/acc/pitch/invert" : 0.0,
		"ngimu_r2/acc/pitch/offset" : 0.0,
		"ngimu_r2/acc/preview" : 0.0,
		"ngimu_r2/acc/roll" : 0.007094,
		"ngimu_r2/acc/roll/active" : 1.0,
		"ngimu_r2/acc/roll/invert" : 0.0,
		"ngimu_r2/acc/roll/offset" : 0.0,
		"ngimu_r2/acc/magnitude/active" : 1.0,
		"ngimu_r2/acc/magnitude/norm" : 0.0,
		"ngimu_r2/acc/magnitude/raw" : 0.0,
		"ngimu_r2/acc/orientation/preview" : 0.0,
		"ngimu_r2/acc/qom/norm" : 0.0,
		"ngimu_r2/acc/qom/raw" : -1.0,
		"ngimu_r2/acc/x/active" : 1.0,
		"ngimu_r2/acc/x/norm" : 0.0,
		"ngimu_r2/acc/x/raw" : 0.0,
		"ngimu_r2/acc/x/qom/norm" : 0.0,
		"ngimu_r2/acc/x/qom/raw" : 0.0,
		"ngimu_r2/acc/y/active" : 1.0,
		"ngimu_r2/acc/y/norm" : 0.0,
		"ngimu_r2/acc/y/raw" : 0.0,
		"ngimu_r2/acc/y/qom/norm" : 0.0,
		"ngimu_r2/acc/y/qom/raw" : 0.0,
		"ngimu_r2/acc/z/active" : 1.0,
		"ngimu_r2/acc/z/norm" : 0.0,
		"ngimu_r2/acc/z/raw" : 0.0,
		"ngimu_r2/acc/z/qom/norm" : 0.0,
		"ngimu_r2/acc/z/qom/raw" : 0.0,
		"ngimu_r2/altitude/active" : 1.0,
		"ngimu_r2/altitude/preview" : 0.0,
		"ngimu_r2/altitude/raw" : 0.0,
		"ngimu_r2/battery/charge" : 0.0,
		"ngimu_r2/battery/current" : 0.0,
		"ngimu_r2/battery/percentage" : 0.0,
		"ngimu_r2/battery/time" : 0.0,
		"ngimu_r2/battery/voltage" : 0.0,
		"ngimu_r2/earth/preview" : 0.0,
		"ngimu_r2/earth/x/active" : 1.0,
		"ngimu_r2/earth/x/norm" : 0.0,
		"ngimu_r2/earth/x/raw" : 0.0,
		"ngimu_r2/earth/y/active" : 1.0,
		"ngimu_r2/earth/y/norm" : 0.0,
		"ngimu_r2/earth/y/raw" : 0.0,
		"ngimu_r2/earth/z/active" : 1.0,
		"ngimu_r2/earth/z/norm" : 0.0,
		"ngimu_r2/earth/z/raw" : 0.0,
		"ngimu_r2/euler/preview" : 0.0,
		"ngimu_r2/euler/pitch/active" : 1.0,
		"ngimu_r2/euler/pitch/norm" : 0.0,
		"ngimu_r2/euler/pitch/raw" : 0.0,
		"ngimu_r2/euler/roll/active" : 1.0,
		"ngimu_r2/euler/roll/norm" : 0.0,
		"ngimu_r2/euler/roll/raw" : 0.0,
		"ngimu_r2/euler/yaw/active" : 1.0,
		"ngimu_r2/euler/yaw/norm" : 0.0,
		"ngimu_r2/euler/yaw/raw" : 0.0,
		"ngimu_r2/gyro/preview" : 0.0,
		"ngimu_r2/gyro/magnitude/active" : 1.0,
		"ngimu_r2/gyro/magnitude/norm" : 0.0,
		"ngimu_r2/gyro/magnitude/raw" : 0.0,
		"ngimu_r2/gyro/qom/norm" : 0.0,
		"ngimu_r2/gyro/qom/raw" : 0.0,
		"ngimu_r2/gyro/x/active" : 1.0,
		"ngimu_r2/gyro/x/norm" : 0.0,
		"ngimu_r2/gyro/x/raw" : 0.0,
		"ngimu_r2/gyro/x/qom/norm" : 0.0,
		"ngimu_r2/gyro/x/qom/raw" : 0.0,
		"ngimu_r2/gyro/y/active" : 1.0,
		"ngimu_r2/gyro/y/norm" : 0.0,
		"ngimu_r2/gyro/y/raw" : 0.0,
		"ngimu_r2/gyro/y/qom/norm" : 0.0,
		"ngimu_r2/gyro/y/qom/raw" : 0.0,
		"ngimu_r2/gyro/z/active" : 1.0,
		"ngimu_r2/gyro/z/norm" : 0.0,
		"ngimu_r2/gyro/z/raw" : 0.0,
		"ngimu_r2/gyro/z/qom/norm" : 0.0,
		"ngimu_r2/gyro/z/qom/raw" : 0.0,
		"ngimu_r2/linear/preview" : 0.0,
		"ngimu_r2/linear/x/active" : 1.0,
		"ngimu_r2/linear/x/norm" : 0.0,
		"ngimu_r2/linear/x/raw" : 0.0,
		"ngimu_r2/linear/y/active" : 1.0,
		"ngimu_r2/linear/y/norm" : 0.0,
		"ngimu_r2/linear/y/raw" : 0.0,
		"ngimu_r2/linear/z/active" : 1.0,
		"ngimu_r2/linear/z/norm" : 0.0,
		"ngimu_r2/linear/z/raw" : 0.0,
		"ngimu_r2/mag/preview" : 0.0,
		"ngimu_r2/mag/qom" : 0.0,
		"ngimu_r2/mag/magnitude/active" : 1.0,
		"ngimu_r2/mag/magnitude/raw" : 0.0,
		"ngimu_r2/mag/magnitude/scaled" : 0.0,
		"ngimu_r2/mag/x/active" : 1.0,
		"ngimu_r2/mag/x/qom" : 0.0,
		"ngimu_r2/mag/x/raw" : 0.0,
		"ngimu_r2/mag/y/active" : 1.0,
		"ngimu_r2/mag/y/qom" : 0.0,
		"ngimu_r2/mag/y/raw" : 0.0,
		"ngimu_r2/mag/z/active" : 1.0,
		"ngimu_r2/mag/z/qom" : 0.0,
		"ngimu_r2/mag/z/raw" : 0.0,
		"ngimu_r2/magnitudes/preview" : 0.0,
		"ngimu_r2/matrix/preview" : 0.0,
		"ngimu_r2/matrix/xx/active" : 1.0,
		"ngimu_r2/matrix/xx/raw" : 0.0,
		"ngimu_r2/matrix/xy/active" : 1.0,
		"ngimu_r2/matrix/xy/raw" : 0.0,
		"ngimu_r2/matrix/xz/active" : 1.0,
		"ngimu_r2/matrix/xz/raw" : 0.0,
		"ngimu_r2/matrix/yx/active" : 1.0,
		"ngimu_r2/matrix/yx/raw" : 0.0,
		"ngimu_r2/matrix/yy/active" : 1.0,
		"ngimu_r2/matrix/yy/raw" : 0.0,
		"ngimu_r2/matrix/yz/active" : 1.0,
		"ngimu_r2/matrix/yz/raw" : 0.0,
		"ngimu_r2/matrix/zx/active" : 1.0,
		"ngimu_r2/matrix/zx/raw" : 0.0,
		"ngimu_r2/matrix/zy/active" : 1.0,
		"ngimu_r2/matrix/zy/raw" : 0.0,
		"ngimu_r2/matrix/zz/active" : 1.0,
		"ngimu_r2/matrix/zz/raw" : 0.0,
		"ngimu_r2/port/in" : 8000,
		"ngimu_r2/quaternion/preview" : 0.0,
		"ngimu_r2/quaternion/w/active" : 1.0,
		"ngimu_r2/quaternion/w/raw" : 0.0,
		"ngimu_r2/quaternion/x/active" : 1.0,
		"ngimu_r2/quaternion/x/raw" : 0.0,
		"ngimu_r2/quaternion/y/active" : 1.0,
		"ngimu_r2/quaternion/y/raw" : 0.0,
		"ngimu_r2/quaternion/z/active" : 1.0,
		"ngimu_r2/quaternion/z/raw" : 0.0,
		"ngimu_r2/rssi/dbm" : 0.0,
		"ngimu_r2/rssi/dbm/active" : 1.0,
		"ngimu_r2/rssi/percent" : 0.0,
		"ngimu_r2/rssi/percent/active" : 1.0,
		"ngimu_r2/temperature/processor" : 0.0,
		"ngimu_r2/temperature/processor/active" : 1.0,
		"ngimu_r2/temperature/sensors" : 0.0,
		"ngimu_r2/temperature/sensors/active" : 1.0,
		"oscoutput1/address" : "127.0.0.1",
		"oscoutput1/oscoutput1-oscroute/abs" : 0.0,
		"oscoutput1/oscoutput1-oscroute/abs2" : 0.0,
		"oscoutput1/oscoutput1-oscroute/namespacebrowser/nodeAddress" : "/wheel/gyro/avg",
		"oscoutput1/oscoutput1-oscroute/offset" : 0.0,
		"oscoutput1/oscoutput1-oscroute/offset2" : 0.0,
		"oscoutput1/oscoutput1-oscroute/scalebypass" : 1.0,
		"oscoutput1/oscoutput1-oscroute/settingList" : [ 1, 0.0, 0.0, 0.0, "s", 0, "s", 0.0, "s", 0.0, "s", "s" ],
		"oscoutput1/oscoutput1-oscroute/input/max" : 1.0,
		"oscoutput1/oscoutput1-oscroute/input/min" : 0.0,
		"oscoutput1/oscoutput1-oscroute/output/max" : 1.0,
		"oscoutput1/oscoutput1-oscroute/output/min" : 0.0,
		"oscoutput1/port" : 8801,
		"oscoutput1/prepend" : "/value/",
		"oscoutput10/address" : "127.0.0.1",
		"oscoutput10/oscoutput10-oscroute/abs" : 0.0,
		"oscoutput10/oscoutput10-oscroute/abs2" : 0.0,
		"oscoutput10/oscoutput10-oscroute/namespacebrowser/nodeAddress" : "none",
		"oscoutput10/oscoutput10-oscroute/offset" : 0.0,
		"oscoutput10/oscoutput10-oscroute/offset2" : 0.0,
		"oscoutput10/oscoutput10-oscroute/scalebypass" : 1.0,
		"oscoutput10/oscoutput10-oscroute/input/max" : 1.0,
		"oscoutput10/oscoutput10-oscroute/input/min" : 0.0,
		"oscoutput10/oscoutput10-oscroute/output/max" : 1.0,
		"oscoutput10/oscoutput10-oscroute/output/min" : 0.0,
		"oscoutput10/port" : 8810,
		"oscoutput10/prepend" : "/value/",
		"oscoutput11/address" : "127.0.0.1",
		"oscoutput11/oscoutput11-oscroute/abs" : 0.0,
		"oscoutput11/oscoutput11-oscroute/abs2" : 0.0,
		"oscoutput11/oscoutput11-oscroute/namespacebrowser/nodeAddress" : "none",
		"oscoutput11/oscoutput11-oscroute/offset" : 0.0,
		"oscoutput11/oscoutput11-oscroute/offset2" : 0.0,
		"oscoutput11/oscoutput11-oscroute/scalebypass" : 1.0,
		"oscoutput11/oscoutput11-oscroute/input/max" : 1.0,
		"oscoutput11/oscoutput11-oscroute/input/min" : 0.0,
		"oscoutput11/oscoutput11-oscroute/output/max" : 1.0,
		"oscoutput11/oscoutput11-oscroute/output/min" : 0.0,
		"oscoutput11/port" : 8811,
		"oscoutput11/prepend" : "/value/",
		"oscoutput12/address" : "127.0.0.1",
		"oscoutput12/oscoutput12-oscroute/abs" : 0.0,
		"oscoutput12/oscoutput12-oscroute/abs2" : 0.0,
		"oscoutput12/oscoutput12-oscroute/namespacebrowser/nodeAddress" : "none",
		"oscoutput12/oscoutput12-oscroute/offset" : 0.0,
		"oscoutput12/oscoutput12-oscroute/offset2" : 0.0,
		"oscoutput12/oscoutput12-oscroute/scalebypass" : 1.0,
		"oscoutput12/oscoutput12-oscroute/input/max" : 1.0,
		"oscoutput12/oscoutput12-oscroute/input/min" : 0.0,
		"oscoutput12/oscoutput12-oscroute/output/max" : 1.0,
		"oscoutput12/oscoutput12-oscroute/output/min" : 0.0,
		"oscoutput12/port" : 8812,
		"oscoutput12/prepend" : "/value/",
		"oscoutput13/address" : "127.0.0.1",
		"oscoutput13/oscoutput13-oscroute/abs" : 0.0,
		"oscoutput13/oscoutput13-oscroute/abs2" : 0.0,
		"oscoutput13/oscoutput13-oscroute/namespacebrowser/nodeAddress" : "none",
		"oscoutput13/oscoutput13-oscroute/offset" : 0.0,
		"oscoutput13/oscoutput13-oscroute/offset2" : 0.0,
		"oscoutput13/oscoutput13-oscroute/scalebypass" : 1.0,
		"oscoutput13/oscoutput13-oscroute/input/max" : 1.0,
		"oscoutput13/oscoutput13-oscroute/input/min" : 0.0,
		"oscoutput13/oscoutput13-oscroute/output/max" : 1.0,
		"oscoutput13/oscoutput13-oscroute/output/min" : 0.0,
		"oscoutput13/port" : 8813,
		"oscoutput13/prepend" : "/value/",
		"oscoutput14/address" : "127.0.0.1",
		"oscoutput14/oscoutput14-oscroute/abs" : 0.0,
		"oscoutput14/oscoutput14-oscroute/abs2" : 0.0,
		"oscoutput14/oscoutput14-oscroute/namespacebrowser/nodeAddress" : "none",
		"oscoutput14/oscoutput14-oscroute/offset" : 0.0,
		"oscoutput14/oscoutput14-oscroute/offset2" : 0.0,
		"oscoutput14/oscoutput14-oscroute/scalebypass" : 1.0,
		"oscoutput14/oscoutput14-oscroute/input/max" : 1.0,
		"oscoutput14/oscoutput14-oscroute/input/min" : 0.0,
		"oscoutput14/oscoutput14-oscroute/output/max" : 1.0,
		"oscoutput14/oscoutput14-oscroute/output/min" : 0.0,
		"oscoutput14/port" : 8814,
		"oscoutput14/prepend" : "/value/",
		"oscoutput15/address" : "127.0.0.1",
		"oscoutput15/oscoutput15-oscroute/abs" : 0.0,
		"oscoutput15/oscoutput15-oscroute/abs2" : 0.0,
		"oscoutput15/oscoutput15-oscroute/namespacebrowser/nodeAddress" : "none",
		"oscoutput15/oscoutput15-oscroute/offset" : 0.0,
		"oscoutput15/oscoutput15-oscroute/offset2" : 0.0,
		"oscoutput15/oscoutput15-oscroute/scalebypass" : 1.0,
		"oscoutput15/oscoutput15-oscroute/input/max" : 1.0,
		"oscoutput15/oscoutput15-oscroute/input/min" : 0.0,
		"oscoutput15/oscoutput15-oscroute/output/max" : 1.0,
		"oscoutput15/oscoutput15-oscroute/output/min" : 0.0,
		"oscoutput15/port" : 8815,
		"oscoutput15/prepend" : "/value/",
		"oscoutput16/address" : "127.0.0.1",
		"oscoutput16/oscoutput16-oscroute/abs" : 0.0,
		"oscoutput16/oscoutput16-oscroute/abs2" : 0.0,
		"oscoutput16/oscoutput16-oscroute/namespacebrowser/nodeAddress" : "none",
		"oscoutput16/oscoutput16-oscroute/offset" : 0.0,
		"oscoutput16/oscoutput16-oscroute/offset2" : 0.0,
		"oscoutput16/oscoutput16-oscroute/scalebypass" : 1.0,
		"oscoutput16/oscoutput16-oscroute/input/max" : 1.0,
		"oscoutput16/oscoutput16-oscroute/input/min" : 0.0,
		"oscoutput16/oscoutput16-oscroute/output/max" : 1.0,
		"oscoutput16/oscoutput16-oscroute/output/min" : 0.0,
		"oscoutput16/port" : 8816,
		"oscoutput16/prepend" : "/value/",
		"oscoutput2/address" : "127.0.0.1",
		"oscoutput2/oscoutput2-oscroute/abs" : 0.0,
		"oscoutput2/oscoutput2-oscroute/abs2" : 0.0,
		"oscoutput2/oscoutput2-oscroute/namespacebrowser/nodeAddress" : "none",
		"oscoutput2/oscoutput2-oscroute/offset" : 0.0,
		"oscoutput2/oscoutput2-oscroute/offset2" : 0.0,
		"oscoutput2/oscoutput2-oscroute/scalebypass" : 1.0,
		"oscoutput2/oscoutput2-oscroute/input/max" : 1.0,
		"oscoutput2/oscoutput2-oscroute/input/min" : 0.0,
		"oscoutput2/oscoutput2-oscroute/output/max" : 1.0,
		"oscoutput2/oscoutput2-oscroute/output/min" : 0.0,
		"oscoutput2/port" : 8802,
		"oscoutput2/prepend" : "/value/",
		"oscoutput3/address" : "127.0.0.1",
		"oscoutput3/oscoutput3-oscroute/abs" : 0.0,
		"oscoutput3/oscoutput3-oscroute/abs2" : 0.0,
		"oscoutput3/oscoutput3-oscroute/namespacebrowser/nodeAddress" : "none",
		"oscoutput3/oscoutput3-oscroute/offset" : 0.0,
		"oscoutput3/oscoutput3-oscroute/offset2" : 0.0,
		"oscoutput3/oscoutput3-oscroute/scalebypass" : 1.0,
		"oscoutput3/oscoutput3-oscroute/input/max" : 1.0,
		"oscoutput3/oscoutput3-oscroute/input/min" : 0.0,
		"oscoutput3/oscoutput3-oscroute/output/max" : 1.0,
		"oscoutput3/oscoutput3-oscroute/output/min" : 0.0,
		"oscoutput3/port" : 8803,
		"oscoutput3/prepend" : "/value/",
		"oscoutput4/address" : "127.0.0.1",
		"oscoutput4/oscoutput4-oscroute/abs" : 0.0,
		"oscoutput4/oscoutput4-oscroute/abs2" : 0.0,
		"oscoutput4/oscoutput4-oscroute/namespacebrowser/nodeAddress" : "none",
		"oscoutput4/oscoutput4-oscroute/offset" : 0.0,
		"oscoutput4/oscoutput4-oscroute/offset2" : 0.0,
		"oscoutput4/oscoutput4-oscroute/scalebypass" : 1.0,
		"oscoutput4/oscoutput4-oscroute/input/max" : 1.0,
		"oscoutput4/oscoutput4-oscroute/input/min" : 0.0,
		"oscoutput4/oscoutput4-oscroute/output/max" : 1.0,
		"oscoutput4/oscoutput4-oscroute/output/min" : 0.0,
		"oscoutput4/port" : 8804,
		"oscoutput4/prepend" : "/value/",
		"oscoutput5/address" : "127.0.0.1",
		"oscoutput5/oscoutput5-oscroute/abs" : 0.0,
		"oscoutput5/oscoutput5-oscroute/abs2" : 0.0,
		"oscoutput5/oscoutput5-oscroute/namespacebrowser/nodeAddress" : "none",
		"oscoutput5/oscoutput5-oscroute/offset" : 0.0,
		"oscoutput5/oscoutput5-oscroute/offset2" : 0.0,
		"oscoutput5/oscoutput5-oscroute/scalebypass" : 1.0,
		"oscoutput5/oscoutput5-oscroute/input/max" : 1.0,
		"oscoutput5/oscoutput5-oscroute/input/min" : 0.0,
		"oscoutput5/oscoutput5-oscroute/output/max" : 1.0,
		"oscoutput5/oscoutput5-oscroute/output/min" : 0.0,
		"oscoutput5/port" : 8805,
		"oscoutput5/prepend" : "/value/",
		"oscoutput6/address" : "127.0.0.1",
		"oscoutput6/oscoutput6-oscroute/abs" : 0.0,
		"oscoutput6/oscoutput6-oscroute/abs2" : 0.0,
		"oscoutput6/oscoutput6-oscroute/namespacebrowser/nodeAddress" : "none",
		"oscoutput6/oscoutput6-oscroute/offset" : 0.0,
		"oscoutput6/oscoutput6-oscroute/offset2" : 0.0,
		"oscoutput6/oscoutput6-oscroute/scalebypass" : 1.0,
		"oscoutput6/oscoutput6-oscroute/input/max" : 1.0,
		"oscoutput6/oscoutput6-oscroute/input/min" : 0.0,
		"oscoutput6/oscoutput6-oscroute/output/max" : 1.0,
		"oscoutput6/oscoutput6-oscroute/output/min" : 0.0,
		"oscoutput6/port" : 8806,
		"oscoutput6/prepend" : "/value/",
		"oscoutput7/address" : "127.0.0.1",
		"oscoutput7/oscoutput7-oscroute/abs" : 0.0,
		"oscoutput7/oscoutput7-oscroute/abs2" : 0.0,
		"oscoutput7/oscoutput7-oscroute/namespacebrowser/nodeAddress" : "none",
		"oscoutput7/oscoutput7-oscroute/offset" : 0.0,
		"oscoutput7/oscoutput7-oscroute/offset2" : 0.0,
		"oscoutput7/oscoutput7-oscroute/scalebypass" : 1.0,
		"oscoutput7/oscoutput7-oscroute/input/max" : 1.0,
		"oscoutput7/oscoutput7-oscroute/input/min" : 0.0,
		"oscoutput7/oscoutput7-oscroute/output/max" : 1.0,
		"oscoutput7/oscoutput7-oscroute/output/min" : 0.0,
		"oscoutput7/port" : 8807,
		"oscoutput7/prepend" : "/value/",
		"oscoutput8/address" : "127.0.0.1",
		"oscoutput8/oscoutput8-oscroute/abs" : 0.0,
		"oscoutput8/oscoutput8-oscroute/abs2" : 0.0,
		"oscoutput8/oscoutput8-oscroute/namespacebrowser/nodeAddress" : "none",
		"oscoutput8/oscoutput8-oscroute/offset" : 0.0,
		"oscoutput8/oscoutput8-oscroute/offset2" : 0.0,
		"oscoutput8/oscoutput8-oscroute/scalebypass" : 1.0,
		"oscoutput8/oscoutput8-oscroute/input/max" : 1.0,
		"oscoutput8/oscoutput8-oscroute/input/min" : 0.0,
		"oscoutput8/oscoutput8-oscroute/output/max" : 1.0,
		"oscoutput8/oscoutput8-oscroute/output/min" : 0.0,
		"oscoutput8/port" : 8808,
		"oscoutput8/prepend" : "/value/",
		"oscoutput9/address" : "127.0.0.1",
		"oscoutput9/oscoutput9-oscroute/abs" : 0.0,
		"oscoutput9/oscoutput9-oscroute/abs2" : 0.0,
		"oscoutput9/oscoutput9-oscroute/namespacebrowser/nodeAddress" : "none",
		"oscoutput9/oscoutput9-oscroute/offset" : 0.0,
		"oscoutput9/oscoutput9-oscroute/offset2" : 0.0,
		"oscoutput9/oscoutput9-oscroute/scalebypass" : 1.0,
		"oscoutput9/oscoutput9-oscroute/input/max" : 1.0,
		"oscoutput9/oscoutput9-oscroute/input/min" : 0.0,
		"oscoutput9/oscoutput9-oscroute/output/max" : 1.0,
		"oscoutput9/oscoutput9-oscroute/output/min" : 0.0,
		"oscoutput9/port" : 8809,
		"oscoutput9/prepend" : "/value/",
		"wheel/acc/avg" : 0.164683,
		"wheel/acc/qom" : 0.001059,
		"wheel/acc/qom2" : 0.000801,
		"wheel/acc/shake" : 0.0,
		"wheel/acc/trig" : 0,
		"wheel/acc/x" : 0.052109,
		"wheel/acc/y" : 0.1438,
		"wheel/acc/z" : 0.297825,
		"wheel/gyro/absSum" : 0.000062,
		"wheel/gyro/avg" : -0.000171,
		"wheel/gyro/spin" : 0.0,
		"wheel/gyro/weightedSpin" : 0.0,
		"wheel/gyro/x" : -0.000166,
		"wheel/gyro/y" : -0.000058,
		"wheel/gyro/z" : -0.000119,
		"wheel2/acc/avg" : 0.165098,
		"wheel2/acc/qom" : 0.00163,
		"wheel2/acc/qom2" : 0.0,
		"wheel2/acc/shake" : 0.0,
		"wheel2/acc/trig" : 0,
		"wheel2/acc/x" : 0.052109,
		"wheel2/acc/y" : 0.1438,
		"wheel2/acc/z" : 0.297825,
		"wheel2/gyro/absSum" : 0.000062,
		"wheel2/gyro/avg" : -0.000079,
		"wheel2/gyro/spin" : 0.570508,
		"wheel2/gyro/weightedSpin" : 0.0,
		"wheel2/gyro/x" : -0.000166,
		"wheel2/gyro/y" : -0.000058,
		"wheel2/gyro/z" : 5.499228,
		"wheel3/acc/avg" : 0.091422,
		"wheel3/acc/qom" : 0.001424,
		"wheel3/acc/qom2" : 0.003235,
		"wheel3/acc/shake" : 0.0,
		"wheel3/acc/trig" : 0,
		"wheel3/acc/x" : 0.034518,
		"wheel3/acc/y" : 0.322851,
		"wheel3/acc/z" : -0.083103,
		"wheel3/gyro/absSum" : 0.000011,
		"wheel3/gyro/avg" : 0.0,
		"wheel3/gyro/spin" : 0.00012,
		"wheel3/gyro/weightedSpin" : 0.0,
		"wheel3/gyro/x" : 0.00012,
		"wheel3/gyro/y" : -0.000133,
		"wheel3/gyro/z" : 0.000014
	}
,
	"new2" : 	{
		"batonroute1/abs" : 0.0,
		"batonroute1/abs2" : 0.0,
		"batonroute1/namespacebrowser/nodeAddress" : "/wheel/acc/trig",
		"batonroute1/offset" : 0.0,
		"batonroute1/offset2" : 0.0,
		"batonroute1/scalebypass" : 1.0,
		"batonroute1/settingList" : [ 1, 0.0, 0.0, 0.0, "s", 0, "s", 0.0, "s", 0.0, "s", "s" ],
		"batonroute1/input/max" : 1.0,
		"batonroute1/input/min" : 0.0,
		"batonroute1/output/max" : 1.0,
		"batonroute1/output/min" : 0.0,
		"batonroute2/abs" : 0.0,
		"batonroute2/abs2" : 0.0,
		"batonroute2/namespacebrowser/nodeAddress" : "/wheel2/acc/trig",
		"batonroute2/offset" : 0.0,
		"batonroute2/offset2" : 0.0,
		"batonroute2/scalebypass" : 1.0,
		"batonroute2/settingList" : [ 1, 0.0, 0.0, 0.0, "s", 0, "s", 0.0, "s", 0.0, "s", "s" ],
		"batonroute2/input/max" : 1.0,
		"batonroute2/input/min" : 0.0,
		"batonroute2/output/max" : 1.0,
		"batonroute2/output/min" : 0.0,
		"batonroute3/abs" : 0.0,
		"batonroute3/abs2" : 0.0,
		"batonroute3/namespacebrowser/nodeAddress" : "/wheel3/acc/trig",
		"batonroute3/offset" : 0.0,
		"batonroute3/offset2" : 0.0,
		"batonroute3/scalebypass" : 1.0,
		"batonroute3/settingList" : [ 1, 0.0, 0.0, 0.0, "s", 0, "s", 0.0, "s", 0.0, "s", "s" ],
		"batonroute3/input/max" : 1.0,
		"batonroute3/input/min" : 0.0,
		"batonroute3/output/max" : 1.0,
		"batonroute3/output/min" : 0.0,
		"navrand1/grain" : 10,
		"navrand1/interpolate" : 500,
		"navrand1/max" : 1.0,
		"navrand1/min" : 0.0,
		"navrand1/on" : 0.0,
		"navrand1/step" : 1.0,
		"navrand1/out/pre-interpolation" : 0.0,
		"navrand1/out/final/float" : 0.0,
		"navrand1/out/final/int" : 0,
		"navrand1/rate/max" : 1000,
		"navrand1/rate/min" : 30,
		"navrand2/grain" : 10,
		"navrand2/interpolate" : 500,
		"navrand2/max" : 1.0,
		"navrand2/min" : 0.0,
		"navrand2/on" : 0.0,
		"navrand2/step" : 1.0,
		"navrand2/out/pre-interpolation" : 0.0,
		"navrand2/out/final/float" : 0.0,
		"navrand2/out/final/int" : 0,
		"navrand2/rate/max" : 1000,
		"navrand2/rate/min" : 30,
		"navrand3/grain" : 10,
		"navrand3/interpolate" : 500,
		"navrand3/max" : 1.0,
		"navrand3/min" : 0.0,
		"navrand3/on" : 0.0,
		"navrand3/step" : 1.0,
		"navrand3/out/pre-interpolation" : 0.0,
		"navrand3/out/final/float" : 0.0,
		"navrand3/out/final/int" : 0,
		"navrand3/rate/max" : 1000,
		"navrand3/rate/min" : 30,
		"navrand4/grain" : 10,
		"navrand4/interpolate" : 500,
		"navrand4/max" : 1.0,
		"navrand4/min" : 0.0,
		"navrand4/on" : 0.0,
		"navrand4/step" : 1.0,
		"navrand4/out/pre-interpolation" : 0.0,
		"navrand4/out/final/float" : 0.0,
		"navrand4/out/final/int" : 0,
		"navrand4/rate/max" : 1000,
		"navrand4/rate/min" : 30,
		"navrand5/grain" : 10,
		"navrand5/interpolate" : 500,
		"navrand5/max" : 1.0,
		"navrand5/min" : 0.0,
		"navrand5/on" : 0.0,
		"navrand5/step" : 1.0,
		"navrand5/out/pre-interpolation" : 0.0,
		"navrand5/out/final/float" : 0.0,
		"navrand5/out/final/int" : 0,
		"navrand5/rate/max" : 1000,
		"navrand5/rate/min" : 30,
		"navrand6/grain" : 10,
		"navrand6/interpolate" : 500,
		"navrand6/max" : 1.0,
		"navrand6/min" : 0.0,
		"navrand6/on" : 0.0,
		"navrand6/step" : 1.0,
		"navrand6/out/pre-interpolation" : 0.0,
		"navrand6/out/final/float" : 0.0,
		"navrand6/out/final/int" : 0,
		"navrand6/rate/max" : 1000,
		"navrand6/rate/min" : 30,
		"navrand7/grain" : 10,
		"navrand7/interpolate" : 500,
		"navrand7/max" : 1.0,
		"navrand7/min" : 0.0,
		"navrand7/on" : 0.0,
		"navrand7/step" : 1.0,
		"navrand7/out/pre-interpolation" : 0.0,
		"navrand7/out/final/float" : 0.0,
		"navrand7/out/final/int" : 0,
		"navrand7/rate/max" : 1000,
		"navrand7/rate/min" : 30,
		"navrand8/grain" : 10,
		"navrand8/interpolate" : 500,
		"navrand8/max" : 1.0,
		"navrand8/min" : 0.0,
		"navrand8/on" : 0.0,
		"navrand8/step" : 1.0,
		"navrand8/out/pre-interpolation" : 0.0,
		"navrand8/out/final/float" : 0.0,
		"navrand8/out/final/int" : 0,
		"navrand8/rate/max" : 1000,
		"navrand8/rate/min" : 30,
		"ngimu_r1/barometer" : 0.0,
		"ngimu_r1/barometer/active" : 1.0,
		"ngimu_r1/acc/pitch" : 0.050657,
		"ngimu_r1/acc/pitch/active" : 1.0,
		"ngimu_r1/acc/pitch/invert" : 0.0,
		"ngimu_r1/acc/pitch/offset" : 0.0,
		"ngimu_r1/acc/preview" : 0.0,
		"ngimu_r1/acc/roll" : 0.007094,
		"ngimu_r1/acc/roll/active" : 1.0,
		"ngimu_r1/acc/roll/invert" : 0.0,
		"ngimu_r1/acc/roll/offset" : 0.0,
		"ngimu_r1/acc/magnitude/active" : 1.0,
		"ngimu_r1/acc/magnitude/norm" : 0.0,
		"ngimu_r1/acc/magnitude/raw" : 0.0,
		"ngimu_r1/acc/orientation/preview" : 0.0,
		"ngimu_r1/acc/qom/norm" : 0.0,
		"ngimu_r1/acc/qom/raw" : -1.0,
		"ngimu_r1/acc/x/active" : 1.0,
		"ngimu_r1/acc/x/norm" : 0.0,
		"ngimu_r1/acc/x/raw" : 0.0,
		"ngimu_r1/acc/x/qom/norm" : 0.0,
		"ngimu_r1/acc/x/qom/raw" : 0.0,
		"ngimu_r1/acc/y/active" : 1.0,
		"ngimu_r1/acc/y/norm" : 0.0,
		"ngimu_r1/acc/y/raw" : 0.0,
		"ngimu_r1/acc/y/qom/norm" : 0.0,
		"ngimu_r1/acc/y/qom/raw" : 0.0,
		"ngimu_r1/acc/z/active" : 1.0,
		"ngimu_r1/acc/z/norm" : 0.0,
		"ngimu_r1/acc/z/raw" : 0.0,
		"ngimu_r1/acc/z/qom/norm" : 0.0,
		"ngimu_r1/acc/z/qom/raw" : 0.0,
		"ngimu_r1/altitude/active" : 1.0,
		"ngimu_r1/altitude/preview" : 0.0,
		"ngimu_r1/altitude/raw" : 0.0,
		"ngimu_r1/battery/charge" : 0.0,
		"ngimu_r1/battery/current" : 0.0,
		"ngimu_r1/battery/percentage" : 0.0,
		"ngimu_r1/battery/time" : 0.0,
		"ngimu_r1/battery/voltage" : 0.0,
		"ngimu_r1/earth/preview" : 0.0,
		"ngimu_r1/earth/x/active" : 1.0,
		"ngimu_r1/earth/x/norm" : 0.0,
		"ngimu_r1/earth/x/raw" : 0.0,
		"ngimu_r1/earth/y/active" : 1.0,
		"ngimu_r1/earth/y/norm" : 0.0,
		"ngimu_r1/earth/y/raw" : 0.0,
		"ngimu_r1/earth/z/active" : 1.0,
		"ngimu_r1/earth/z/norm" : 0.0,
		"ngimu_r1/earth/z/raw" : 0.0,
		"ngimu_r1/euler/preview" : 0.0,
		"ngimu_r1/euler/pitch/active" : 1.0,
		"ngimu_r1/euler/pitch/norm" : 0.0,
		"ngimu_r1/euler/pitch/raw" : 0.0,
		"ngimu_r1/euler/roll/active" : 1.0,
		"ngimu_r1/euler/roll/norm" : 0.0,
		"ngimu_r1/euler/roll/raw" : 0.0,
		"ngimu_r1/euler/yaw/active" : 1.0,
		"ngimu_r1/euler/yaw/norm" : 0.0,
		"ngimu_r1/euler/yaw/raw" : 0.0,
		"ngimu_r1/gyro/preview" : 0.0,
		"ngimu_r1/gyro/magnitude/active" : 1.0,
		"ngimu_r1/gyro/magnitude/norm" : 0.0,
		"ngimu_r1/gyro/magnitude/raw" : 0.0,
		"ngimu_r1/gyro/qom/norm" : 0.0,
		"ngimu_r1/gyro/qom/raw" : 0.0,
		"ngimu_r1/gyro/x/active" : 1.0,
		"ngimu_r1/gyro/x/norm" : 0.0,
		"ngimu_r1/gyro/x/raw" : 0.0,
		"ngimu_r1/gyro/x/qom/norm" : 0.0,
		"ngimu_r1/gyro/x/qom/raw" : 0.0,
		"ngimu_r1/gyro/y/active" : 1.0,
		"ngimu_r1/gyro/y/norm" : 0.0,
		"ngimu_r1/gyro/y/raw" : 0.0,
		"ngimu_r1/gyro/y/qom/norm" : 0.0,
		"ngimu_r1/gyro/y/qom/raw" : 0.0,
		"ngimu_r1/gyro/z/active" : 1.0,
		"ngimu_r1/gyro/z/norm" : 0.0,
		"ngimu_r1/gyro/z/raw" : 0.0,
		"ngimu_r1/gyro/z/qom/norm" : 0.0,
		"ngimu_r1/gyro/z/qom/raw" : 0.0,
		"ngimu_r1/linear/preview" : 0.0,
		"ngimu_r1/linear/x/active" : 1.0,
		"ngimu_r1/linear/x/norm" : 0.0,
		"ngimu_r1/linear/x/raw" : 0.0,
		"ngimu_r1/linear/y/active" : 1.0,
		"ngimu_r1/linear/y/norm" : 0.0,
		"ngimu_r1/linear/y/raw" : 0.0,
		"ngimu_r1/linear/z/active" : 1.0,
		"ngimu_r1/linear/z/norm" : 0.0,
		"ngimu_r1/linear/z/raw" : 0.0,
		"ngimu_r1/mag/preview" : 0.0,
		"ngimu_r1/mag/qom" : 0.0,
		"ngimu_r1/mag/magnitude/active" : 1.0,
		"ngimu_r1/mag/magnitude/raw" : 0.0,
		"ngimu_r1/mag/magnitude/scaled" : 0.0,
		"ngimu_r1/mag/x/active" : 1.0,
		"ngimu_r1/mag/x/qom" : 0.0,
		"ngimu_r1/mag/x/raw" : 0.0,
		"ngimu_r1/mag/y/active" : 1.0,
		"ngimu_r1/mag/y/qom" : 0.0,
		"ngimu_r1/mag/y/raw" : 0.0,
		"ngimu_r1/mag/z/active" : 1.0,
		"ngimu_r1/mag/z/qom" : 0.0,
		"ngimu_r1/mag/z/raw" : 0.0,
		"ngimu_r1/magnitudes/preview" : 0.0,
		"ngimu_r1/matrix/preview" : 0.0,
		"ngimu_r1/matrix/xx/active" : 1.0,
		"ngimu_r1/matrix/xx/raw" : 0.0,
		"ngimu_r1/matrix/xy/active" : 1.0,
		"ngimu_r1/matrix/xy/raw" : 0.0,
		"ngimu_r1/matrix/xz/active" : 1.0,
		"ngimu_r1/matrix/xz/raw" : 0.0,
		"ngimu_r1/matrix/yx/active" : 1.0,
		"ngimu_r1/matrix/yx/raw" : 0.0,
		"ngimu_r1/matrix/yy/active" : 1.0,
		"ngimu_r1/matrix/yy/raw" : 0.0,
		"ngimu_r1/matrix/yz/active" : 1.0,
		"ngimu_r1/matrix/yz/raw" : 0.0,
		"ngimu_r1/matrix/zx/active" : 1.0,
		"ngimu_r1/matrix/zx/raw" : 0.0,
		"ngimu_r1/matrix/zy/active" : 1.0,
		"ngimu_r1/matrix/zy/raw" : 0.0,
		"ngimu_r1/matrix/zz/active" : 1.0,
		"ngimu_r1/matrix/zz/raw" : 0.0,
		"ngimu_r1/port/in" : 8000,
		"ngimu_r1/quaternion/preview" : 0.0,
		"ngimu_r1/quaternion/w/active" : 1.0,
		"ngimu_r1/quaternion/w/raw" : 0.0,
		"ngimu_r1/quaternion/x/active" : 1.0,
		"ngimu_r1/quaternion/x/raw" : 0.0,
		"ngimu_r1/quaternion/y/active" : 1.0,
		"ngimu_r1/quaternion/y/raw" : 0.0,
		"ngimu_r1/quaternion/z/active" : 1.0,
		"ngimu_r1/quaternion/z/raw" : 0.0,
		"ngimu_r1/rssi/dbm" : 0.0,
		"ngimu_r1/rssi/dbm/active" : 1.0,
		"ngimu_r1/rssi/percent" : 0.0,
		"ngimu_r1/rssi/percent/active" : 1.0,
		"ngimu_r1/temperature/processor" : 0.0,
		"ngimu_r1/temperature/processor/active" : 1.0,
		"ngimu_r1/temperature/sensors" : 0.0,
		"ngimu_r1/temperature/sensors/active" : 1.0,
		"ngimu_r2/barometer" : 0.0,
		"ngimu_r2/barometer/active" : 1.0,
		"ngimu_r2/acc/pitch" : 0.050657,
		"ngimu_r2/acc/pitch/active" : 1.0,
		"ngimu_r2/acc/pitch/invert" : 0.0,
		"ngimu_r2/acc/pitch/offset" : 0.0,
		"ngimu_r2/acc/preview" : 0.0,
		"ngimu_r2/acc/roll" : 0.007094,
		"ngimu_r2/acc/roll/active" : 1.0,
		"ngimu_r2/acc/roll/invert" : 0.0,
		"ngimu_r2/acc/roll/offset" : 0.0,
		"ngimu_r2/acc/magnitude/active" : 1.0,
		"ngimu_r2/acc/magnitude/norm" : 0.0,
		"ngimu_r2/acc/magnitude/raw" : 0.0,
		"ngimu_r2/acc/orientation/preview" : 0.0,
		"ngimu_r2/acc/qom/norm" : 0.0,
		"ngimu_r2/acc/qom/raw" : -1.0,
		"ngimu_r2/acc/x/active" : 1.0,
		"ngimu_r2/acc/x/norm" : 0.0,
		"ngimu_r2/acc/x/raw" : 0.0,
		"ngimu_r2/acc/x/qom/norm" : 0.0,
		"ngimu_r2/acc/x/qom/raw" : 0.0,
		"ngimu_r2/acc/y/active" : 1.0,
		"ngimu_r2/acc/y/norm" : 0.0,
		"ngimu_r2/acc/y/raw" : 0.0,
		"ngimu_r2/acc/y/qom/norm" : 0.0,
		"ngimu_r2/acc/y/qom/raw" : 0.0,
		"ngimu_r2/acc/z/active" : 1.0,
		"ngimu_r2/acc/z/norm" : 0.0,
		"ngimu_r2/acc/z/raw" : 0.0,
		"ngimu_r2/acc/z/qom/norm" : 0.0,
		"ngimu_r2/acc/z/qom/raw" : 0.0,
		"ngimu_r2/altitude/active" : 1.0,
		"ngimu_r2/altitude/preview" : 0.0,
		"ngimu_r2/altitude/raw" : 0.0,
		"ngimu_r2/battery/charge" : 0.0,
		"ngimu_r2/battery/current" : 0.0,
		"ngimu_r2/battery/percentage" : 0.0,
		"ngimu_r2/battery/time" : 0.0,
		"ngimu_r2/battery/voltage" : 0.0,
		"ngimu_r2/earth/preview" : 0.0,
		"ngimu_r2/earth/x/active" : 1.0,
		"ngimu_r2/earth/x/norm" : 0.0,
		"ngimu_r2/earth/x/raw" : 0.0,
		"ngimu_r2/earth/y/active" : 1.0,
		"ngimu_r2/earth/y/norm" : 0.0,
		"ngimu_r2/earth/y/raw" : 0.0,
		"ngimu_r2/earth/z/active" : 1.0,
		"ngimu_r2/earth/z/norm" : 0.0,
		"ngimu_r2/earth/z/raw" : 0.0,
		"ngimu_r2/euler/preview" : 0.0,
		"ngimu_r2/euler/pitch/active" : 1.0,
		"ngimu_r2/euler/pitch/norm" : 0.0,
		"ngimu_r2/euler/pitch/raw" : 0.0,
		"ngimu_r2/euler/roll/active" : 1.0,
		"ngimu_r2/euler/roll/norm" : 0.0,
		"ngimu_r2/euler/roll/raw" : 0.0,
		"ngimu_r2/euler/yaw/active" : 1.0,
		"ngimu_r2/euler/yaw/norm" : 0.0,
		"ngimu_r2/euler/yaw/raw" : 0.0,
		"ngimu_r2/gyro/preview" : 0.0,
		"ngimu_r2/gyro/magnitude/active" : 1.0,
		"ngimu_r2/gyro/magnitude/norm" : 0.0,
		"ngimu_r2/gyro/magnitude/raw" : 0.0,
		"ngimu_r2/gyro/qom/norm" : 0.0,
		"ngimu_r2/gyro/qom/raw" : 0.0,
		"ngimu_r2/gyro/x/active" : 1.0,
		"ngimu_r2/gyro/x/norm" : 0.0,
		"ngimu_r2/gyro/x/raw" : 0.0,
		"ngimu_r2/gyro/x/qom/norm" : 0.0,
		"ngimu_r2/gyro/x/qom/raw" : 0.0,
		"ngimu_r2/gyro/y/active" : 1.0,
		"ngimu_r2/gyro/y/norm" : 0.0,
		"ngimu_r2/gyro/y/raw" : 0.0,
		"ngimu_r2/gyro/y/qom/norm" : 0.0,
		"ngimu_r2/gyro/y/qom/raw" : 0.0,
		"ngimu_r2/gyro/z/active" : 1.0,
		"ngimu_r2/gyro/z/norm" : 0.0,
		"ngimu_r2/gyro/z/raw" : 0.0,
		"ngimu_r2/gyro/z/qom/norm" : 0.0,
		"ngimu_r2/gyro/z/qom/raw" : 0.0,
		"ngimu_r2/linear/preview" : 0.0,
		"ngimu_r2/linear/x/active" : 1.0,
		"ngimu_r2/linear/x/norm" : 0.0,
		"ngimu_r2/linear/x/raw" : 0.0,
		"ngimu_r2/linear/y/active" : 1.0,
		"ngimu_r2/linear/y/norm" : 0.0,
		"ngimu_r2/linear/y/raw" : 0.0,
		"ngimu_r2/linear/z/active" : 1.0,
		"ngimu_r2/linear/z/norm" : 0.0,
		"ngimu_r2/linear/z/raw" : 0.0,
		"ngimu_r2/mag/preview" : 0.0,
		"ngimu_r2/mag/qom" : 0.0,
		"ngimu_r2/mag/magnitude/active" : 1.0,
		"ngimu_r2/mag/magnitude/raw" : 0.0,
		"ngimu_r2/mag/magnitude/scaled" : 0.0,
		"ngimu_r2/mag/x/active" : 1.0,
		"ngimu_r2/mag/x/qom" : 0.0,
		"ngimu_r2/mag/x/raw" : 0.0,
		"ngimu_r2/mag/y/active" : 1.0,
		"ngimu_r2/mag/y/qom" : 0.0,
		"ngimu_r2/mag/y/raw" : 0.0,
		"ngimu_r2/mag/z/active" : 1.0,
		"ngimu_r2/mag/z/qom" : 0.0,
		"ngimu_r2/mag/z/raw" : 0.0,
		"ngimu_r2/magnitudes/preview" : 0.0,
		"ngimu_r2/matrix/preview" : 0.0,
		"ngimu_r2/matrix/xx/active" : 1.0,
		"ngimu_r2/matrix/xx/raw" : 0.0,
		"ngimu_r2/matrix/xy/active" : 1.0,
		"ngimu_r2/matrix/xy/raw" : 0.0,
		"ngimu_r2/matrix/xz/active" : 1.0,
		"ngimu_r2/matrix/xz/raw" : 0.0,
		"ngimu_r2/matrix/yx/active" : 1.0,
		"ngimu_r2/matrix/yx/raw" : 0.0,
		"ngimu_r2/matrix/yy/active" : 1.0,
		"ngimu_r2/matrix/yy/raw" : 0.0,
		"ngimu_r2/matrix/yz/active" : 1.0,
		"ngimu_r2/matrix/yz/raw" : 0.0,
		"ngimu_r2/matrix/zx/active" : 1.0,
		"ngimu_r2/matrix/zx/raw" : 0.0,
		"ngimu_r2/matrix/zy/active" : 1.0,
		"ngimu_r2/matrix/zy/raw" : 0.0,
		"ngimu_r2/matrix/zz/active" : 1.0,
		"ngimu_r2/matrix/zz/raw" : 0.0,
		"ngimu_r2/port/in" : 8000,
		"ngimu_r2/quaternion/preview" : 0.0,
		"ngimu_r2/quaternion/w/active" : 1.0,
		"ngimu_r2/quaternion/w/raw" : 0.0,
		"ngimu_r2/quaternion/x/active" : 1.0,
		"ngimu_r2/quaternion/x/raw" : 0.0,
		"ngimu_r2/quaternion/y/active" : 1.0,
		"ngimu_r2/quaternion/y/raw" : 0.0,
		"ngimu_r2/quaternion/z/active" : 1.0,
		"ngimu_r2/quaternion/z/raw" : 0.0,
		"ngimu_r2/rssi/dbm" : 0.0,
		"ngimu_r2/rssi/dbm/active" : 1.0,
		"ngimu_r2/rssi/percent" : 0.0,
		"ngimu_r2/rssi/percent/active" : 1.0,
		"ngimu_r2/temperature/processor" : 0.0,
		"ngimu_r2/temperature/processor/active" : 1.0,
		"ngimu_r2/temperature/sensors" : 0.0,
		"ngimu_r2/temperature/sensors/active" : 1.0,
		"oscoutput1/address" : "127.0.0.1",
		"oscoutput1/oscoutput1-oscroute/abs" : 0.0,
		"oscoutput1/oscoutput1-oscroute/abs2" : 0.0,
		"oscoutput1/oscoutput1-oscroute/namespacebrowser/nodeAddress" : "/wheel/gyro/absSum",
		"oscoutput1/oscoutput1-oscroute/offset" : 0.0,
		"oscoutput1/oscoutput1-oscroute/offset2" : 0.0,
		"oscoutput1/oscoutput1-oscroute/scalebypass" : 1.0,
		"oscoutput1/oscoutput1-oscroute/settingList" : [ 1, 0.0, 0.0, 0.0, "s", 0, "s", 0.0, "s", 0.0, "s", "s" ],
		"oscoutput1/oscoutput1-oscroute/input/max" : 1.0,
		"oscoutput1/oscoutput1-oscroute/input/min" : 0.0,
		"oscoutput1/oscoutput1-oscroute/output/max" : 1.0,
		"oscoutput1/oscoutput1-oscroute/output/min" : 0.0,
		"oscoutput1/port" : 8801,
		"oscoutput1/prepend" : "/wheel/gyro/absSum",
		"oscoutput10/address" : "127.0.0.1",
		"oscoutput10/oscoutput10-oscroute/abs" : 0.0,
		"oscoutput10/oscoutput10-oscroute/abs2" : 0.0,
		"oscoutput10/oscoutput10-oscroute/namespacebrowser/nodeAddress" : "none",
		"oscoutput10/oscoutput10-oscroute/offset" : 0.0,
		"oscoutput10/oscoutput10-oscroute/offset2" : 0.0,
		"oscoutput10/oscoutput10-oscroute/scalebypass" : 1.0,
		"oscoutput10/oscoutput10-oscroute/input/max" : 1.0,
		"oscoutput10/oscoutput10-oscroute/input/min" : 0.0,
		"oscoutput10/oscoutput10-oscroute/output/max" : 1.0,
		"oscoutput10/oscoutput10-oscroute/output/min" : 0.0,
		"oscoutput10/port" : 8810,
		"oscoutput10/prepend" : "/value/",
		"oscoutput11/address" : "127.0.0.1",
		"oscoutput11/oscoutput11-oscroute/abs" : 0.0,
		"oscoutput11/oscoutput11-oscroute/abs2" : 0.0,
		"oscoutput11/oscoutput11-oscroute/namespacebrowser/nodeAddress" : "none",
		"oscoutput11/oscoutput11-oscroute/offset" : 0.0,
		"oscoutput11/oscoutput11-oscroute/offset2" : 0.0,
		"oscoutput11/oscoutput11-oscroute/scalebypass" : 1.0,
		"oscoutput11/oscoutput11-oscroute/input/max" : 1.0,
		"oscoutput11/oscoutput11-oscroute/input/min" : 0.0,
		"oscoutput11/oscoutput11-oscroute/output/max" : 1.0,
		"oscoutput11/oscoutput11-oscroute/output/min" : 0.0,
		"oscoutput11/port" : 8811,
		"oscoutput11/prepend" : "/value/",
		"oscoutput12/address" : "127.0.0.1",
		"oscoutput12/oscoutput12-oscroute/abs" : 0.0,
		"oscoutput12/oscoutput12-oscroute/abs2" : 0.0,
		"oscoutput12/oscoutput12-oscroute/namespacebrowser/nodeAddress" : "none",
		"oscoutput12/oscoutput12-oscroute/offset" : 0.0,
		"oscoutput12/oscoutput12-oscroute/offset2" : 0.0,
		"oscoutput12/oscoutput12-oscroute/scalebypass" : 1.0,
		"oscoutput12/oscoutput12-oscroute/input/max" : 1.0,
		"oscoutput12/oscoutput12-oscroute/input/min" : 0.0,
		"oscoutput12/oscoutput12-oscroute/output/max" : 1.0,
		"oscoutput12/oscoutput12-oscroute/output/min" : 0.0,
		"oscoutput12/port" : 8812,
		"oscoutput12/prepend" : "/value/",
		"oscoutput13/address" : "127.0.0.1",
		"oscoutput13/oscoutput13-oscroute/abs" : 0.0,
		"oscoutput13/oscoutput13-oscroute/abs2" : 0.0,
		"oscoutput13/oscoutput13-oscroute/namespacebrowser/nodeAddress" : "none",
		"oscoutput13/oscoutput13-oscroute/offset" : 0.0,
		"oscoutput13/oscoutput13-oscroute/offset2" : 0.0,
		"oscoutput13/oscoutput13-oscroute/scalebypass" : 1.0,
		"oscoutput13/oscoutput13-oscroute/input/max" : 1.0,
		"oscoutput13/oscoutput13-oscroute/input/min" : 0.0,
		"oscoutput13/oscoutput13-oscroute/output/max" : 1.0,
		"oscoutput13/oscoutput13-oscroute/output/min" : 0.0,
		"oscoutput13/port" : 8813,
		"oscoutput13/prepend" : "/value/",
		"oscoutput14/address" : "127.0.0.1",
		"oscoutput14/oscoutput14-oscroute/abs" : 0.0,
		"oscoutput14/oscoutput14-oscroute/abs2" : 0.0,
		"oscoutput14/oscoutput14-oscroute/namespacebrowser/nodeAddress" : "none",
		"oscoutput14/oscoutput14-oscroute/offset" : 0.0,
		"oscoutput14/oscoutput14-oscroute/offset2" : 0.0,
		"oscoutput14/oscoutput14-oscroute/scalebypass" : 1.0,
		"oscoutput14/oscoutput14-oscroute/input/max" : 1.0,
		"oscoutput14/oscoutput14-oscroute/input/min" : 0.0,
		"oscoutput14/oscoutput14-oscroute/output/max" : 1.0,
		"oscoutput14/oscoutput14-oscroute/output/min" : 0.0,
		"oscoutput14/port" : 8814,
		"oscoutput14/prepend" : "/value/",
		"oscoutput15/address" : "127.0.0.1",
		"oscoutput15/oscoutput15-oscroute/abs" : 0.0,
		"oscoutput15/oscoutput15-oscroute/abs2" : 0.0,
		"oscoutput15/oscoutput15-oscroute/namespacebrowser/nodeAddress" : "none",
		"oscoutput15/oscoutput15-oscroute/offset" : 0.0,
		"oscoutput15/oscoutput15-oscroute/offset2" : 0.0,
		"oscoutput15/oscoutput15-oscroute/scalebypass" : 1.0,
		"oscoutput15/oscoutput15-oscroute/input/max" : 1.0,
		"oscoutput15/oscoutput15-oscroute/input/min" : 0.0,
		"oscoutput15/oscoutput15-oscroute/output/max" : 1.0,
		"oscoutput15/oscoutput15-oscroute/output/min" : 0.0,
		"oscoutput15/port" : 8815,
		"oscoutput15/prepend" : "/value/",
		"oscoutput16/address" : "127.0.0.1",
		"oscoutput16/oscoutput16-oscroute/abs" : 0.0,
		"oscoutput16/oscoutput16-oscroute/abs2" : 0.0,
		"oscoutput16/oscoutput16-oscroute/namespacebrowser/nodeAddress" : "none",
		"oscoutput16/oscoutput16-oscroute/offset" : 0.0,
		"oscoutput16/oscoutput16-oscroute/offset2" : 0.0,
		"oscoutput16/oscoutput16-oscroute/scalebypass" : 1.0,
		"oscoutput16/oscoutput16-oscroute/input/max" : 1.0,
		"oscoutput16/oscoutput16-oscroute/input/min" : 0.0,
		"oscoutput16/oscoutput16-oscroute/output/max" : 1.0,
		"oscoutput16/oscoutput16-oscroute/output/min" : 0.0,
		"oscoutput16/port" : 8816,
		"oscoutput16/prepend" : "/value/",
		"oscoutput2/address" : "127.0.0.1",
		"oscoutput2/oscoutput2-oscroute/abs" : 0.0,
		"oscoutput2/oscoutput2-oscroute/abs2" : 0.0,
		"oscoutput2/oscoutput2-oscroute/namespacebrowser/nodeAddress" : "/wheel/gyro/weightedSpin",
		"oscoutput2/oscoutput2-oscroute/offset" : 0.0,
		"oscoutput2/oscoutput2-oscroute/offset2" : 0.0,
		"oscoutput2/oscoutput2-oscroute/scalebypass" : 1.0,
		"oscoutput2/oscoutput2-oscroute/settingList" : [ 1, 0.0, 0.0, 0.0, "s", 0, "s", 0.0, "s", 0.0, "s", "s" ],
		"oscoutput2/oscoutput2-oscroute/input/max" : 1.0,
		"oscoutput2/oscoutput2-oscroute/input/min" : 0.0,
		"oscoutput2/oscoutput2-oscroute/output/max" : 1.0,
		"oscoutput2/oscoutput2-oscroute/output/min" : 0.0,
		"oscoutput2/port" : 8802,
		"oscoutput2/prepend" : "/wheel/gyro/weightedSpin",
		"oscoutput3/address" : "127.0.0.1",
		"oscoutput3/oscoutput3-oscroute/abs" : 0.0,
		"oscoutput3/oscoutput3-oscroute/abs2" : 0.0,
		"oscoutput3/oscoutput3-oscroute/namespacebrowser/nodeAddress" : "/wheel2/gyro/absSum",
		"oscoutput3/oscoutput3-oscroute/offset" : 0.0,
		"oscoutput3/oscoutput3-oscroute/offset2" : 0.0,
		"oscoutput3/oscoutput3-oscroute/scalebypass" : 1.0,
		"oscoutput3/oscoutput3-oscroute/settingList" : [ 1, 0.0, 0.0, 0.0, "s", 0, "s", 0.0, "s", 0.0, "s", "s" ],
		"oscoutput3/oscoutput3-oscroute/input/max" : 1.0,
		"oscoutput3/oscoutput3-oscroute/input/min" : 0.0,
		"oscoutput3/oscoutput3-oscroute/output/max" : 1.0,
		"oscoutput3/oscoutput3-oscroute/output/min" : 0.0,
		"oscoutput3/port" : 8803,
		"oscoutput3/prepend" : "/wheel2/gyro/absSum",
		"oscoutput4/address" : "127.0.0.1",
		"oscoutput4/oscoutput4-oscroute/abs" : 0.0,
		"oscoutput4/oscoutput4-oscroute/abs2" : 0.0,
		"oscoutput4/oscoutput4-oscroute/namespacebrowser/nodeAddress" : "/wheel2/gyro/weightedSpin",
		"oscoutput4/oscoutput4-oscroute/offset" : 0.0,
		"oscoutput4/oscoutput4-oscroute/offset2" : 0.0,
		"oscoutput4/oscoutput4-oscroute/scalebypass" : 1.0,
		"oscoutput4/oscoutput4-oscroute/settingList" : [ 1, 0.0, 0.0, 0.0, "s", 0, "s", 0.0, "s", 0.0, "s", "s" ],
		"oscoutput4/oscoutput4-oscroute/input/max" : 1.0,
		"oscoutput4/oscoutput4-oscroute/input/min" : 0.0,
		"oscoutput4/oscoutput4-oscroute/output/max" : 1.0,
		"oscoutput4/oscoutput4-oscroute/output/min" : 0.0,
		"oscoutput4/port" : 8804,
		"oscoutput4/prepend" : "/wheel2/gyro/weightedSpin",
		"oscoutput5/address" : "127.0.0.1",
		"oscoutput5/oscoutput5-oscroute/abs" : 0.0,
		"oscoutput5/oscoutput5-oscroute/abs2" : 0.0,
		"oscoutput5/oscoutput5-oscroute/namespacebrowser/nodeAddress" : "/wheel3/gyro/absSum",
		"oscoutput5/oscoutput5-oscroute/offset" : 0.0,
		"oscoutput5/oscoutput5-oscroute/offset2" : 0.0,
		"oscoutput5/oscoutput5-oscroute/scalebypass" : 1.0,
		"oscoutput5/oscoutput5-oscroute/settingList" : [ 1, 0.0, 0.0, 0.0, "s", 0, "s", 0.0, "s", 0.0, "s", "s" ],
		"oscoutput5/oscoutput5-oscroute/input/max" : 1.0,
		"oscoutput5/oscoutput5-oscroute/input/min" : 0.0,
		"oscoutput5/oscoutput5-oscroute/output/max" : 1.0,
		"oscoutput5/oscoutput5-oscroute/output/min" : 0.0,
		"oscoutput5/port" : 8805,
		"oscoutput5/prepend" : "/wheel3/gyro/absSum",
		"oscoutput6/address" : "127.0.0.1",
		"oscoutput6/oscoutput6-oscroute/abs" : 0.0,
		"oscoutput6/oscoutput6-oscroute/abs2" : 0.0,
		"oscoutput6/oscoutput6-oscroute/namespacebrowser/nodeAddress" : "/wheel3/gyro/weightedSpin",
		"oscoutput6/oscoutput6-oscroute/offset" : 0.0,
		"oscoutput6/oscoutput6-oscroute/offset2" : 0.0,
		"oscoutput6/oscoutput6-oscroute/scalebypass" : 1.0,
		"oscoutput6/oscoutput6-oscroute/settingList" : [ 1, 0.0, 0.0, 0.0, "s", 0, "s", 0.0, "s", 0.0, "s", "s" ],
		"oscoutput6/oscoutput6-oscroute/input/max" : 1.0,
		"oscoutput6/oscoutput6-oscroute/input/min" : 0.0,
		"oscoutput6/oscoutput6-oscroute/output/max" : 1.0,
		"oscoutput6/oscoutput6-oscroute/output/min" : 0.0,
		"oscoutput6/port" : 8806,
		"oscoutput6/prepend" : "/wheel3/gyro/weightedSpin",
		"oscoutput7/address" : "127.0.0.1",
		"oscoutput7/oscoutput7-oscroute/abs" : 0.0,
		"oscoutput7/oscoutput7-oscroute/abs2" : 0.0,
		"oscoutput7/oscoutput7-oscroute/namespacebrowser/nodeAddress" : "none",
		"oscoutput7/oscoutput7-oscroute/offset" : 0.0,
		"oscoutput7/oscoutput7-oscroute/offset2" : 0.0,
		"oscoutput7/oscoutput7-oscroute/scalebypass" : 1.0,
		"oscoutput7/oscoutput7-oscroute/input/max" : 1.0,
		"oscoutput7/oscoutput7-oscroute/input/min" : 0.0,
		"oscoutput7/oscoutput7-oscroute/output/max" : 1.0,
		"oscoutput7/oscoutput7-oscroute/output/min" : 0.0,
		"oscoutput7/port" : 8807,
		"oscoutput7/prepend" : "/value/",
		"oscoutput8/address" : "127.0.0.1",
		"oscoutput8/oscoutput8-oscroute/abs" : 0.0,
		"oscoutput8/oscoutput8-oscroute/abs2" : 0.0,
		"oscoutput8/oscoutput8-oscroute/namespacebrowser/nodeAddress" : "none",
		"oscoutput8/oscoutput8-oscroute/offset" : 0.0,
		"oscoutput8/oscoutput8-oscroute/offset2" : 0.0,
		"oscoutput8/oscoutput8-oscroute/scalebypass" : 1.0,
		"oscoutput8/oscoutput8-oscroute/input/max" : 1.0,
		"oscoutput8/oscoutput8-oscroute/input/min" : 0.0,
		"oscoutput8/oscoutput8-oscroute/output/max" : 1.0,
		"oscoutput8/oscoutput8-oscroute/output/min" : 0.0,
		"oscoutput8/port" : 8808,
		"oscoutput8/prepend" : "/value/",
		"oscoutput9/address" : "127.0.0.1",
		"oscoutput9/oscoutput9-oscroute/abs" : 0.0,
		"oscoutput9/oscoutput9-oscroute/abs2" : 0.0,
		"oscoutput9/oscoutput9-oscroute/namespacebrowser/nodeAddress" : "none",
		"oscoutput9/oscoutput9-oscroute/offset" : 0.0,
		"oscoutput9/oscoutput9-oscroute/offset2" : 0.0,
		"oscoutput9/oscoutput9-oscroute/scalebypass" : 1.0,
		"oscoutput9/oscoutput9-oscroute/input/max" : 1.0,
		"oscoutput9/oscoutput9-oscroute/input/min" : 0.0,
		"oscoutput9/oscoutput9-oscroute/output/max" : 1.0,
		"oscoutput9/oscoutput9-oscroute/output/min" : 0.0,
		"oscoutput9/port" : 8809,
		"oscoutput9/prepend" : "/value/",
		"wheel/acc/avg" : 0.035971,
		"wheel/acc/qom" : 0.004639,
		"wheel/acc/qom2" : 0.006684,
		"wheel/acc/shake" : 0.0,
		"wheel/acc/trig" : 1,
		"wheel/acc/x" : 0.338276,
		"wheel/acc/y" : 0.135881,
		"wheel/acc/z" : -0.11112,
		"wheel/gyro/absSum" : 0.720182,
		"wheel/gyro/avg" : 0.900242,
		"wheel/gyro/spin" : 0.718581,
		"wheel/gyro/weightedSpin" : 0.918533,
		"wheel/gyro/x" : -0.294194,
		"wheel/gyro/y" : 0.538893,
		"wheel/gyro/z" : 1.261591,
		"wheel2/acc/avg" : 0.010448,
		"wheel2/acc/qom" : 0.005729,
		"wheel2/acc/qom2" : 0.003171,
		"wheel2/acc/shake" : 0.0,
		"wheel2/acc/trig" : 1,
		"wheel2/acc/x" : -0.322945,
		"wheel2/acc/y" : -0.009642,
		"wheel2/acc/z" : 0.019781,
		"wheel2/gyro/absSum" : 0.003966,
		"wheel2/gyro/avg" : 0.005007,
		"wheel2/gyro/spin" : 0.0,
		"wheel2/gyro/weightedSpin" : 0.0,
		"wheel2/gyro/x" : 0.015081,
		"wheel2/gyro/y" : 0.002434,
		"wheel2/gyro/z" : 0.00758,
		"wheel3/acc/avg" : -0.03797,
		"wheel3/acc/qom" : 0.001861,
		"wheel3/acc/qom2" : 0.009355,
		"wheel3/acc/shake" : 0.0,
		"wheel3/acc/trig" : 0,
		"wheel3/acc/x" : -0.303659,
		"wheel3/acc/y" : 0.105616,
		"wheel3/acc/z" : 0.084134,
		"wheel3/gyro/absSum" : 0.004501,
		"wheel3/gyro/avg" : 0.009385,
		"wheel3/gyro/spin" : 0.013681,
		"wheel3/gyro/weightedSpin" : 0.0,
		"wheel3/gyro/x" : 0.01816,
		"wheel3/gyro/y" : 0.005165,
		"wheel3/gyro/z" : -0.004556
	}
,
	"new3" : 	{
		"batonroute1/abs" : 0.0,
		"batonroute1/abs2" : 0.0,
		"batonroute1/namespacebrowser/nodeAddress" : "/wheel/acc/trig",
		"batonroute1/offset" : 0.0,
		"batonroute1/offset2" : 0.0,
		"batonroute1/scalebypass" : 1.0,
		"batonroute1/settingList" : [ 1, 0.0, 0.0, 0.0, "s", 0, "s", 0.0, "s", 0.0, "s", "s" ],
		"batonroute1/input/max" : 1.0,
		"batonroute1/input/min" : 0.0,
		"batonroute1/output/max" : 1.0,
		"batonroute1/output/min" : 0.0,
		"batonroute2/abs" : 0.0,
		"batonroute2/abs2" : 0.0,
		"batonroute2/namespacebrowser/nodeAddress" : "/wheel2/acc/trig",
		"batonroute2/offset" : 0.0,
		"batonroute2/offset2" : 0.0,
		"batonroute2/scalebypass" : 1.0,
		"batonroute2/settingList" : [ 1, 0.0, 0.0, 0.0, "s", 0, "s", 0.0, "s", 0.0, "s", "s" ],
		"batonroute2/input/max" : 1.0,
		"batonroute2/input/min" : 0.0,
		"batonroute2/output/max" : 1.0,
		"batonroute2/output/min" : 0.0,
		"batonroute3/abs" : 0.0,
		"batonroute3/abs2" : 0.0,
		"batonroute3/namespacebrowser/nodeAddress" : "/wheel3/acc/trig",
		"batonroute3/offset" : 0.0,
		"batonroute3/offset2" : 0.0,
		"batonroute3/scalebypass" : 1.0,
		"batonroute3/settingList" : [ 1, 0.0, 0.0, 0.0, "s", 0, "s", 0.0, "s", 0.0, "s", "s" ],
		"batonroute3/input/max" : 1.0,
		"batonroute3/input/min" : 0.0,
		"batonroute3/output/max" : 1.0,
		"batonroute3/output/min" : 0.0,
		"oscoutput1/address" : "127.0.0.1",
		"oscoutput1/oscoutput1-oscroute/abs" : 0.0,
		"oscoutput1/oscoutput1-oscroute/abs2" : 0.0,
		"oscoutput1/oscoutput1-oscroute/namespacebrowser/nodeAddress" : "/wheel/gyro/absSum",
		"oscoutput1/oscoutput1-oscroute/offset" : 0.0,
		"oscoutput1/oscoutput1-oscroute/offset2" : 0.0,
		"oscoutput1/oscoutput1-oscroute/scalebypass" : 1.0,
		"oscoutput1/oscoutput1-oscroute/settingList" : [ 1, 0.0, 0.0, 0.0, "s", 0, "s", 0.0, "s", 0.0, "s", "s" ],
		"oscoutput1/oscoutput1-oscroute/input/max" : 1.0,
		"oscoutput1/oscoutput1-oscroute/input/min" : 0.0,
		"oscoutput1/oscoutput1-oscroute/output/max" : 1.0,
		"oscoutput1/oscoutput1-oscroute/output/min" : 0.0,
		"oscoutput1/port" : 8801,
		"oscoutput1/prepend" : "/wheel/gyro/absSum",
		"oscoutput10/address" : "127.0.0.1",
		"oscoutput10/oscoutput10-oscroute/abs" : 0.0,
		"oscoutput10/oscoutput10-oscroute/abs2" : 0.0,
		"oscoutput10/oscoutput10-oscroute/namespacebrowser/nodeAddress" : "none",
		"oscoutput10/oscoutput10-oscroute/offset" : 0.0,
		"oscoutput10/oscoutput10-oscroute/offset2" : 0.0,
		"oscoutput10/oscoutput10-oscroute/scalebypass" : 1.0,
		"oscoutput10/oscoutput10-oscroute/input/max" : 1.0,
		"oscoutput10/oscoutput10-oscroute/input/min" : 0.0,
		"oscoutput10/oscoutput10-oscroute/output/max" : 1.0,
		"oscoutput10/oscoutput10-oscroute/output/min" : 0.0,
		"oscoutput10/port" : 8810,
		"oscoutput10/prepend" : "/value/",
		"oscoutput11/address" : "127.0.0.1",
		"oscoutput11/oscoutput11-oscroute/abs" : 0.0,
		"oscoutput11/oscoutput11-oscroute/abs2" : 0.0,
		"oscoutput11/oscoutput11-oscroute/namespacebrowser/nodeAddress" : "none",
		"oscoutput11/oscoutput11-oscroute/offset" : 0.0,
		"oscoutput11/oscoutput11-oscroute/offset2" : 0.0,
		"oscoutput11/oscoutput11-oscroute/scalebypass" : 1.0,
		"oscoutput11/oscoutput11-oscroute/input/max" : 1.0,
		"oscoutput11/oscoutput11-oscroute/input/min" : 0.0,
		"oscoutput11/oscoutput11-oscroute/output/max" : 1.0,
		"oscoutput11/oscoutput11-oscroute/output/min" : 0.0,
		"oscoutput11/port" : 8811,
		"oscoutput11/prepend" : "/value/",
		"oscoutput12/address" : "127.0.0.1",
		"oscoutput12/oscoutput12-oscroute/abs" : 0.0,
		"oscoutput12/oscoutput12-oscroute/abs2" : 0.0,
		"oscoutput12/oscoutput12-oscroute/namespacebrowser/nodeAddress" : "none",
		"oscoutput12/oscoutput12-oscroute/offset" : 0.0,
		"oscoutput12/oscoutput12-oscroute/offset2" : 0.0,
		"oscoutput12/oscoutput12-oscroute/scalebypass" : 1.0,
		"oscoutput12/oscoutput12-oscroute/input/max" : 1.0,
		"oscoutput12/oscoutput12-oscroute/input/min" : 0.0,
		"oscoutput12/oscoutput12-oscroute/output/max" : 1.0,
		"oscoutput12/oscoutput12-oscroute/output/min" : 0.0,
		"oscoutput12/port" : 8812,
		"oscoutput12/prepend" : "/value/",
		"oscoutput13/address" : "127.0.0.1",
		"oscoutput13/oscoutput13-oscroute/abs" : 0.0,
		"oscoutput13/oscoutput13-oscroute/abs2" : 0.0,
		"oscoutput13/oscoutput13-oscroute/namespacebrowser/nodeAddress" : "none",
		"oscoutput13/oscoutput13-oscroute/offset" : 0.0,
		"oscoutput13/oscoutput13-oscroute/offset2" : 0.0,
		"oscoutput13/oscoutput13-oscroute/scalebypass" : 1.0,
		"oscoutput13/oscoutput13-oscroute/input/max" : 1.0,
		"oscoutput13/oscoutput13-oscroute/input/min" : 0.0,
		"oscoutput13/oscoutput13-oscroute/output/max" : 1.0,
		"oscoutput13/oscoutput13-oscroute/output/min" : 0.0,
		"oscoutput13/port" : 8813,
		"oscoutput13/prepend" : "/value/",
		"oscoutput14/address" : "127.0.0.1",
		"oscoutput14/oscoutput14-oscroute/abs" : 0.0,
		"oscoutput14/oscoutput14-oscroute/abs2" : 0.0,
		"oscoutput14/oscoutput14-oscroute/namespacebrowser/nodeAddress" : "none",
		"oscoutput14/oscoutput14-oscroute/offset" : 0.0,
		"oscoutput14/oscoutput14-oscroute/offset2" : 0.0,
		"oscoutput14/oscoutput14-oscroute/scalebypass" : 1.0,
		"oscoutput14/oscoutput14-oscroute/input/max" : 1.0,
		"oscoutput14/oscoutput14-oscroute/input/min" : 0.0,
		"oscoutput14/oscoutput14-oscroute/output/max" : 1.0,
		"oscoutput14/oscoutput14-oscroute/output/min" : 0.0,
		"oscoutput14/port" : 8814,
		"oscoutput14/prepend" : "/value/",
		"oscoutput15/address" : "127.0.0.1",
		"oscoutput15/oscoutput15-oscroute/abs" : 0.0,
		"oscoutput15/oscoutput15-oscroute/abs2" : 0.0,
		"oscoutput15/oscoutput15-oscroute/namespacebrowser/nodeAddress" : "none",
		"oscoutput15/oscoutput15-oscroute/offset" : 0.0,
		"oscoutput15/oscoutput15-oscroute/offset2" : 0.0,
		"oscoutput15/oscoutput15-oscroute/scalebypass" : 1.0,
		"oscoutput15/oscoutput15-oscroute/input/max" : 1.0,
		"oscoutput15/oscoutput15-oscroute/input/min" : 0.0,
		"oscoutput15/oscoutput15-oscroute/output/max" : 1.0,
		"oscoutput15/oscoutput15-oscroute/output/min" : 0.0,
		"oscoutput15/port" : 8815,
		"oscoutput15/prepend" : "/value/",
		"oscoutput16/address" : "127.0.0.1",
		"oscoutput16/oscoutput16-oscroute/abs" : 0.0,
		"oscoutput16/oscoutput16-oscroute/abs2" : 0.0,
		"oscoutput16/oscoutput16-oscroute/namespacebrowser/nodeAddress" : "none",
		"oscoutput16/oscoutput16-oscroute/offset" : 0.0,
		"oscoutput16/oscoutput16-oscroute/offset2" : 0.0,
		"oscoutput16/oscoutput16-oscroute/scalebypass" : 1.0,
		"oscoutput16/oscoutput16-oscroute/input/max" : 1.0,
		"oscoutput16/oscoutput16-oscroute/input/min" : 0.0,
		"oscoutput16/oscoutput16-oscroute/output/max" : 1.0,
		"oscoutput16/oscoutput16-oscroute/output/min" : 0.0,
		"oscoutput16/port" : 8816,
		"oscoutput16/prepend" : "/value/",
		"oscoutput2/address" : "127.0.0.1",
		"oscoutput2/oscoutput2-oscroute/abs" : 0.0,
		"oscoutput2/oscoutput2-oscroute/abs2" : 0.0,
		"oscoutput2/oscoutput2-oscroute/namespacebrowser/nodeAddress" : "/wheel/gyro/weightedSpin",
		"oscoutput2/oscoutput2-oscroute/offset" : 0.0,
		"oscoutput2/oscoutput2-oscroute/offset2" : 0.0,
		"oscoutput2/oscoutput2-oscroute/scalebypass" : 1.0,
		"oscoutput2/oscoutput2-oscroute/settingList" : [ 1, 0.0, 0.0, 0.0, "s", 0, "s", 0.0, "s", 0.0, "s", "s" ],
		"oscoutput2/oscoutput2-oscroute/input/max" : 1.0,
		"oscoutput2/oscoutput2-oscroute/input/min" : 0.0,
		"oscoutput2/oscoutput2-oscroute/output/max" : 1.0,
		"oscoutput2/oscoutput2-oscroute/output/min" : 0.0,
		"oscoutput2/port" : 8802,
		"oscoutput2/prepend" : "/wheel/gyro/weightedSpin",
		"oscoutput3/address" : "127.0.0.1",
		"oscoutput3/oscoutput3-oscroute/abs" : 0.0,
		"oscoutput3/oscoutput3-oscroute/abs2" : 0.0,
		"oscoutput3/oscoutput3-oscroute/namespacebrowser/nodeAddress" : "/wheel2/gyro/absSum",
		"oscoutput3/oscoutput3-oscroute/offset" : 0.0,
		"oscoutput3/oscoutput3-oscroute/offset2" : 0.0,
		"oscoutput3/oscoutput3-oscroute/scalebypass" : 1.0,
		"oscoutput3/oscoutput3-oscroute/settingList" : [ 1, 0.0, 0.0, 0.0, "s", 0, "s", 0.0, "s", 0.0, "s", "s" ],
		"oscoutput3/oscoutput3-oscroute/input/max" : 1.0,
		"oscoutput3/oscoutput3-oscroute/input/min" : 0.0,
		"oscoutput3/oscoutput3-oscroute/output/max" : 1.0,
		"oscoutput3/oscoutput3-oscroute/output/min" : 0.0,
		"oscoutput3/port" : 8803,
		"oscoutput3/prepend" : "/wheel2/gyro/absSum",
		"oscoutput4/address" : "127.0.0.1",
		"oscoutput4/oscoutput4-oscroute/abs" : 0.0,
		"oscoutput4/oscoutput4-oscroute/abs2" : 0.0,
		"oscoutput4/oscoutput4-oscroute/namespacebrowser/nodeAddress" : "/wheel2/gyro/weightedSpin",
		"oscoutput4/oscoutput4-oscroute/offset" : 0.0,
		"oscoutput4/oscoutput4-oscroute/offset2" : 0.0,
		"oscoutput4/oscoutput4-oscroute/scalebypass" : 1.0,
		"oscoutput4/oscoutput4-oscroute/settingList" : [ 1, 0.0, 0.0, 0.0, "s", 0, "s", 0.0, "s", 0.0, "s", "s" ],
		"oscoutput4/oscoutput4-oscroute/input/max" : 1.0,
		"oscoutput4/oscoutput4-oscroute/input/min" : 0.0,
		"oscoutput4/oscoutput4-oscroute/output/max" : 1.0,
		"oscoutput4/oscoutput4-oscroute/output/min" : 0.0,
		"oscoutput4/port" : 8804,
		"oscoutput4/prepend" : "/wheel2/gyro/weightedSpin",
		"oscoutput5/address" : "127.0.0.1",
		"oscoutput5/oscoutput5-oscroute/abs" : 0.0,
		"oscoutput5/oscoutput5-oscroute/abs2" : 0.0,
		"oscoutput5/oscoutput5-oscroute/namespacebrowser/nodeAddress" : "/wheel3/gyro/absSum",
		"oscoutput5/oscoutput5-oscroute/offset" : 0.0,
		"oscoutput5/oscoutput5-oscroute/offset2" : 0.0,
		"oscoutput5/oscoutput5-oscroute/scalebypass" : 1.0,
		"oscoutput5/oscoutput5-oscroute/settingList" : [ 1, 0.0, 0.0, 0.0, "s", 0, "s", 0.0, "s", 0.0, "s", "s" ],
		"oscoutput5/oscoutput5-oscroute/input/max" : 1.0,
		"oscoutput5/oscoutput5-oscroute/input/min" : 0.0,
		"oscoutput5/oscoutput5-oscroute/output/max" : 1.0,
		"oscoutput5/oscoutput5-oscroute/output/min" : 0.0,
		"oscoutput5/port" : 8805,
		"oscoutput5/prepend" : "/wheel3/gyro/absSum",
		"oscoutput6/address" : "127.0.0.1",
		"oscoutput6/oscoutput6-oscroute/abs" : 0.0,
		"oscoutput6/oscoutput6-oscroute/abs2" : 0.0,
		"oscoutput6/oscoutput6-oscroute/namespacebrowser/nodeAddress" : "/wheel3/gyro/weightedSpin",
		"oscoutput6/oscoutput6-oscroute/offset" : 0.0,
		"oscoutput6/oscoutput6-oscroute/offset2" : 0.0,
		"oscoutput6/oscoutput6-oscroute/scalebypass" : 1.0,
		"oscoutput6/oscoutput6-oscroute/settingList" : [ 1, 0.0, 0.0, 0.0, "s", 0, "s", 0.0, "s", 0.0, "s", "s" ],
		"oscoutput6/oscoutput6-oscroute/input/max" : 1.0,
		"oscoutput6/oscoutput6-oscroute/input/min" : 0.0,
		"oscoutput6/oscoutput6-oscroute/output/max" : 1.0,
		"oscoutput6/oscoutput6-oscroute/output/min" : 0.0,
		"oscoutput6/port" : 8806,
		"oscoutput6/prepend" : "/wheel3/gyro/weightedSpin",
		"oscoutput7/address" : "127.0.0.1",
		"oscoutput7/oscoutput7-oscroute/abs" : 0.0,
		"oscoutput7/oscoutput7-oscroute/abs2" : 0.0,
		"oscoutput7/oscoutput7-oscroute/namespacebrowser/nodeAddress" : "none",
		"oscoutput7/oscoutput7-oscroute/offset" : 0.0,
		"oscoutput7/oscoutput7-oscroute/offset2" : 0.0,
		"oscoutput7/oscoutput7-oscroute/scalebypass" : 1.0,
		"oscoutput7/oscoutput7-oscroute/input/max" : 1.0,
		"oscoutput7/oscoutput7-oscroute/input/min" : 0.0,
		"oscoutput7/oscoutput7-oscroute/output/max" : 1.0,
		"oscoutput7/oscoutput7-oscroute/output/min" : 0.0,
		"oscoutput7/port" : 8807,
		"oscoutput7/prepend" : "/value/",
		"oscoutput8/address" : "127.0.0.1",
		"oscoutput8/oscoutput8-oscroute/abs" : 0.0,
		"oscoutput8/oscoutput8-oscroute/abs2" : 0.0,
		"oscoutput8/oscoutput8-oscroute/namespacebrowser/nodeAddress" : "none",
		"oscoutput8/oscoutput8-oscroute/offset" : 0.0,
		"oscoutput8/oscoutput8-oscroute/offset2" : 0.0,
		"oscoutput8/oscoutput8-oscroute/scalebypass" : 1.0,
		"oscoutput8/oscoutput8-oscroute/input/max" : 1.0,
		"oscoutput8/oscoutput8-oscroute/input/min" : 0.0,
		"oscoutput8/oscoutput8-oscroute/output/max" : 1.0,
		"oscoutput8/oscoutput8-oscroute/output/min" : 0.0,
		"oscoutput8/port" : 8808,
		"oscoutput8/prepend" : "/value/",
		"oscoutput9/address" : "127.0.0.1",
		"oscoutput9/oscoutput9-oscroute/abs" : 0.0,
		"oscoutput9/oscoutput9-oscroute/abs2" : 0.0,
		"oscoutput9/oscoutput9-oscroute/namespacebrowser/nodeAddress" : "none",
		"oscoutput9/oscoutput9-oscroute/offset" : 0.0,
		"oscoutput9/oscoutput9-oscroute/offset2" : 0.0,
		"oscoutput9/oscoutput9-oscroute/scalebypass" : 1.0,
		"oscoutput9/oscoutput9-oscroute/input/max" : 1.0,
		"oscoutput9/oscoutput9-oscroute/input/min" : 0.0,
		"oscoutput9/oscoutput9-oscroute/output/max" : 1.0,
		"oscoutput9/oscoutput9-oscroute/output/min" : 0.0,
		"oscoutput9/port" : 8809,
		"oscoutput9/prepend" : "/value/"
	}
,
	"wheels" : 	{
		"oscoutput1/address" : "127.0.0.1",
		"oscoutput1/oscoutput1-oscroute/abs" : 0.0,
		"oscoutput1/oscoutput1-oscroute/abs2" : 0.0,
		"oscoutput1/oscoutput1-oscroute/namespacebrowser/nodeAddress" : "/wheel/gyro/avg",
		"oscoutput1/oscoutput1-oscroute/offset" : 0.0,
		"oscoutput1/oscoutput1-oscroute/offset2" : 0.0,
		"oscoutput1/oscoutput1-oscroute/scalebypass" : 1.0,
		"oscoutput1/oscoutput1-oscroute/settingList" : [ 1, 0.0, 0.0, 0.0, "s", 0, "s", 0.0, "s", 0.0, "s", "s" ],
		"oscoutput1/oscoutput1-oscroute/input/max" : 1.0,
		"oscoutput1/oscoutput1-oscroute/input/min" : 0.0,
		"oscoutput1/oscoutput1-oscroute/output/max" : 1.0,
		"oscoutput1/oscoutput1-oscroute/output/min" : 0.0,
		"oscoutput1/port" : 8801,
		"oscoutput1/prepend" : "/wheel/gyro/avg",
		"oscoutput10/address" : "127.0.0.1",
		"oscoutput10/oscoutput10-oscroute/abs" : 0.0,
		"oscoutput10/oscoutput10-oscroute/abs2" : 0.0,
		"oscoutput10/oscoutput10-oscroute/namespacebrowser/nodeAddress" : "/wheel2/gyro/weightedSpin",
		"oscoutput10/oscoutput10-oscroute/offset" : 0.0,
		"oscoutput10/oscoutput10-oscroute/offset2" : 0.0,
		"oscoutput10/oscoutput10-oscroute/scalebypass" : 1.0,
		"oscoutput10/oscoutput10-oscroute/settingList" : [ 1, 0.0, 0.0, 0.0, "s", 0, "s", 0.0, "s", 0.0, "s", "s" ],
		"oscoutput10/oscoutput10-oscroute/input/max" : 1.0,
		"oscoutput10/oscoutput10-oscroute/input/min" : 0.0,
		"oscoutput10/oscoutput10-oscroute/output/max" : 1.0,
		"oscoutput10/oscoutput10-oscroute/output/min" : 0.0,
		"oscoutput10/port" : 8810,
		"oscoutput10/prepend" : "/wheel2/gyro/weightedSpin",
		"oscoutput11/address" : "127.0.0.1",
		"oscoutput11/oscoutput11-oscroute/abs" : 0.0,
		"oscoutput11/oscoutput11-oscroute/abs2" : 0.0,
		"oscoutput11/oscoutput11-oscroute/namespacebrowser/nodeAddress" : "/wheel2/gyro/spin",
		"oscoutput11/oscoutput11-oscroute/offset" : 0.0,
		"oscoutput11/oscoutput11-oscroute/offset2" : 0.0,
		"oscoutput11/oscoutput11-oscroute/scalebypass" : 1.0,
		"oscoutput11/oscoutput11-oscroute/settingList" : [ 1, 0.0, 0.0, 0.0, "s", 0, "s", 0.0, "s", 0.0, "s", "s" ],
		"oscoutput11/oscoutput11-oscroute/input/max" : 1.0,
		"oscoutput11/oscoutput11-oscroute/input/min" : 0.0,
		"oscoutput11/oscoutput11-oscroute/output/max" : 1.0,
		"oscoutput11/oscoutput11-oscroute/output/min" : 0.0,
		"oscoutput11/port" : 8811,
		"oscoutput11/prepend" : "/wheel2/gyro/spin",
		"oscoutput12/address" : "127.0.0.1",
		"oscoutput12/oscoutput12-oscroute/abs" : 0.0,
		"oscoutput12/oscoutput12-oscroute/abs2" : 0.0,
		"oscoutput12/oscoutput12-oscroute/namespacebrowser/nodeAddress" : "/wheel2/gyro/absSum",
		"oscoutput12/oscoutput12-oscroute/offset" : 0.0,
		"oscoutput12/oscoutput12-oscroute/offset2" : 0.0,
		"oscoutput12/oscoutput12-oscroute/scalebypass" : 1.0,
		"oscoutput12/oscoutput12-oscroute/settingList" : [ 1, 0.0, 0.0, 0.0, "s", 0, "s", 0.0, "s", 0.0, "s", "s" ],
		"oscoutput12/oscoutput12-oscroute/input/max" : 1.0,
		"oscoutput12/oscoutput12-oscroute/input/min" : 0.0,
		"oscoutput12/oscoutput12-oscroute/output/max" : 1.0,
		"oscoutput12/oscoutput12-oscroute/output/min" : 0.0,
		"oscoutput12/port" : 8812,
		"oscoutput12/prepend" : "/wheel2/gyro/absSum",
		"oscoutput13/address" : "127.0.0.1",
		"oscoutput13/oscoutput13-oscroute/abs" : 0.0,
		"oscoutput13/oscoutput13-oscroute/abs2" : 0.0,
		"oscoutput13/oscoutput13-oscroute/namespacebrowser/nodeAddress" : "/wheel2/acc/qom",
		"oscoutput13/oscoutput13-oscroute/offset" : 0.0,
		"oscoutput13/oscoutput13-oscroute/offset2" : 0.0,
		"oscoutput13/oscoutput13-oscroute/scalebypass" : 1.0,
		"oscoutput13/oscoutput13-oscroute/settingList" : [ 1, 0.0, 0.0, 0.0, "s", 0, "s", 0.0, "s", 0.0, "s", "s" ],
		"oscoutput13/oscoutput13-oscroute/input/max" : 1.0,
		"oscoutput13/oscoutput13-oscroute/input/min" : 0.0,
		"oscoutput13/oscoutput13-oscroute/output/max" : 1.0,
		"oscoutput13/oscoutput13-oscroute/output/min" : 0.0,
		"oscoutput13/port" : 8813,
		"oscoutput13/prepend" : "/wheel2/acc/qom",
		"oscoutput14/address" : "127.0.0.1",
		"oscoutput14/oscoutput14-oscroute/abs" : 0.0,
		"oscoutput14/oscoutput14-oscroute/abs2" : 0.0,
		"oscoutput14/oscoutput14-oscroute/namespacebrowser/nodeAddress" : "/wheel2/acc/qom2",
		"oscoutput14/oscoutput14-oscroute/offset" : 0.0,
		"oscoutput14/oscoutput14-oscroute/offset2" : 0.0,
		"oscoutput14/oscoutput14-oscroute/scalebypass" : 1.0,
		"oscoutput14/oscoutput14-oscroute/settingList" : [ 1, 0.0, 0.0, 0.0, "s", 0, "s", 0.0, "s", 0.0, "s", "s" ],
		"oscoutput14/oscoutput14-oscroute/input/max" : 1.0,
		"oscoutput14/oscoutput14-oscroute/input/min" : 0.0,
		"oscoutput14/oscoutput14-oscroute/output/max" : 1.0,
		"oscoutput14/oscoutput14-oscroute/output/min" : 0.0,
		"oscoutput14/port" : 8814,
		"oscoutput14/prepend" : "/wheel2/acc/qom2",
		"oscoutput15/address" : "127.0.0.1",
		"oscoutput15/oscoutput15-oscroute/abs" : 0.0,
		"oscoutput15/oscoutput15-oscroute/abs2" : 0.0,
		"oscoutput15/oscoutput15-oscroute/namespacebrowser/nodeAddress" : "/wheel2/acc/shake",
		"oscoutput15/oscoutput15-oscroute/offset" : 0.0,
		"oscoutput15/oscoutput15-oscroute/offset2" : 0.0,
		"oscoutput15/oscoutput15-oscroute/scalebypass" : 1.0,
		"oscoutput15/oscoutput15-oscroute/settingList" : [ 1, 0.0, 0.0, 0.0, "s", 0, "s", 0.0, "s", 0.0, "s", "s" ],
		"oscoutput15/oscoutput15-oscroute/input/max" : 1.0,
		"oscoutput15/oscoutput15-oscroute/input/min" : 0.0,
		"oscoutput15/oscoutput15-oscroute/output/max" : 1.0,
		"oscoutput15/oscoutput15-oscroute/output/min" : 0.0,
		"oscoutput15/port" : 8815,
		"oscoutput15/prepend" : "/wheel2/acc/shake",
		"oscoutput16/address" : "127.0.0.1",
		"oscoutput16/oscoutput16-oscroute/abs" : 0.0,
		"oscoutput16/oscoutput16-oscroute/abs2" : 0.0,
		"oscoutput16/oscoutput16-oscroute/namespacebrowser/nodeAddress" : "/wheel2/gyro/weightedSpin",
		"oscoutput16/oscoutput16-oscroute/offset" : 0.0,
		"oscoutput16/oscoutput16-oscroute/offset2" : 0.0,
		"oscoutput16/oscoutput16-oscroute/scalebypass" : 1.0,
		"oscoutput16/oscoutput16-oscroute/settingList" : [ 1, 0.0, 300.0, 0.0, "s", 0, "s", 0.0, "s", 0.0, "s", "s" ],
		"oscoutput16/oscoutput16-oscroute/input/max" : 0.6828,
		"oscoutput16/oscoutput16-oscroute/input/min" : 0.4601,
		"oscoutput16/oscoutput16-oscroute/output/max" : 1.0,
		"oscoutput16/oscoutput16-oscroute/output/min" : 0.0,
		"oscoutput16/port" : 8816,
		"oscoutput16/prepend" : "/wheel/gyro/weightedSpin",
		"oscoutput2/address" : "127.0.0.1",
		"oscoutput2/oscoutput2-oscroute/abs" : 0.0,
		"oscoutput2/oscoutput2-oscroute/abs2" : 0.0,
		"oscoutput2/oscoutput2-oscroute/namespacebrowser/nodeAddress" : "/wheel/gyro/weightedSpin",
		"oscoutput2/oscoutput2-oscroute/offset" : 0.0,
		"oscoutput2/oscoutput2-oscroute/offset2" : 0.0,
		"oscoutput2/oscoutput2-oscroute/scalebypass" : 1.0,
		"oscoutput2/oscoutput2-oscroute/settingList" : [ 1, 0.0, 0.0, 0.0, "s", 1, "s", 0.0, "s", 0.0, "s", "s" ],
		"oscoutput2/oscoutput2-oscroute/input/max" : 1.0,
		"oscoutput2/oscoutput2-oscroute/input/min" : 0.0,
		"oscoutput2/oscoutput2-oscroute/output/max" : 1.0,
		"oscoutput2/oscoutput2-oscroute/output/min" : 0.0,
		"oscoutput2/port" : 8802,
		"oscoutput2/prepend" : "/wheel/gyro/weightedSpin",
		"oscoutput3/address" : "127.0.0.1",
		"oscoutput3/oscoutput3-oscroute/abs" : 0.0,
		"oscoutput3/oscoutput3-oscroute/abs2" : 0.0,
		"oscoutput3/oscoutput3-oscroute/namespacebrowser/nodeAddress" : "/wheel/gyro/spin",
		"oscoutput3/oscoutput3-oscroute/offset" : 0.0,
		"oscoutput3/oscoutput3-oscroute/offset2" : 0.0,
		"oscoutput3/oscoutput3-oscroute/scalebypass" : 1.0,
		"oscoutput3/oscoutput3-oscroute/settingList" : [ 1, 0.0, 0.0, 0.0, "s", 0, "s", 0.0, "s", 0.0, "s", "s" ],
		"oscoutput3/oscoutput3-oscroute/input/max" : 1.0,
		"oscoutput3/oscoutput3-oscroute/input/min" : 0.0,
		"oscoutput3/oscoutput3-oscroute/output/max" : 1.0,
		"oscoutput3/oscoutput3-oscroute/output/min" : 0.0,
		"oscoutput3/port" : 8803,
		"oscoutput3/prepend" : "/wheel/gyro/spin",
		"oscoutput4/address" : "127.0.0.1",
		"oscoutput4/oscoutput4-oscroute/abs" : 0.0,
		"oscoutput4/oscoutput4-oscroute/abs2" : 0.0,
		"oscoutput4/oscoutput4-oscroute/namespacebrowser/nodeAddress" : "/wheel/gyro/absSum",
		"oscoutput4/oscoutput4-oscroute/offset" : 0.0,
		"oscoutput4/oscoutput4-oscroute/offset2" : 0.0,
		"oscoutput4/oscoutput4-oscroute/scalebypass" : 1.0,
		"oscoutput4/oscoutput4-oscroute/settingList" : [ 1, 0.0, 0.0, 0.0, "s", 0, "s", 0.0, "s", 0.0, "s", "s" ],
		"oscoutput4/oscoutput4-oscroute/input/max" : 1.0,
		"oscoutput4/oscoutput4-oscroute/input/min" : 0.0,
		"oscoutput4/oscoutput4-oscroute/output/max" : 1.0,
		"oscoutput4/oscoutput4-oscroute/output/min" : 0.0,
		"oscoutput4/port" : 8804,
		"oscoutput4/prepend" : "/wheel/gyro/absSum",
		"oscoutput5/address" : "127.0.0.1",
		"oscoutput5/oscoutput5-oscroute/abs" : 0.0,
		"oscoutput5/oscoutput5-oscroute/abs2" : 0.0,
		"oscoutput5/oscoutput5-oscroute/namespacebrowser/nodeAddress" : "/wheel/acc/qom",
		"oscoutput5/oscoutput5-oscroute/offset" : 0.0,
		"oscoutput5/oscoutput5-oscroute/offset2" : 0.0,
		"oscoutput5/oscoutput5-oscroute/scalebypass" : 1.0,
		"oscoutput5/oscoutput5-oscroute/settingList" : [ 1, 0.0, 0.0, 0.0, "s", 0, "s", 0.0, "s", 0.0, "s", "s" ],
		"oscoutput5/oscoutput5-oscroute/input/max" : 1.0,
		"oscoutput5/oscoutput5-oscroute/input/min" : 0.0,
		"oscoutput5/oscoutput5-oscroute/output/max" : 1.0,
		"oscoutput5/oscoutput5-oscroute/output/min" : 0.0,
		"oscoutput5/port" : 8805,
		"oscoutput5/prepend" : "/wheel/acc/qom",
		"oscoutput6/address" : "127.0.0.1",
		"oscoutput6/oscoutput6-oscroute/abs" : 0.0,
		"oscoutput6/oscoutput6-oscroute/abs2" : 0.0,
		"oscoutput6/oscoutput6-oscroute/namespacebrowser/nodeAddress" : "/wheel/acc/qom2",
		"oscoutput6/oscoutput6-oscroute/offset" : 0.0,
		"oscoutput6/oscoutput6-oscroute/offset2" : 0.0,
		"oscoutput6/oscoutput6-oscroute/scalebypass" : 1.0,
		"oscoutput6/oscoutput6-oscroute/settingList" : [ 1, 0.0, 0.0, 0.0, "s", 0, "s", 0.0, "s", 0.0, "s", "s" ],
		"oscoutput6/oscoutput6-oscroute/input/max" : 1.0,
		"oscoutput6/oscoutput6-oscroute/input/min" : 0.0,
		"oscoutput6/oscoutput6-oscroute/output/max" : 1.0,
		"oscoutput6/oscoutput6-oscroute/output/min" : 0.0,
		"oscoutput6/port" : 8806,
		"oscoutput6/prepend" : "/wheel/acc/qom2",
		"oscoutput7/address" : "127.0.0.1",
		"oscoutput7/oscoutput7-oscroute/abs" : 0.0,
		"oscoutput7/oscoutput7-oscroute/abs2" : 0.0,
		"oscoutput7/oscoutput7-oscroute/namespacebrowser/nodeAddress" : "/wheel/acc/shake",
		"oscoutput7/oscoutput7-oscroute/offset" : 0.0,
		"oscoutput7/oscoutput7-oscroute/offset2" : 0.0,
		"oscoutput7/oscoutput7-oscroute/scalebypass" : 1.0,
		"oscoutput7/oscoutput7-oscroute/settingList" : [ 1, 0.0, 0.0, 0.0, "s", 0, "s", 0.0, "s", 0.0, "s", "s" ],
		"oscoutput7/oscoutput7-oscroute/input/max" : 1.0,
		"oscoutput7/oscoutput7-oscroute/input/min" : 0.0,
		"oscoutput7/oscoutput7-oscroute/output/max" : 1.0,
		"oscoutput7/oscoutput7-oscroute/output/min" : 0.0,
		"oscoutput7/port" : 8807,
		"oscoutput7/prepend" : "/wheel/acc/shake",
		"oscoutput8/address" : "127.0.0.1",
		"oscoutput8/oscoutput8-oscroute/abs" : 0.0,
		"oscoutput8/oscoutput8-oscroute/abs2" : 0.0,
		"oscoutput8/oscoutput8-oscroute/namespacebrowser/nodeAddress" : "/wheel/gyro/weightedSpin",
		"oscoutput8/oscoutput8-oscroute/offset" : 0.0,
		"oscoutput8/oscoutput8-oscroute/offset2" : 0.0,
		"oscoutput8/oscoutput8-oscroute/scalebypass" : 1.0,
		"oscoutput8/oscoutput8-oscroute/settingList" : [ 1, 0.0, 300.0, 0.0, "s", 4, "s", 0.0, "s", 0.0, "s", "s" ],
		"oscoutput8/oscoutput8-oscroute/input/max" : 0.682833,
		"oscoutput8/oscoutput8-oscroute/input/min" : 0.460103,
		"oscoutput8/oscoutput8-oscroute/output/max" : 1.0,
		"oscoutput8/oscoutput8-oscroute/output/min" : 0.0,
		"oscoutput8/port" : 8808,
		"oscoutput8/prepend" : "/wheel/gyro/weightedSpin",
		"oscoutput9/address" : "127.0.0.1",
		"oscoutput9/oscoutput9-oscroute/abs" : 0.0,
		"oscoutput9/oscoutput9-oscroute/abs2" : 0.0,
		"oscoutput9/oscoutput9-oscroute/namespacebrowser/nodeAddress" : "/wheel2/gyro/avg",
		"oscoutput9/oscoutput9-oscroute/offset" : 0.0,
		"oscoutput9/oscoutput9-oscroute/offset2" : 0.0,
		"oscoutput9/oscoutput9-oscroute/scalebypass" : 1.0,
		"oscoutput9/oscoutput9-oscroute/settingList" : [ 1, 0.0, 0.0, 0.0, "s", 0, "s", 0.0, "s", 0.0, "s", "s" ],
		"oscoutput9/oscoutput9-oscroute/input/max" : 1.0,
		"oscoutput9/oscoutput9-oscroute/input/min" : 0.0,
		"oscoutput9/oscoutput9-oscroute/output/max" : 1.0,
		"oscoutput9/oscoutput9-oscroute/output/min" : 0.0,
		"oscoutput9/port" : 8809,
		"oscoutput9/prepend" : "/wheel2/gyro/avg"
	}
}
