{
	"cue1" : 	{
		"accavg/function" : "*",
		"accavg/function/parameter1" : 0.0,
		"accavg/function/parameter2" : 0.0,
		"accavg/function/symmetry" : "*",
		"accavg/abs" : 0.0,
		"accavg/abs2" : 0.0,
		"accavg/action" : 0.0,
		"accavg/active" : 1.0,
		"accavg/bypass" : 0.0,
		"accavg/clip" : 0,
		"accavg/delta1" : 0.01726,
		"accavg/delta2" : 0.0,
		"accavg/diffMode" : 0,
		"accavg/minMax" : [ -4.815523, 5.418254 ],
		"accavg/offset" : 0.0,
		"accavg/pre-offset" : 0.0,
		"accavg/QoM" : 0.01726,
		"accavg/schmitTrig" : 0.0,
		"accavg/velocity" : 0.0,
		"accavg/visualize" : 0.0,
		"accavg/filter/mode" : 0,
		"accavg/filter/samples" : 0,
		"accavg/out/filtered" : 0.576077,
		"accavg/out/filtered/scaled" : 0.526844,
		"accavg/out/final" : 0.526844,
		"accavg/pre-slide/down" : 0,
		"accavg/pre-slide/up" : 0,
		"accavg/ramp/grain" : 0,
		"accavg/ramp/time" : 0,
		"accavg/scale/max" : 1.0,
		"accavg/scale/min" : 0.0,
		"accavg/scale/mode" : 0,
		"accavg/scale/window" : 500,
		"accavg/scale/input/max" : 0.0,
		"accavg/scale/input/min" : 0.0,
		"accavg/schmitt/debounce" : 0,
		"accavg/schmitt/lower" : 0.0,
		"accavg/schmitt/on" : 0.0,
		"accavg/schmitt/ramp" : 0,
		"accavg/schmitt/upper" : 0.0,
		"accavg/slide/down" : 0,
		"accavg/slide/up" : 0,
		"accX/function" : "*",
		"accX/function/parameter1" : 0.0,
		"accX/function/parameter2" : 0.0,
		"accX/function/symmetry" : "*",
		"accX/abs" : 0.0,
		"accX/abs2" : 0.0,
		"accX/action" : 0.0,
		"accX/active" : 1.0,
		"accX/bypass" : 0.0,
		"accX/clip" : 0,
		"accX/delta1" : 0.0,
		"accX/delta2" : 0.0,
		"accX/diffMode" : 0,
		"accX/minMax" : [ 0.0, 0.0 ],
		"accX/offset" : 0.0,
		"accX/pre-offset" : 0.0,
		"accX/QoM" : 0.0,
		"accX/schmitTrig" : 0.0,
		"accX/velocity" : 0.0,
		"accX/visualize" : 0.0,
		"accX/filter/mode" : 0,
		"accX/filter/samples" : 0,
		"accX/out/filtered" : 0.0,
		"accX/out/filtered/scaled" : 0.0,
		"accX/out/final" : 0.84,
		"accX/pre-slide/down" : 0,
		"accX/pre-slide/up" : 0,
		"accX/ramp/grain" : 0,
		"accX/ramp/time" : 0,
		"accX/scale/max" : 1.0,
		"accX/scale/min" : 0.0,
		"accX/scale/mode" : 0,
		"accX/scale/window" : 500,
		"accX/scale/input/max" : 0.0,
		"accX/scale/input/min" : 0.0,
		"accX/schmitt/debounce" : 0,
		"accX/schmitt/lower" : 0.0,
		"accX/schmitt/on" : 0.0,
		"accX/schmitt/ramp" : 0,
		"accX/schmitt/upper" : 0.0,
		"accX/slide/down" : 0,
		"accX/slide/up" : 0,
		"accXroute/abs" : 0.0,
		"accXroute/abs2" : 0.0,
		"accXroute/namespacebrowser/local_receive" : "1078-front",
		"accXroute/namespacebrowser/nodeAddress" : "none",
		"accXroute/namespacebrowser/origin" : [ 0.0, 0.0 ],
		"accXroute/offset" : 0.0,
		"accXroute/offset2" : 0.0,
		"accXroute/scalebypass" : 1.0,
		"accXroute/input/max" : 1.0,
		"accXroute/input/min" : 0.0,
		"accXroute/output/max" : 1.0,
		"accXroute/output/min" : 0.0,
		"accY/function" : "*",
		"accY/function/parameter1" : 0.0,
		"accY/function/parameter2" : 0.0,
		"accY/function/symmetry" : "*",
		"accY/abs" : 0.0,
		"accY/abs2" : 0.0,
		"accY/action" : 0.0,
		"accY/active" : 1.0,
		"accY/bypass" : 0.0,
		"accY/clip" : 0,
		"accY/delta1" : 0.0,
		"accY/delta2" : 0.0,
		"accY/diffMode" : 0,
		"accY/minMax" : [ 0.0, 0.0 ],
		"accY/offset" : 0.0,
		"accY/pre-offset" : 0.0,
		"accY/QoM" : 0.0,
		"accY/schmitTrig" : 0.0,
		"accY/velocity" : 0.0,
		"accY/visualize" : 0.0,
		"accY/filter/mode" : 0,
		"accY/filter/samples" : 0,
		"accY/out/filtered" : 0.0,
		"accY/out/filtered/scaled" : 0.0,
		"accY/out/final" : 0.84,
		"accY/pre-slide/down" : 0,
		"accY/pre-slide/up" : 0,
		"accY/ramp/grain" : 0,
		"accY/ramp/time" : 0,
		"accY/scale/max" : 1.0,
		"accY/scale/min" : 0.0,
		"accY/scale/mode" : 0,
		"accY/scale/window" : 500,
		"accY/scale/input/max" : 0.0,
		"accY/scale/input/min" : 0.0,
		"accY/schmitt/debounce" : 0,
		"accY/schmitt/lower" : 0.0,
		"accY/schmitt/on" : 0.0,
		"accY/schmitt/ramp" : 0,
		"accY/schmitt/upper" : 0.0,
		"accY/slide/down" : 0,
		"accY/slide/up" : 0,
		"accYroute/abs" : 0.0,
		"accYroute/abs2" : 0.0,
		"accYroute/namespacebrowser/local_receive" : "1070-front",
		"accYroute/namespacebrowser/nodeAddress" : "none",
		"accYroute/namespacebrowser/origin" : [ 0.0, 0.0 ],
		"accYroute/offset" : 0.0,
		"accYroute/offset2" : 0.0,
		"accYroute/scalebypass" : 1.0,
		"accYroute/input/max" : 1.0,
		"accYroute/input/min" : 0.0,
		"accYroute/output/max" : 1.0,
		"accYroute/output/min" : 0.0,
		"accZ/function" : "*",
		"accZ/function/parameter1" : 0.0,
		"accZ/function/parameter2" : 0.0,
		"accZ/function/symmetry" : "*",
		"accZ/abs" : 0.0,
		"accZ/abs2" : 0.0,
		"accZ/action" : 0.0,
		"accZ/active" : 1.0,
		"accZ/bypass" : 0.0,
		"accZ/clip" : 0,
		"accZ/delta1" : 0.0,
		"accZ/delta2" : 0.0,
		"accZ/diffMode" : 0,
		"accZ/minMax" : [ 0.0, 0.0 ],
		"accZ/offset" : 0.0,
		"accZ/pre-offset" : 0.0,
		"accZ/QoM" : 0.0,
		"accZ/schmitTrig" : 0.0,
		"accZ/velocity" : 0.0,
		"accZ/visualize" : 0.0,
		"accZ/filter/mode" : 0,
		"accZ/filter/samples" : 0,
		"accZ/out/filtered" : 0.0,
		"accZ/out/filtered/scaled" : 0.0,
		"accZ/out/final" : 0.84,
		"accZ/pre-slide/down" : 0,
		"accZ/pre-slide/up" : 0,
		"accZ/ramp/grain" : 0,
		"accZ/ramp/time" : 0,
		"accZ/scale/max" : 1.0,
		"accZ/scale/min" : 0.0,
		"accZ/scale/mode" : 0,
		"accZ/scale/window" : 500,
		"accZ/scale/input/max" : 0.0,
		"accZ/scale/input/min" : 0.0,
		"accZ/schmitt/debounce" : 0,
		"accZ/schmitt/lower" : 0.0,
		"accZ/schmitt/on" : 0.0,
		"accZ/schmitt/ramp" : 0,
		"accZ/schmitt/upper" : 0.0,
		"accZ/slide/down" : 0,
		"accZ/slide/up" : 0,
		"accZroute/abs" : 0.0,
		"accZroute/abs2" : 0.0,
		"accZroute/namespacebrowser/local_receive" : "1062-front",
		"accZroute/namespacebrowser/nodeAddress" : "none",
		"accZroute/namespacebrowser/origin" : [ 0.0, 0.0 ],
		"accZroute/offset" : 0.0,
		"accZroute/offset2" : 0.0,
		"accZroute/scalebypass" : 1.0,
		"accZroute/input/max" : 1.0,
		"accZroute/input/min" : 0.0,
		"accZroute/output/max" : 1.0,
		"accZroute/output/min" : 0.0,
		"gyroavg/function" : "*",
		"gyroavg/function/parameter1" : 0.0,
		"gyroavg/function/parameter2" : 0.0,
		"gyroavg/function/symmetry" : "*",
		"gyroavg/abs" : 0.0,
		"gyroavg/abs2" : 0.0,
		"gyroavg/action" : 0.0,
		"gyroavg/active" : 1.0,
		"gyroavg/bypass" : 0.0,
		"gyroavg/clip" : 0,
		"gyroavg/delta1" : 0.0,
		"gyroavg/delta2" : 0.0,
		"gyroavg/diffMode" : 0,
		"gyroavg/minMax" : [ -602.191832999999974, 807.11535600000002 ],
		"gyroavg/offset" : 0.0,
		"gyroavg/pre-offset" : 0.0,
		"gyroavg/QoM" : 0.0,
		"gyroavg/schmitTrig" : 0.0,
		"gyroavg/velocity" : 0.0,
		"gyroavg/visualize" : 0.0,
		"gyroavg/filter/mode" : 0,
		"gyroavg/filter/samples" : 0,
		"gyroavg/out/filtered" : 15.528577,
		"gyroavg/out/filtered/scaled" : 0.438315,
		"gyroavg/out/final" : 0.438315,
		"gyroavg/pre-slide/down" : 0,
		"gyroavg/pre-slide/up" : 0,
		"gyroavg/ramp/grain" : 0,
		"gyroavg/ramp/time" : 0,
		"gyroavg/scale/max" : 1.0,
		"gyroavg/scale/min" : 0.0,
		"gyroavg/scale/mode" : 0,
		"gyroavg/scale/window" : 500,
		"gyroavg/scale/input/max" : 0.0,
		"gyroavg/scale/input/min" : 0.0,
		"gyroavg/schmitt/debounce" : 0,
		"gyroavg/schmitt/lower" : 0.0,
		"gyroavg/schmitt/on" : 0.0,
		"gyroavg/schmitt/ramp" : 0,
		"gyroavg/schmitt/upper" : 0.0,
		"gyroavg/slide/down" : 0,
		"gyroavg/slide/up" : 0,
		"gyroX/function" : "*",
		"gyroX/function/parameter1" : 0.0,
		"gyroX/function/parameter2" : 0.0,
		"gyroX/function/symmetry" : "*",
		"gyroX/abs" : 0.0,
		"gyroX/abs2" : 0.0,
		"gyroX/action" : 0.0,
		"gyroX/active" : 1.0,
		"gyroX/bypass" : 0.0,
		"gyroX/clip" : 0,
		"gyroX/delta1" : 0.0,
		"gyroX/delta2" : 0.0,
		"gyroX/diffMode" : 0,
		"gyroX/minMax" : [ 0.0, 0.0 ],
		"gyroX/offset" : 0.0,
		"gyroX/pre-offset" : 0.0,
		"gyroX/QoM" : 0.0,
		"gyroX/schmitTrig" : 0.0,
		"gyroX/velocity" : 0.0,
		"gyroX/visualize" : 0.0,
		"gyroX/filter/mode" : 0,
		"gyroX/filter/samples" : 0,
		"gyroX/out/filtered" : 0.0,
		"gyroX/out/filtered/scaled" : 0.0,
		"gyroX/out/final" : 0.84,
		"gyroX/pre-slide/down" : 0,
		"gyroX/pre-slide/up" : 0,
		"gyroX/ramp/grain" : 0,
		"gyroX/ramp/time" : 0,
		"gyroX/scale/max" : 1.0,
		"gyroX/scale/min" : 0.0,
		"gyroX/scale/mode" : 0,
		"gyroX/scale/window" : 500,
		"gyroX/scale/input/max" : 0.0,
		"gyroX/scale/input/min" : 0.0,
		"gyroX/schmitt/debounce" : 0,
		"gyroX/schmitt/lower" : 0.0,
		"gyroX/schmitt/on" : 0.0,
		"gyroX/schmitt/ramp" : 0,
		"gyroX/schmitt/upper" : 0.0,
		"gyroX/slide/down" : 0,
		"gyroX/slide/up" : 0,
		"gyroXroute/abs" : 0.0,
		"gyroXroute/abs2" : 0.0,
		"gyroXroute/namespacebrowser/local_receive" : "1033-front",
		"gyroXroute/namespacebrowser/nodeAddress" : "none",
		"gyroXroute/namespacebrowser/origin" : [ 0.0, 0.0 ],
		"gyroXroute/offset" : 0.0,
		"gyroXroute/offset2" : 0.0,
		"gyroXroute/scalebypass" : 1.0,
		"gyroXroute/input/max" : 1.0,
		"gyroXroute/input/min" : 0.0,
		"gyroXroute/output/max" : 1.0,
		"gyroXroute/output/min" : 0.0,
		"gyroY/function" : "*",
		"gyroY/function/parameter1" : 0.0,
		"gyroY/function/parameter2" : 0.0,
		"gyroY/function/symmetry" : "*",
		"gyroY/abs" : 0.0,
		"gyroY/abs2" : 0.0,
		"gyroY/action" : 0.0,
		"gyroY/active" : 1.0,
		"gyroY/bypass" : 0.0,
		"gyroY/clip" : 0,
		"gyroY/delta1" : 0.0,
		"gyroY/delta2" : 0.0,
		"gyroY/diffMode" : 0,
		"gyroY/minMax" : [ 0.0, 0.0 ],
		"gyroY/offset" : 0.0,
		"gyroY/pre-offset" : 0.0,
		"gyroY/QoM" : 0.0,
		"gyroY/schmitTrig" : 0.0,
		"gyroY/velocity" : 0.0,
		"gyroY/visualize" : 0.0,
		"gyroY/filter/mode" : 0,
		"gyroY/filter/samples" : 0,
		"gyroY/out/filtered" : 0.0,
		"gyroY/out/filtered/scaled" : 0.0,
		"gyroY/out/final" : 0.84,
		"gyroY/pre-slide/down" : 0,
		"gyroY/pre-slide/up" : 0,
		"gyroY/ramp/grain" : 0,
		"gyroY/ramp/time" : 0,
		"gyroY/scale/max" : 1.0,
		"gyroY/scale/min" : 0.0,
		"gyroY/scale/mode" : 0,
		"gyroY/scale/window" : 500,
		"gyroY/scale/input/max" : 0.0,
		"gyroY/scale/input/min" : 0.0,
		"gyroY/schmitt/debounce" : 0,
		"gyroY/schmitt/lower" : 0.0,
		"gyroY/schmitt/on" : 0.0,
		"gyroY/schmitt/ramp" : 0,
		"gyroY/schmitt/upper" : 0.0,
		"gyroY/slide/down" : 0,
		"gyroY/slide/up" : 0,
		"gyroYroute/abs" : 0.0,
		"gyroYroute/abs2" : 0.0,
		"gyroYroute/namespacebrowser/local_receive" : "1025-front",
		"gyroYroute/namespacebrowser/nodeAddress" : "none",
		"gyroYroute/namespacebrowser/origin" : [ 0.0, 0.0 ],
		"gyroYroute/offset" : 0.0,
		"gyroYroute/offset2" : 0.0,
		"gyroYroute/scalebypass" : 1.0,
		"gyroYroute/input/max" : 1.0,
		"gyroYroute/input/min" : 0.0,
		"gyroYroute/output/max" : 1.0,
		"gyroYroute/output/min" : 0.0,
		"gyroZ/function" : "*",
		"gyroZ/function/parameter1" : 0.0,
		"gyroZ/function/parameter2" : 0.0,
		"gyroZ/function/symmetry" : "*",
		"gyroZ/abs" : 0.0,
		"gyroZ/abs2" : 0.0,
		"gyroZ/action" : 0.0,
		"gyroZ/active" : 1.0,
		"gyroZ/bypass" : 0.0,
		"gyroZ/clip" : 0,
		"gyroZ/delta1" : 0.0,
		"gyroZ/delta2" : 0.0,
		"gyroZ/diffMode" : 0,
		"gyroZ/minMax" : [ 0.0, 0.0 ],
		"gyroZ/offset" : 0.0,
		"gyroZ/pre-offset" : 0.0,
		"gyroZ/QoM" : 0.0,
		"gyroZ/schmitTrig" : 0.0,
		"gyroZ/velocity" : 0.0,
		"gyroZ/visualize" : 0.0,
		"gyroZ/filter/mode" : 0,
		"gyroZ/filter/samples" : 0,
		"gyroZ/out/filtered" : 0.0,
		"gyroZ/out/filtered/scaled" : 0.0,
		"gyroZ/out/final" : 0.84,
		"gyroZ/pre-slide/down" : 0,
		"gyroZ/pre-slide/up" : 0,
		"gyroZ/ramp/grain" : 0,
		"gyroZ/ramp/time" : 0,
		"gyroZ/scale/max" : 1.0,
		"gyroZ/scale/min" : 0.0,
		"gyroZ/scale/mode" : 0,
		"gyroZ/scale/window" : 500,
		"gyroZ/scale/input/max" : 0.0,
		"gyroZ/scale/input/min" : 0.0,
		"gyroZ/schmitt/debounce" : 0,
		"gyroZ/schmitt/lower" : 0.0,
		"gyroZ/schmitt/on" : 0.0,
		"gyroZ/schmitt/ramp" : 0,
		"gyroZ/schmitt/upper" : 0.0,
		"gyroZ/slide/down" : 0,
		"gyroZ/slide/up" : 0,
		"gyroZroute/abs" : 0.0,
		"gyroZroute/abs2" : 0.0,
		"gyroZroute/namespacebrowser/local_receive" : "1017-front",
		"gyroZroute/namespacebrowser/nodeAddress" : "none",
		"gyroZroute/namespacebrowser/origin" : [ 0.0, 0.0 ],
		"gyroZroute/offset" : 0.0,
		"gyroZroute/offset2" : 0.0,
		"gyroZroute/scalebypass" : 1.0,
		"gyroZroute/input/max" : 1.0,
		"gyroZroute/input/min" : 0.0,
		"gyroZroute/output/max" : 1.0,
		"gyroZroute/output/min" : 0.0,
		"navrand1/grain" : 10,
		"navrand1/interpolate" : 500,
		"navrand1/max" : 1.0,
		"navrand1/min" : 0.0,
		"navrand1/on" : 1.0,
		"navrand1/step" : 1.0,
		"navrand1/out/final" : 0.475376,
		"navrand1/out/final/int" : 475,
		"navrand1/out/pre-interpolation" : 0.748,
		"navrand1/rate/max" : 1000,
		"navrand1/rate/min" : 30,
		"ngimu_r1/barometer" : 1009.187865999999985,
		"ngimu_r1/barometer/active" : 1.0,
		"ngimu_r1/acc/pitch" : -0.772013,
		"ngimu_r1/acc/pitch/active" : 1.0,
		"ngimu_r1/acc/pitch/invert" : 0.0,
		"ngimu_r1/acc/pitch/offset" : 0.0,
		"ngimu_r1/acc/preview" : 1.0,
		"ngimu_r1/acc/roll" : -0.742908,
		"ngimu_r1/acc/roll/active" : 1.0,
		"ngimu_r1/acc/roll/invert" : 0.0,
		"ngimu_r1/acc/roll/offset" : 0.0,
		"ngimu_r1/acc/magnitude/active" : 1.0,
		"ngimu_r1/acc/magnitude/norm" : 0.0,
		"ngimu_r1/acc/magnitude/raw" : 0.0,
		"ngimu_r1/acc/orientation/preview" : 0.0,
		"ngimu_r1/acc/qom/norm" : 0.00031,
		"ngimu_r1/acc/qom/raw" : 0.114443,
		"ngimu_r1/acc/x/active" : 1.0,
		"ngimu_r1/acc/x/norm" : 0.041997,
		"ngimu_r1/acc/x/raw" : 0.671953,
		"ngimu_r1/acc/x/qom/norm" : 0.00031,
		"ngimu_r1/acc/x/qom/raw" : 0.009935,
		"ngimu_r1/acc/y/active" : 1.0,
		"ngimu_r1/acc/y/norm" : 0.034842,
		"ngimu_r1/acc/y/raw" : 0.557477,
		"ngimu_r1/acc/y/qom/norm" : 0.000909,
		"ngimu_r1/acc/y/qom/raw" : 0.029089,
		"ngimu_r1/acc/z/active" : 1.0,
		"ngimu_r1/acc/z/norm" : 0.043287,
		"ngimu_r1/acc/z/raw" : 0.69259,
		"ngimu_r1/acc/z/qom/norm" : 0.000469,
		"ngimu_r1/acc/z/qom/raw" : 0.015002,
		"ngimu_r1/altitude/active" : 1.0,
		"ngimu_r1/altitude/preview" : 0.0,
		"ngimu_r1/altitude/raw" : 35.027061000000003,
		"ngimu_r1/battery/charge" : 0.0,
		"ngimu_r1/battery/current" : 261.875,
		"ngimu_r1/battery/percentage" : 0.686992,
		"ngimu_r1/battery/time" : 114.0,
		"ngimu_r1/battery/voltage" : 3.81625,
		"ngimu_r1/earth/preview" : 0.0,
		"ngimu_r1/earth/x/active" : 1.0,
		"ngimu_r1/earth/x/norm" : 0.0,
		"ngimu_r1/earth/x/raw" : 0.0,
		"ngimu_r1/earth/y/active" : 1.0,
		"ngimu_r1/earth/y/norm" : 0.0,
		"ngimu_r1/earth/y/raw" : 0.0,
		"ngimu_r1/earth/z/active" : 1.0,
		"ngimu_r1/earth/z/norm" : 0.0,
		"ngimu_r1/earth/z/raw" : 0.0,
		"ngimu_r1/euler/preview" : 0.0,
		"ngimu_r1/euler/pitch/active" : 1.0,
		"ngimu_r1/euler/pitch/norm" : -0.07851,
		"ngimu_r1/euler/pitch/raw" : -14.131748999999999,
		"ngimu_r1/euler/roll/active" : 1.0,
		"ngimu_r1/euler/roll/norm" : 0.332371,
		"ngimu_r1/euler/roll/raw" : 59.826813000000001,
		"ngimu_r1/euler/yaw/active" : 1.0,
		"ngimu_r1/euler/yaw/norm" : -0.53488,
		"ngimu_r1/euler/yaw/raw" : -96.278319999999994,
		"ngimu_r1/gyro/preview" : 0.0,
		"ngimu_r1/gyro/magnitude/active" : 1.0,
		"ngimu_r1/gyro/magnitude/norm" : 0.0,
		"ngimu_r1/gyro/magnitude/raw" : 0.0,
		"ngimu_r1/gyro/qom/norm" : 0.001115,
		"ngimu_r1/gyro/qom/raw" : 11.978107,
		"ngimu_r1/gyro/x/active" : 1.0,
		"ngimu_r1/gyro/x/norm" : 0.02196,
		"ngimu_r1/gyro/x/raw" : 44.094729999999998,
		"ngimu_r1/gyro/x/qom/norm" : 0.000994,
		"ngimu_r1/gyro/x/qom/raw" : 3.992702,
		"ngimu_r1/gyro/y/active" : 1.0,
		"ngimu_r1/gyro/y/norm" : 0.017198,
		"ngimu_r1/gyro/y/raw" : 34.533980999999997,
		"ngimu_r1/gyro/y/qom/norm" : 0.001257,
		"ngimu_r1/gyro/y/qom/raw" : 5.049536,
		"ngimu_r1/gyro/z/active" : 1.0,
		"ngimu_r1/gyro/z/norm" : -0.015345,
		"ngimu_r1/gyro/z/raw" : -30.811951000000001,
		"ngimu_r1/gyro/z/qom/norm" : 0.000198,
		"ngimu_r1/gyro/z/qom/raw" : 0.7959,
		"ngimu_r1/linear/preview" : 0.0,
		"ngimu_r1/linear/x/active" : 1.0,
		"ngimu_r1/linear/x/norm" : 0.0,
		"ngimu_r1/linear/x/raw" : 0.0,
		"ngimu_r1/linear/y/active" : 1.0,
		"ngimu_r1/linear/y/norm" : 0.0,
		"ngimu_r1/linear/y/raw" : 0.0,
		"ngimu_r1/linear/z/active" : 1.0,
		"ngimu_r1/linear/z/norm" : 0.0,
		"ngimu_r1/linear/z/raw" : 0.0,
		"ngimu_r1/mag/preview" : 1.0,
		"ngimu_r1/mag/qom" : 0.0,
		"ngimu_r1/mag/magnitude/active" : 1.0,
		"ngimu_r1/mag/magnitude/raw" : 0.0,
		"ngimu_r1/mag/magnitude/scaled" : 0.0,
		"ngimu_r1/mag/x/active" : 1.0,
		"ngimu_r1/mag/x/qom" : 0.0,
		"ngimu_r1/mag/x/raw" : -7.320714,
		"ngimu_r1/mag/y/active" : 1.0,
		"ngimu_r1/mag/y/qom" : 0.0,
		"ngimu_r1/mag/y/raw" : -2.444679,
		"ngimu_r1/mag/z/active" : 1.0,
		"ngimu_r1/mag/z/qom" : 0.0,
		"ngimu_r1/mag/z/raw" : -29.221087000000001,
		"ngimu_r1/magnitudes/preview" : 0.0,
		"ngimu_r1/matrix/preview" : 0.0,
		"ngimu_r1/matrix/xx/active" : 1.0,
		"ngimu_r1/matrix/xx/raw" : 0.0,
		"ngimu_r1/matrix/xy/active" : 1.0,
		"ngimu_r1/matrix/xy/raw" : 0.0,
		"ngimu_r1/matrix/xz/active" : 1.0,
		"ngimu_r1/matrix/xz/raw" : 0.0,
		"ngimu_r1/matrix/yx/active" : 1.0,
		"ngimu_r1/matrix/yx/raw" : 0.0,
		"ngimu_r1/matrix/yy/active" : 1.0,
		"ngimu_r1/matrix/yy/raw" : 0.0,
		"ngimu_r1/matrix/yz/active" : 1.0,
		"ngimu_r1/matrix/yz/raw" : 0.0,
		"ngimu_r1/matrix/zx/active" : 1.0,
		"ngimu_r1/matrix/zx/raw" : 0.0,
		"ngimu_r1/matrix/zy/active" : 1.0,
		"ngimu_r1/matrix/zy/raw" : 0.0,
		"ngimu_r1/matrix/zz/active" : 1.0,
		"ngimu_r1/matrix/zz/raw" : 0.0,
		"ngimu_r1/port/in" : 7800,
		"ngimu_r1/quaternion/preview" : 0.0,
		"ngimu_r1/quaternion/w/active" : 1.0,
		"ngimu_r1/quaternion/w/raw" : 0.264067,
		"ngimu_r1/quaternion/x/active" : 1.0,
		"ngimu_r1/quaternion/x/raw" : 0.852409,
		"ngimu_r1/quaternion/y/active" : 1.0,
		"ngimu_r1/quaternion/y/raw" : -0.356303,
		"ngimu_r1/quaternion/z/active" : 1.0,
		"ngimu_r1/quaternion/z/raw" : 0.270819,
		"ngimu_r1/rssi/dbm" : 0.0,
		"ngimu_r1/rssi/dbm/active" : 1.0,
		"ngimu_r1/rssi/percent" : 0.0,
		"ngimu_r1/rssi/percent/active" : 1.0,
		"ngimu_r1/temperature/processor" : 38.243999000000002,
		"ngimu_r1/temperature/processor/active" : 1.0,
		"ngimu_r1/temperature/sensors" : 31.207999999999998,
		"ngimu_r1/temperature/sensors/active" : 1.0,
		"ngimu_r2/barometer" : 1009.030578999999989,
		"ngimu_r2/barometer/active" : 1.0,
		"ngimu_r2/acc/pitch" : 0.050657,
		"ngimu_r2/acc/pitch/active" : 1.0,
		"ngimu_r2/acc/pitch/invert" : 0.0,
		"ngimu_r2/acc/pitch/offset" : 0.0,
		"ngimu_r2/acc/preview" : 0.0,
		"ngimu_r2/acc/roll" : 0.007094,
		"ngimu_r2/acc/roll/active" : 1.0,
		"ngimu_r2/acc/roll/invert" : 0.0,
		"ngimu_r2/acc/roll/offset" : 0.0,
		"ngimu_r2/acc/magnitude/active" : 1.0,
		"ngimu_r2/acc/magnitude/norm" : 0.0,
		"ngimu_r2/acc/magnitude/raw" : 0.0,
		"ngimu_r2/acc/orientation/preview" : 0.0,
		"ngimu_r2/acc/qom/norm" : 0.0,
		"ngimu_r2/acc/qom/raw" : -1.0,
		"ngimu_r2/acc/x/active" : 1.0,
		"ngimu_r2/acc/x/norm" : 0.00144,
		"ngimu_r2/acc/x/raw" : 0.023047,
		"ngimu_r2/acc/x/qom/norm" : 0.0,
		"ngimu_r2/acc/x/qom/raw" : 0.0,
		"ngimu_r2/acc/y/active" : 1.0,
		"ngimu_r2/acc/y/norm" : 0.000879,
		"ngimu_r2/acc/y/raw" : 0.01407,
		"ngimu_r2/acc/y/qom/norm" : 0.0,
		"ngimu_r2/acc/y/qom/raw" : 0.0,
		"ngimu_r2/acc/z/active" : 1.0,
		"ngimu_r2/acc/z/norm" : -0.063384,
		"ngimu_r2/acc/z/raw" : -1.014147,
		"ngimu_r2/acc/z/qom/norm" : 0.0,
		"ngimu_r2/acc/z/qom/raw" : 0.0,
		"ngimu_r2/altitude/active" : 1.0,
		"ngimu_r2/altitude/preview" : 0.0,
		"ngimu_r2/altitude/raw" : 0.0,
		"ngimu_r2/battery/charge" : 0.0,
		"ngimu_r2/battery/current" : 270.625,
		"ngimu_r2/battery/percentage" : 0.918945,
		"ngimu_r2/battery/time" : 178.40625,
		"ngimu_r2/battery/voltage" : 4.00375,
		"ngimu_r2/earth/preview" : 0.0,
		"ngimu_r2/earth/x/active" : 1.0,
		"ngimu_r2/earth/x/norm" : 0.0,
		"ngimu_r2/earth/x/raw" : 0.0,
		"ngimu_r2/earth/y/active" : 1.0,
		"ngimu_r2/earth/y/norm" : 0.0,
		"ngimu_r2/earth/y/raw" : 0.0,
		"ngimu_r2/earth/z/active" : 1.0,
		"ngimu_r2/earth/z/norm" : 0.0,
		"ngimu_r2/earth/z/raw" : 0.0,
		"ngimu_r2/euler/preview" : 0.0,
		"ngimu_r2/euler/pitch/active" : 1.0,
		"ngimu_r2/euler/pitch/norm" : 0.0,
		"ngimu_r2/euler/pitch/raw" : 0.0,
		"ngimu_r2/euler/roll/active" : 1.0,
		"ngimu_r2/euler/roll/norm" : 0.0,
		"ngimu_r2/euler/roll/raw" : 0.0,
		"ngimu_r2/euler/yaw/active" : 1.0,
		"ngimu_r2/euler/yaw/norm" : 0.0,
		"ngimu_r2/euler/yaw/raw" : 0.0,
		"ngimu_r2/gyro/preview" : 0.0,
		"ngimu_r2/gyro/magnitude/active" : 1.0,
		"ngimu_r2/gyro/magnitude/norm" : 0.0,
		"ngimu_r2/gyro/magnitude/raw" : 0.0,
		"ngimu_r2/gyro/qom/norm" : 0.0,
		"ngimu_r2/gyro/qom/raw" : 0.0,
		"ngimu_r2/gyro/x/active" : 1.0,
		"ngimu_r2/gyro/x/norm" : -0.000075,
		"ngimu_r2/gyro/x/raw" : -0.150841,
		"ngimu_r2/gyro/x/qom/norm" : 0.0,
		"ngimu_r2/gyro/x/qom/raw" : 0.0,
		"ngimu_r2/gyro/y/active" : 1.0,
		"ngimu_r2/gyro/y/norm" : 0.000087,
		"ngimu_r2/gyro/y/raw" : 0.173904,
		"ngimu_r2/gyro/y/qom/norm" : 0.0,
		"ngimu_r2/gyro/y/qom/raw" : 0.0,
		"ngimu_r2/gyro/z/active" : 1.0,
		"ngimu_r2/gyro/z/norm" : 0.000038,
		"ngimu_r2/gyro/z/raw" : 0.075822,
		"ngimu_r2/gyro/z/qom/norm" : 0.0,
		"ngimu_r2/gyro/z/qom/raw" : 0.0,
		"ngimu_r2/linear/preview" : 0.0,
		"ngimu_r2/linear/x/active" : 1.0,
		"ngimu_r2/linear/x/norm" : 0.0,
		"ngimu_r2/linear/x/raw" : 0.0,
		"ngimu_r2/linear/y/active" : 1.0,
		"ngimu_r2/linear/y/norm" : 0.0,
		"ngimu_r2/linear/y/raw" : 0.0,
		"ngimu_r2/linear/z/active" : 1.0,
		"ngimu_r2/linear/z/norm" : 0.0,
		"ngimu_r2/linear/z/raw" : 0.0,
		"ngimu_r2/mag/preview" : 0.0,
		"ngimu_r2/mag/qom" : 0.0,
		"ngimu_r2/mag/magnitude/active" : 1.0,
		"ngimu_r2/mag/magnitude/raw" : 0.0,
		"ngimu_r2/mag/magnitude/scaled" : 0.0,
		"ngimu_r2/mag/x/active" : 1.0,
		"ngimu_r2/mag/x/qom" : 0.0,
		"ngimu_r2/mag/x/raw" : -25.364858999999999,
		"ngimu_r2/mag/y/active" : 1.0,
		"ngimu_r2/mag/y/qom" : 0.0,
		"ngimu_r2/mag/y/raw" : -23.344131000000001,
		"ngimu_r2/mag/z/active" : 1.0,
		"ngimu_r2/mag/z/qom" : 0.0,
		"ngimu_r2/mag/z/raw" : 30.953329,
		"ngimu_r2/magnitudes/preview" : 0.0,
		"ngimu_r2/matrix/preview" : 0.0,
		"ngimu_r2/matrix/xx/active" : 1.0,
		"ngimu_r2/matrix/xx/raw" : 0.0,
		"ngimu_r2/matrix/xy/active" : 1.0,
		"ngimu_r2/matrix/xy/raw" : 0.0,
		"ngimu_r2/matrix/xz/active" : 1.0,
		"ngimu_r2/matrix/xz/raw" : 0.0,
		"ngimu_r2/matrix/yx/active" : 1.0,
		"ngimu_r2/matrix/yx/raw" : 0.0,
		"ngimu_r2/matrix/yy/active" : 1.0,
		"ngimu_r2/matrix/yy/raw" : 0.0,
		"ngimu_r2/matrix/yz/active" : 1.0,
		"ngimu_r2/matrix/yz/raw" : 0.0,
		"ngimu_r2/matrix/zx/active" : 1.0,
		"ngimu_r2/matrix/zx/raw" : 0.0,
		"ngimu_r2/matrix/zy/active" : 1.0,
		"ngimu_r2/matrix/zy/raw" : 0.0,
		"ngimu_r2/matrix/zz/active" : 1.0,
		"ngimu_r2/matrix/zz/raw" : 0.0,
		"ngimu_r2/port/in" : 7801,
		"ngimu_r2/quaternion/preview" : 0.0,
		"ngimu_r2/quaternion/w/active" : 1.0,
		"ngimu_r2/quaternion/w/raw" : 0.008966,
		"ngimu_r2/quaternion/x/active" : 1.0,
		"ngimu_r2/quaternion/x/raw" : -0.353248,
		"ngimu_r2/quaternion/y/active" : 1.0,
		"ngimu_r2/quaternion/y/raw" : 0.933682,
		"ngimu_r2/quaternion/z/active" : 1.0,
		"ngimu_r2/quaternion/z/raw" : 0.000841,
		"ngimu_r2/rssi/dbm" : 0.0,
		"ngimu_r2/rssi/dbm/active" : 1.0,
		"ngimu_r2/rssi/percent" : 0.0,
		"ngimu_r2/rssi/percent/active" : 1.0,
		"ngimu_r2/temperature/processor" : 40.658000999999999,
		"ngimu_r2/temperature/processor/active" : 1.0,
		"ngimu_r2/temperature/sensors" : 31.690000999999999,
		"ngimu_r2/temperature/sensors/active" : 1.0,
		"oscoutput1/address" : "127.0.0.1",
		"oscoutput1/oscoutput1-oscroute/abs" : 0.0,
		"oscoutput1/oscoutput1-oscroute/abs2" : 0.0,
		"oscoutput1/oscoutput1-oscroute/namespacebrowser/local_receive" : "1243-front",
		"oscoutput1/oscoutput1-oscroute/namespacebrowser/nodeAddress" : "/wheel/acc/avg",
		"oscoutput1/oscoutput1-oscroute/namespacebrowser/origin" : [ 262.0, 85.0 ],
		"oscoutput1/oscoutput1-oscroute/offset" : 0.0,
		"oscoutput1/oscoutput1-oscroute/offset2" : 0.0,
		"oscoutput1/oscoutput1-oscroute/scalebypass" : 1.0,
		"oscoutput1/oscoutput1-oscroute/settingList" : [ 0, 0.0, 0.0, 0.0, "s", 0, "s", 0.0, "s", 0.0, "s", "s" ],
		"oscoutput1/oscoutput1-oscroute/input/max" : 1.0,
		"oscoutput1/oscoutput1-oscroute/input/min" : 0.0,
		"oscoutput1/oscoutput1-oscroute/output/max" : 1.0,
		"oscoutput1/oscoutput1-oscroute/output/min" : 0.0,
		"oscoutput1/port" : 8801,
		"oscoutput1/prepend" : "/value/",
		"oscoutput1/sig" : 0.0,
		"oscoutput2/address" : "127.0.0.1",
		"oscoutput2/oscoutput2-oscroute/abs" : 0.0,
		"oscoutput2/oscoutput2-oscroute/abs2" : 0.0,
		"oscoutput2/oscoutput2-oscroute/namespacebrowser/local_receive" : "1233-front",
		"oscoutput2/oscoutput2-oscroute/namespacebrowser/nodeAddress" : "/wheel/acc/qom",
		"oscoutput2/oscoutput2-oscroute/namespacebrowser/origin" : [ 262.0, 114.0 ],
		"oscoutput2/oscoutput2-oscroute/offset" : 0.0,
		"oscoutput2/oscoutput2-oscroute/offset2" : 0.0,
		"oscoutput2/oscoutput2-oscroute/scalebypass" : 1.0,
		"oscoutput2/oscoutput2-oscroute/input/max" : 1.0,
		"oscoutput2/oscoutput2-oscroute/input/min" : 0.0,
		"oscoutput2/oscoutput2-oscroute/output/max" : 1.0,
		"oscoutput2/oscoutput2-oscroute/output/min" : 0.0,
		"oscoutput2/port" : 8802,
		"oscoutput2/prepend" : "/value/",
		"oscoutput2/sig" : 0.0,
		"oscoutput3/address" : "127.0.0.1",
		"oscoutput3/oscoutput3-oscroute/abs" : 0.0,
		"oscoutput3/oscoutput3-oscroute/abs2" : 0.0,
		"oscoutput3/oscoutput3-oscroute/namespacebrowser/local_receive" : "1223-front",
		"oscoutput3/oscoutput3-oscroute/namespacebrowser/nodeAddress" : "/wheel/acc/shake",
		"oscoutput3/oscoutput3-oscroute/namespacebrowser/origin" : [ 262.0, 146.0 ],
		"oscoutput3/oscoutput3-oscroute/offset" : 0.0,
		"oscoutput3/oscoutput3-oscroute/offset2" : 0.0,
		"oscoutput3/oscoutput3-oscroute/scalebypass" : 1.0,
		"oscoutput3/oscoutput3-oscroute/input/max" : 1.0,
		"oscoutput3/oscoutput3-oscroute/input/min" : 0.0,
		"oscoutput3/oscoutput3-oscroute/output/max" : 1.0,
		"oscoutput3/oscoutput3-oscroute/output/min" : 0.0,
		"oscoutput3/port" : 8803,
		"oscoutput3/prepend" : "/value/",
		"oscoutput3/sig" : 0.0,
		"oscoutput4/address" : "127.0.0.1",
		"oscoutput4/oscoutput4-oscroute/abs" : 0.0,
		"oscoutput4/oscoutput4-oscroute/abs2" : 0.0,
		"oscoutput4/oscoutput4-oscroute/namespacebrowser/local_receive" : "1213-front",
		"oscoutput4/oscoutput4-oscroute/namespacebrowser/nodeAddress" : "/wheel/gyro/avg",
		"oscoutput4/oscoutput4-oscroute/namespacebrowser/origin" : [ 262.0, 178.0 ],
		"oscoutput4/oscoutput4-oscroute/offset" : 0.0,
		"oscoutput4/oscoutput4-oscroute/offset2" : 0.0,
		"oscoutput4/oscoutput4-oscroute/scalebypass" : 1.0,
		"oscoutput4/oscoutput4-oscroute/input/max" : 1.0,
		"oscoutput4/oscoutput4-oscroute/input/min" : 0.0,
		"oscoutput4/oscoutput4-oscroute/output/max" : 1.0,
		"oscoutput4/oscoutput4-oscroute/output/min" : 0.0,
		"oscoutput4/port" : 8804,
		"oscoutput4/prepend" : "/value/",
		"oscoutput4/sig" : 0.0,
		"oscoutput5/address" : "127.0.0.1",
		"oscoutput5/oscoutput5-oscroute/abs" : 0.0,
		"oscoutput5/oscoutput5-oscroute/abs2" : 0.0,
		"oscoutput5/oscoutput5-oscroute/namespacebrowser/local_receive" : "1203-front",
		"oscoutput5/oscoutput5-oscroute/namespacebrowser/nodeAddress" : "/wheel/gyro/qom",
		"oscoutput5/oscoutput5-oscroute/namespacebrowser/origin" : [ 262.0, 210.0 ],
		"oscoutput5/oscoutput5-oscroute/offset" : 0.0,
		"oscoutput5/oscoutput5-oscroute/offset2" : 0.0,
		"oscoutput5/oscoutput5-oscroute/scalebypass" : 1.0,
		"oscoutput5/oscoutput5-oscroute/input/max" : 1.0,
		"oscoutput5/oscoutput5-oscroute/input/min" : 0.0,
		"oscoutput5/oscoutput5-oscroute/output/max" : 1.0,
		"oscoutput5/oscoutput5-oscroute/output/min" : 0.0,
		"oscoutput5/port" : 8805,
		"oscoutput5/prepend" : "/value/",
		"oscoutput5/sig" : 0.0,
		"oscoutput6/address" : "127.0.0.1",
		"oscoutput6/oscoutput6-oscroute/abs" : 0.0,
		"oscoutput6/oscoutput6-oscroute/abs2" : 0.0,
		"oscoutput6/oscoutput6-oscroute/namespacebrowser/local_receive" : "1193-front",
		"oscoutput6/oscoutput6-oscroute/namespacebrowser/nodeAddress" : "/wheel/gyro/shake",
		"oscoutput6/oscoutput6-oscroute/namespacebrowser/origin" : [ 262.0, 242.0 ],
		"oscoutput6/oscoutput6-oscroute/offset" : 0.0,
		"oscoutput6/oscoutput6-oscroute/offset2" : 0.0,
		"oscoutput6/oscoutput6-oscroute/scalebypass" : 1.0,
		"oscoutput6/oscoutput6-oscroute/input/max" : 1.0,
		"oscoutput6/oscoutput6-oscroute/input/min" : 0.0,
		"oscoutput6/oscoutput6-oscroute/output/max" : 1.0,
		"oscoutput6/oscoutput6-oscroute/output/min" : 0.0,
		"oscoutput6/port" : 8806,
		"oscoutput6/prepend" : "/value/",
		"oscoutput6/sig" : 0.0,
		"oscoutput7/address" : "127.0.0.1",
		"oscoutput7/oscoutput7-oscroute/abs" : 0.0,
		"oscoutput7/oscoutput7-oscroute/abs2" : 0.0,
		"oscoutput7/oscoutput7-oscroute/namespacebrowser/local_receive" : "1183-front",
		"oscoutput7/oscoutput7-oscroute/namespacebrowser/nodeAddress" : "none",
		"oscoutput7/oscoutput7-oscroute/namespacebrowser/origin" : [ 0.0, 0.0 ],
		"oscoutput7/oscoutput7-oscroute/offset" : 0.0,
		"oscoutput7/oscoutput7-oscroute/offset2" : 0.0,
		"oscoutput7/oscoutput7-oscroute/scalebypass" : 1.0,
		"oscoutput7/oscoutput7-oscroute/input/max" : 1.0,
		"oscoutput7/oscoutput7-oscroute/input/min" : 0.0,
		"oscoutput7/oscoutput7-oscroute/output/max" : 1.0,
		"oscoutput7/oscoutput7-oscroute/output/min" : 0.0,
		"oscoutput7/port" : 8807,
		"oscoutput7/prepend" : "/value/",
		"oscoutput7/sig" : 0.0,
		"oscoutput8/address" : "127.0.0.1",
		"oscoutput8/oscoutput8-oscroute/abs" : 0.0,
		"oscoutput8/oscoutput8-oscroute/abs2" : 0.0,
		"oscoutput8/oscoutput8-oscroute/namespacebrowser/local_receive" : "1009-front",
		"oscoutput8/oscoutput8-oscroute/namespacebrowser/nodeAddress" : "none",
		"oscoutput8/oscoutput8-oscroute/namespacebrowser/origin" : [ 0.0, 0.0 ],
		"oscoutput8/oscoutput8-oscroute/offset" : 0.0,
		"oscoutput8/oscoutput8-oscroute/offset2" : 0.0,
		"oscoutput8/oscoutput8-oscroute/scalebypass" : 1.0,
		"oscoutput8/oscoutput8-oscroute/input/max" : 1.0,
		"oscoutput8/oscoutput8-oscroute/input/min" : 0.0,
		"oscoutput8/oscoutput8-oscroute/output/max" : 1.0,
		"oscoutput8/oscoutput8-oscroute/output/min" : 0.0,
		"oscoutput8/port" : 8808,
		"oscoutput8/prepend" : "/value/",
		"oscoutput8/sig" : 0.0,
		"wheel/acc/avg" : 0.066088,
		"wheel/acc/qom" : 0.000816,
		"wheel/acc/shake" : 0.736039,
		"wheel/acc/x" : -0.108823,
		"wheel/acc/y" : 0.135603,
		"wheel/acc/z" : -0.007528,
		"wheel/gyro/avg" : -0.116457,
		"wheel/gyro/qom" : 0.004217,
		"wheel/gyro/shake" : 0.104828,
		"wheel/gyro/x" : 0.047161,
		"wheel/gyro/y" : -0.073729,
		"wheel/gyro/z" : 0.154189
	}
,
	"cue2" : 	{
		"accavg/function" : "*",
		"accavg/function/parameter1" : 0.0,
		"accavg/function/parameter2" : 0.0,
		"accavg/function/symmetry" : "*",
		"accavg/abs" : 0.0,
		"accavg/abs2" : 0.0,
		"accavg/action" : 0.0,
		"accavg/active" : 1.0,
		"accavg/bypass" : 0.0,
		"accavg/clip" : 0,
		"accavg/delta1" : 0.278121,
		"accavg/delta2" : 0.0,
		"accavg/diffMode" : 0,
		"accavg/minMax" : [ -4.815523, 5.418254 ],
		"accavg/offset" : 0.0,
		"accavg/pre-offset" : 0.0,
		"accavg/QoM" : 0.278121,
		"accavg/schmitTrig" : 0.0,
		"accavg/velocity" : 0.0,
		"accavg/visualize" : 0.0,
		"accavg/filter/mode" : 0,
		"accavg/filter/samples" : 0,
		"accavg/out/filtered" : 2.241893,
		"accavg/out/filtered/scaled" : 2.241893,
		"accavg/out/final" : 2.241893,
		"accavg/pre-slide/down" : 0,
		"accavg/pre-slide/up" : 0,
		"accavg/ramp/grain" : 0,
		"accavg/ramp/time" : 0,
		"accavg/scale/max" : 1.0,
		"accavg/scale/min" : 0.0,
		"accavg/scale/mode" : 0,
		"accavg/scale/window" : 500,
		"accavg/scale/input/max" : 0.0,
		"accavg/scale/input/min" : 0.0,
		"accavg/schmitt/debounce" : 0,
		"accavg/schmitt/lower" : 0.0,
		"accavg/schmitt/on" : 0.0,
		"accavg/schmitt/ramp" : 0,
		"accavg/schmitt/upper" : 0.0,
		"accavg/slide/down" : 0,
		"accavg/slide/up" : 0,
		"accX/function" : "*",
		"accX/function/parameter1" : 0.0,
		"accX/function/parameter2" : 0.0,
		"accX/function/symmetry" : "*",
		"accX/abs" : 0.0,
		"accX/abs2" : 0.0,
		"accX/action" : 0.0,
		"accX/active" : 1.0,
		"accX/bypass" : 0.0,
		"accX/clip" : 0,
		"accX/delta1" : 0.0,
		"accX/delta2" : 0.0,
		"accX/diffMode" : 0,
		"accX/minMax" : [ 0.0, 0.0 ],
		"accX/offset" : 0.0,
		"accX/pre-offset" : 0.0,
		"accX/QoM" : 0.0,
		"accX/schmitTrig" : 0.0,
		"accX/velocity" : 0.0,
		"accX/visualize" : 0.0,
		"accX/filter/mode" : 0,
		"accX/filter/samples" : 0,
		"accX/out/filtered" : 0.0,
		"accX/out/filtered/scaled" : 0.0,
		"accX/out/final" : 0.84,
		"accX/pre-slide/down" : 0,
		"accX/pre-slide/up" : 0,
		"accX/ramp/grain" : 0,
		"accX/ramp/time" : 0,
		"accX/scale/max" : 1.0,
		"accX/scale/min" : 0.0,
		"accX/scale/mode" : 0,
		"accX/scale/window" : 500,
		"accX/scale/input/max" : 0.0,
		"accX/scale/input/min" : 0.0,
		"accX/schmitt/debounce" : 0,
		"accX/schmitt/lower" : 0.0,
		"accX/schmitt/on" : 0.0,
		"accX/schmitt/ramp" : 0,
		"accX/schmitt/upper" : 0.0,
		"accX/slide/down" : 0,
		"accX/slide/up" : 0,
		"accXroute/abs" : 0.0,
		"accXroute/abs2" : 0.0,
		"accXroute/namespacebrowser/local_receive" : "1078-front",
		"accXroute/namespacebrowser/nodeAddress" : "none",
		"accXroute/namespacebrowser/origin" : [ 0.0, 0.0 ],
		"accXroute/offset" : 0.0,
		"accXroute/offset2" : 0.0,
		"accXroute/scalebypass" : 1.0,
		"accXroute/input/max" : 1.0,
		"accXroute/input/min" : 0.0,
		"accXroute/output/max" : 1.0,
		"accXroute/output/min" : 0.0,
		"accY/function" : "*",
		"accY/function/parameter1" : 0.0,
		"accY/function/parameter2" : 0.0,
		"accY/function/symmetry" : "*",
		"accY/abs" : 0.0,
		"accY/abs2" : 0.0,
		"accY/action" : 0.0,
		"accY/active" : 1.0,
		"accY/bypass" : 0.0,
		"accY/clip" : 0,
		"accY/delta1" : 0.0,
		"accY/delta2" : 0.0,
		"accY/diffMode" : 0,
		"accY/minMax" : [ 0.0, 0.0 ],
		"accY/offset" : 0.0,
		"accY/pre-offset" : 0.0,
		"accY/QoM" : 0.0,
		"accY/schmitTrig" : 0.0,
		"accY/velocity" : 0.0,
		"accY/visualize" : 0.0,
		"accY/filter/mode" : 0,
		"accY/filter/samples" : 0,
		"accY/out/filtered" : 0.0,
		"accY/out/filtered/scaled" : 0.0,
		"accY/out/final" : 0.84,
		"accY/pre-slide/down" : 0,
		"accY/pre-slide/up" : 0,
		"accY/ramp/grain" : 0,
		"accY/ramp/time" : 0,
		"accY/scale/max" : 1.0,
		"accY/scale/min" : 0.0,
		"accY/scale/mode" : 0,
		"accY/scale/window" : 500,
		"accY/scale/input/max" : 0.0,
		"accY/scale/input/min" : 0.0,
		"accY/schmitt/debounce" : 0,
		"accY/schmitt/lower" : 0.0,
		"accY/schmitt/on" : 0.0,
		"accY/schmitt/ramp" : 0,
		"accY/schmitt/upper" : 0.0,
		"accY/slide/down" : 0,
		"accY/slide/up" : 0,
		"accYroute/abs" : 0.0,
		"accYroute/abs2" : 0.0,
		"accYroute/namespacebrowser/local_receive" : "1070-front",
		"accYroute/namespacebrowser/nodeAddress" : "none",
		"accYroute/namespacebrowser/origin" : [ 0.0, 0.0 ],
		"accYroute/offset" : 0.0,
		"accYroute/offset2" : 0.0,
		"accYroute/scalebypass" : 1.0,
		"accYroute/input/max" : 1.0,
		"accYroute/input/min" : 0.0,
		"accYroute/output/max" : 1.0,
		"accYroute/output/min" : 0.0,
		"accZ/function" : "*",
		"accZ/function/parameter1" : 0.0,
		"accZ/function/parameter2" : 0.0,
		"accZ/function/symmetry" : "*",
		"accZ/abs" : 0.0,
		"accZ/abs2" : 0.0,
		"accZ/action" : 0.0,
		"accZ/active" : 1.0,
		"accZ/bypass" : 0.0,
		"accZ/clip" : 0,
		"accZ/delta1" : 0.0,
		"accZ/delta2" : 0.0,
		"accZ/diffMode" : 0,
		"accZ/minMax" : [ 0.0, 0.0 ],
		"accZ/offset" : 0.0,
		"accZ/pre-offset" : 0.0,
		"accZ/QoM" : 0.0,
		"accZ/schmitTrig" : 0.0,
		"accZ/velocity" : 0.0,
		"accZ/visualize" : 0.0,
		"accZ/filter/mode" : 0,
		"accZ/filter/samples" : 0,
		"accZ/out/filtered" : 0.0,
		"accZ/out/filtered/scaled" : 0.0,
		"accZ/out/final" : 0.84,
		"accZ/pre-slide/down" : 0,
		"accZ/pre-slide/up" : 0,
		"accZ/ramp/grain" : 0,
		"accZ/ramp/time" : 0,
		"accZ/scale/max" : 1.0,
		"accZ/scale/min" : 0.0,
		"accZ/scale/mode" : 0,
		"accZ/scale/window" : 500,
		"accZ/scale/input/max" : 0.0,
		"accZ/scale/input/min" : 0.0,
		"accZ/schmitt/debounce" : 0,
		"accZ/schmitt/lower" : 0.0,
		"accZ/schmitt/on" : 0.0,
		"accZ/schmitt/ramp" : 0,
		"accZ/schmitt/upper" : 0.0,
		"accZ/slide/down" : 0,
		"accZ/slide/up" : 0,
		"accZroute/abs" : 0.0,
		"accZroute/abs2" : 0.0,
		"accZroute/namespacebrowser/local_receive" : "1062-front",
		"accZroute/namespacebrowser/nodeAddress" : "none",
		"accZroute/namespacebrowser/origin" : [ 0.0, 0.0 ],
		"accZroute/offset" : 0.0,
		"accZroute/offset2" : 0.0,
		"accZroute/scalebypass" : 1.0,
		"accZroute/input/max" : 1.0,
		"accZroute/input/min" : 0.0,
		"accZroute/output/max" : 1.0,
		"accZroute/output/min" : 0.0,
		"gyroavg/function" : "*",
		"gyroavg/function/parameter1" : 0.0,
		"gyroavg/function/parameter2" : 0.0,
		"gyroavg/function/symmetry" : "*",
		"gyroavg/abs" : 0.0,
		"gyroavg/abs2" : 0.0,
		"gyroavg/action" : 0.0,
		"gyroavg/active" : 1.0,
		"gyroavg/bypass" : 0.0,
		"gyroavg/clip" : 0,
		"gyroavg/delta1" : -3.279995,
		"gyroavg/delta2" : 0.0,
		"gyroavg/diffMode" : 0,
		"gyroavg/minMax" : [ -602.191832999999974, 807.11535600000002 ],
		"gyroavg/offset" : 0.0,
		"gyroavg/pre-offset" : 0.0,
		"gyroavg/QoM" : 3.279995,
		"gyroavg/schmitTrig" : 0.0,
		"gyroavg/velocity" : 0.0,
		"gyroavg/visualize" : 0.0,
		"gyroavg/filter/mode" : 0,
		"gyroavg/filter/samples" : 0,
		"gyroavg/out/filtered" : 275.390167000000019,
		"gyroavg/out/filtered/scaled" : 275.390167000000019,
		"gyroavg/out/final" : 275.390167000000019,
		"gyroavg/pre-slide/down" : 0,
		"gyroavg/pre-slide/up" : 0,
		"gyroavg/ramp/grain" : 0,
		"gyroavg/ramp/time" : 0,
		"gyroavg/scale/max" : 1.0,
		"gyroavg/scale/min" : 0.0,
		"gyroavg/scale/mode" : 0,
		"gyroavg/scale/window" : 500,
		"gyroavg/scale/input/max" : 0.0,
		"gyroavg/scale/input/min" : 0.0,
		"gyroavg/schmitt/debounce" : 0,
		"gyroavg/schmitt/lower" : 0.0,
		"gyroavg/schmitt/on" : 0.0,
		"gyroavg/schmitt/ramp" : 0,
		"gyroavg/schmitt/upper" : 0.0,
		"gyroavg/slide/down" : 0,
		"gyroavg/slide/up" : 0,
		"gyroX/function" : "*",
		"gyroX/function/parameter1" : 0.0,
		"gyroX/function/parameter2" : 0.0,
		"gyroX/function/symmetry" : "*",
		"gyroX/abs" : 0.0,
		"gyroX/abs2" : 0.0,
		"gyroX/action" : 0.0,
		"gyroX/active" : 1.0,
		"gyroX/bypass" : 0.0,
		"gyroX/clip" : 0,
		"gyroX/delta1" : 0.0,
		"gyroX/delta2" : 0.0,
		"gyroX/diffMode" : 0,
		"gyroX/minMax" : [ 0.0, 0.0 ],
		"gyroX/offset" : 0.0,
		"gyroX/pre-offset" : 0.0,
		"gyroX/QoM" : 0.0,
		"gyroX/schmitTrig" : 0.0,
		"gyroX/velocity" : 0.0,
		"gyroX/visualize" : 0.0,
		"gyroX/filter/mode" : 0,
		"gyroX/filter/samples" : 0,
		"gyroX/out/filtered" : 0.0,
		"gyroX/out/filtered/scaled" : 0.0,
		"gyroX/out/final" : 0.84,
		"gyroX/pre-slide/down" : 0,
		"gyroX/pre-slide/up" : 0,
		"gyroX/ramp/grain" : 0,
		"gyroX/ramp/time" : 0,
		"gyroX/scale/max" : 1.0,
		"gyroX/scale/min" : 0.0,
		"gyroX/scale/mode" : 0,
		"gyroX/scale/window" : 500,
		"gyroX/scale/input/max" : 0.0,
		"gyroX/scale/input/min" : 0.0,
		"gyroX/schmitt/debounce" : 0,
		"gyroX/schmitt/lower" : 0.0,
		"gyroX/schmitt/on" : 0.0,
		"gyroX/schmitt/ramp" : 0,
		"gyroX/schmitt/upper" : 0.0,
		"gyroX/slide/down" : 0,
		"gyroX/slide/up" : 0,
		"gyroXroute/abs" : 0.0,
		"gyroXroute/abs2" : 0.0,
		"gyroXroute/namespacebrowser/local_receive" : "1033-front",
		"gyroXroute/namespacebrowser/nodeAddress" : "none",
		"gyroXroute/namespacebrowser/origin" : [ 0.0, 0.0 ],
		"gyroXroute/offset" : 0.0,
		"gyroXroute/offset2" : 0.0,
		"gyroXroute/scalebypass" : 1.0,
		"gyroXroute/input/max" : 1.0,
		"gyroXroute/input/min" : 0.0,
		"gyroXroute/output/max" : 1.0,
		"gyroXroute/output/min" : 0.0,
		"gyroY/function" : "*",
		"gyroY/function/parameter1" : 0.0,
		"gyroY/function/parameter2" : 0.0,
		"gyroY/function/symmetry" : "*",
		"gyroY/abs" : 0.0,
		"gyroY/abs2" : 0.0,
		"gyroY/action" : 0.0,
		"gyroY/active" : 1.0,
		"gyroY/bypass" : 0.0,
		"gyroY/clip" : 0,
		"gyroY/delta1" : 0.0,
		"gyroY/delta2" : 0.0,
		"gyroY/diffMode" : 0,
		"gyroY/minMax" : [ 0.0, 0.0 ],
		"gyroY/offset" : 0.0,
		"gyroY/pre-offset" : 0.0,
		"gyroY/QoM" : 0.0,
		"gyroY/schmitTrig" : 0.0,
		"gyroY/velocity" : 0.0,
		"gyroY/visualize" : 0.0,
		"gyroY/filter/mode" : 0,
		"gyroY/filter/samples" : 0,
		"gyroY/out/filtered" : 0.0,
		"gyroY/out/filtered/scaled" : 0.0,
		"gyroY/out/final" : 0.84,
		"gyroY/pre-slide/down" : 0,
		"gyroY/pre-slide/up" : 0,
		"gyroY/ramp/grain" : 0,
		"gyroY/ramp/time" : 0,
		"gyroY/scale/max" : 1.0,
		"gyroY/scale/min" : 0.0,
		"gyroY/scale/mode" : 0,
		"gyroY/scale/window" : 500,
		"gyroY/scale/input/max" : 0.0,
		"gyroY/scale/input/min" : 0.0,
		"gyroY/schmitt/debounce" : 0,
		"gyroY/schmitt/lower" : 0.0,
		"gyroY/schmitt/on" : 0.0,
		"gyroY/schmitt/ramp" : 0,
		"gyroY/schmitt/upper" : 0.0,
		"gyroY/slide/down" : 0,
		"gyroY/slide/up" : 0,
		"gyroYroute/abs" : 0.0,
		"gyroYroute/abs2" : 0.0,
		"gyroYroute/namespacebrowser/local_receive" : "1025-front",
		"gyroYroute/namespacebrowser/nodeAddress" : "none",
		"gyroYroute/namespacebrowser/origin" : [ 0.0, 0.0 ],
		"gyroYroute/offset" : 0.0,
		"gyroYroute/offset2" : 0.0,
		"gyroYroute/scalebypass" : 1.0,
		"gyroYroute/input/max" : 1.0,
		"gyroYroute/input/min" : 0.0,
		"gyroYroute/output/max" : 1.0,
		"gyroYroute/output/min" : 0.0,
		"gyroZ/function" : "*",
		"gyroZ/function/parameter1" : 0.0,
		"gyroZ/function/parameter2" : 0.0,
		"gyroZ/function/symmetry" : "*",
		"gyroZ/abs" : 0.0,
		"gyroZ/abs2" : 0.0,
		"gyroZ/action" : 0.0,
		"gyroZ/active" : 1.0,
		"gyroZ/bypass" : 0.0,
		"gyroZ/clip" : 0,
		"gyroZ/delta1" : 0.0,
		"gyroZ/delta2" : 0.0,
		"gyroZ/diffMode" : 0,
		"gyroZ/minMax" : [ 0.0, 0.0 ],
		"gyroZ/offset" : 0.0,
		"gyroZ/pre-offset" : 0.0,
		"gyroZ/QoM" : 0.0,
		"gyroZ/schmitTrig" : 0.0,
		"gyroZ/velocity" : 0.0,
		"gyroZ/visualize" : 0.0,
		"gyroZ/filter/mode" : 0,
		"gyroZ/filter/samples" : 0,
		"gyroZ/out/filtered" : 0.0,
		"gyroZ/out/filtered/scaled" : 0.0,
		"gyroZ/out/final" : 0.84,
		"gyroZ/pre-slide/down" : 0,
		"gyroZ/pre-slide/up" : 0,
		"gyroZ/ramp/grain" : 0,
		"gyroZ/ramp/time" : 0,
		"gyroZ/scale/max" : 1.0,
		"gyroZ/scale/min" : 0.0,
		"gyroZ/scale/mode" : 0,
		"gyroZ/scale/window" : 500,
		"gyroZ/scale/input/max" : 0.0,
		"gyroZ/scale/input/min" : 0.0,
		"gyroZ/schmitt/debounce" : 0,
		"gyroZ/schmitt/lower" : 0.0,
		"gyroZ/schmitt/on" : 0.0,
		"gyroZ/schmitt/ramp" : 0,
		"gyroZ/schmitt/upper" : 0.0,
		"gyroZ/slide/down" : 0,
		"gyroZ/slide/up" : 0,
		"gyroZroute/abs" : 0.0,
		"gyroZroute/abs2" : 0.0,
		"gyroZroute/namespacebrowser/local_receive" : "1017-front",
		"gyroZroute/namespacebrowser/nodeAddress" : "none",
		"gyroZroute/namespacebrowser/origin" : [ 0.0, 0.0 ],
		"gyroZroute/offset" : 0.0,
		"gyroZroute/offset2" : 0.0,
		"gyroZroute/scalebypass" : 1.0,
		"gyroZroute/input/max" : 1.0,
		"gyroZroute/input/min" : 0.0,
		"gyroZroute/output/max" : 1.0,
		"gyroZroute/output/min" : 0.0,
		"navrand1/grain" : 10,
		"navrand1/interpolate" : 500,
		"navrand1/max" : 1.0,
		"navrand1/min" : 0.0,
		"navrand1/on" : 1.0,
		"navrand1/step" : 1.0,
		"navrand1/out/final" : 0.837,
		"navrand1/out/final/int" : 837,
		"navrand1/out/pre-interpolation" : 0.855,
		"navrand1/rate/max" : 1000,
		"navrand1/rate/min" : 30,
		"ngimu_r1/barometer" : 1009.035582999999974,
		"ngimu_r1/barometer/active" : 1.0,
		"ngimu_r1/acc/pitch" : -0.772013,
		"ngimu_r1/acc/pitch/active" : 1.0,
		"ngimu_r1/acc/pitch/invert" : 0.0,
		"ngimu_r1/acc/pitch/offset" : 0.0,
		"ngimu_r1/acc/preview" : 1.0,
		"ngimu_r1/acc/roll" : -0.742908,
		"ngimu_r1/acc/roll/active" : 1.0,
		"ngimu_r1/acc/roll/invert" : 0.0,
		"ngimu_r1/acc/roll/offset" : 0.0,
		"ngimu_r1/acc/magnitude/active" : 1.0,
		"ngimu_r1/acc/magnitude/norm" : 0.0,
		"ngimu_r1/acc/magnitude/raw" : 0.0,
		"ngimu_r1/acc/orientation/preview" : 0.0,
		"ngimu_r1/acc/qom/norm" : 0.00031,
		"ngimu_r1/acc/qom/raw" : 0.114443,
		"ngimu_r1/acc/x/active" : 1.0,
		"ngimu_r1/acc/x/norm" : -0.044019,
		"ngimu_r1/acc/x/raw" : -0.704298,
		"ngimu_r1/acc/x/qom/norm" : 0.00031,
		"ngimu_r1/acc/x/qom/raw" : 0.009935,
		"ngimu_r1/acc/y/active" : 1.0,
		"ngimu_r1/acc/y/norm" : 0.245218,
		"ngimu_r1/acc/y/raw" : 3.923485,
		"ngimu_r1/acc/y/qom/norm" : 0.000909,
		"ngimu_r1/acc/y/qom/raw" : 0.029089,
		"ngimu_r1/acc/z/active" : 1.0,
		"ngimu_r1/acc/z/norm" : 0.130097,
		"ngimu_r1/acc/z/raw" : 2.081559,
		"ngimu_r1/acc/z/qom/norm" : 0.000469,
		"ngimu_r1/acc/z/qom/raw" : 0.015002,
		"ngimu_r1/altitude/active" : 1.0,
		"ngimu_r1/altitude/preview" : 0.0,
		"ngimu_r1/altitude/raw" : 36.357861,
		"ngimu_r1/battery/charge" : 0.0,
		"ngimu_r1/battery/current" : 274.375,
		"ngimu_r1/battery/percentage" : 0.394531,
		"ngimu_r1/battery/time" : 65.0625,
		"ngimu_r1/battery/voltage" : 3.655625,
		"ngimu_r1/earth/preview" : 0.0,
		"ngimu_r1/earth/x/active" : 1.0,
		"ngimu_r1/earth/x/norm" : 0.0,
		"ngimu_r1/earth/x/raw" : 0.0,
		"ngimu_r1/earth/y/active" : 1.0,
		"ngimu_r1/earth/y/norm" : 0.0,
		"ngimu_r1/earth/y/raw" : 0.0,
		"ngimu_r1/earth/z/active" : 1.0,
		"ngimu_r1/earth/z/norm" : 0.0,
		"ngimu_r1/earth/z/raw" : 0.0,
		"ngimu_r1/euler/preview" : 0.0,
		"ngimu_r1/euler/pitch/active" : 1.0,
		"ngimu_r1/euler/pitch/norm" : -0.095529,
		"ngimu_r1/euler/pitch/raw" : -17.195307,
		"ngimu_r1/euler/roll/active" : 1.0,
		"ngimu_r1/euler/roll/norm" : 0.446075,
		"ngimu_r1/euler/roll/raw" : 80.293587000000002,
		"ngimu_r1/euler/yaw/active" : 1.0,
		"ngimu_r1/euler/yaw/norm" : 0.597361,
		"ngimu_r1/euler/yaw/raw" : 107.524979000000002,
		"ngimu_r1/gyro/preview" : 0.0,
		"ngimu_r1/gyro/magnitude/active" : 1.0,
		"ngimu_r1/gyro/magnitude/norm" : 0.0,
		"ngimu_r1/gyro/magnitude/raw" : 0.0,
		"ngimu_r1/gyro/qom/norm" : 0.001115,
		"ngimu_r1/gyro/qom/raw" : 11.978107,
		"ngimu_r1/gyro/x/active" : 1.0,
		"ngimu_r1/gyro/x/norm" : 0.284212,
		"ngimu_r1/gyro/x/raw" : 570.698425000000043,
		"ngimu_r1/gyro/x/qom/norm" : 0.000994,
		"ngimu_r1/gyro/x/qom/raw" : 3.992702,
		"ngimu_r1/gyro/y/active" : 1.0,
		"ngimu_r1/gyro/y/norm" : 0.016473,
		"ngimu_r1/gyro/y/raw" : 33.078510000000001,
		"ngimu_r1/gyro/y/qom/norm" : 0.001257,
		"ngimu_r1/gyro/y/qom/raw" : 5.049536,
		"ngimu_r1/gyro/z/active" : 1.0,
		"ngimu_r1/gyro/z/norm" : 0.065925,
		"ngimu_r1/gyro/z/raw" : 132.376891999999998,
		"ngimu_r1/gyro/z/qom/norm" : 0.000198,
		"ngimu_r1/gyro/z/qom/raw" : 0.7959,
		"ngimu_r1/linear/preview" : 0.0,
		"ngimu_r1/linear/x/active" : 1.0,
		"ngimu_r1/linear/x/norm" : 0.0,
		"ngimu_r1/linear/x/raw" : 0.0,
		"ngimu_r1/linear/y/active" : 1.0,
		"ngimu_r1/linear/y/norm" : 0.0,
		"ngimu_r1/linear/y/raw" : 0.0,
		"ngimu_r1/linear/z/active" : 1.0,
		"ngimu_r1/linear/z/norm" : 0.0,
		"ngimu_r1/linear/z/raw" : 0.0,
		"ngimu_r1/mag/preview" : 1.0,
		"ngimu_r1/mag/qom" : 0.0,
		"ngimu_r1/mag/magnitude/active" : 1.0,
		"ngimu_r1/mag/magnitude/raw" : 0.0,
		"ngimu_r1/mag/magnitude/scaled" : 0.0,
		"ngimu_r1/mag/x/active" : 1.0,
		"ngimu_r1/mag/x/qom" : 0.0,
		"ngimu_r1/mag/x/raw" : 3.689869,
		"ngimu_r1/mag/y/active" : 1.0,
		"ngimu_r1/mag/y/qom" : 0.0,
		"ngimu_r1/mag/y/raw" : -54.529015000000001,
		"ngimu_r1/mag/z/active" : 1.0,
		"ngimu_r1/mag/z/qom" : 0.0,
		"ngimu_r1/mag/z/raw" : -3.886998,
		"ngimu_r1/magnitudes/preview" : 0.0,
		"ngimu_r1/matrix/preview" : 0.0,
		"ngimu_r1/matrix/xx/active" : 1.0,
		"ngimu_r1/matrix/xx/raw" : 0.0,
		"ngimu_r1/matrix/xy/active" : 1.0,
		"ngimu_r1/matrix/xy/raw" : 0.0,
		"ngimu_r1/matrix/xz/active" : 1.0,
		"ngimu_r1/matrix/xz/raw" : 0.0,
		"ngimu_r1/matrix/yx/active" : 1.0,
		"ngimu_r1/matrix/yx/raw" : 0.0,
		"ngimu_r1/matrix/yy/active" : 1.0,
		"ngimu_r1/matrix/yy/raw" : 0.0,
		"ngimu_r1/matrix/yz/active" : 1.0,
		"ngimu_r1/matrix/yz/raw" : 0.0,
		"ngimu_r1/matrix/zx/active" : 1.0,
		"ngimu_r1/matrix/zx/raw" : 0.0,
		"ngimu_r1/matrix/zy/active" : 1.0,
		"ngimu_r1/matrix/zy/raw" : 0.0,
		"ngimu_r1/matrix/zz/active" : 1.0,
		"ngimu_r1/matrix/zz/raw" : 0.0,
		"ngimu_r1/port/in" : 7800,
		"ngimu_r1/quaternion/preview" : 0.0,
		"ngimu_r1/quaternion/w/active" : 1.0,
		"ngimu_r1/quaternion/w/raw" : 0.264067,
		"ngimu_r1/quaternion/x/active" : 1.0,
		"ngimu_r1/quaternion/x/raw" : 0.852409,
		"ngimu_r1/quaternion/y/active" : 1.0,
		"ngimu_r1/quaternion/y/raw" : -0.356303,
		"ngimu_r1/quaternion/z/active" : 1.0,
		"ngimu_r1/quaternion/z/raw" : 0.270819,
		"ngimu_r1/rssi/dbm" : 0.0,
		"ngimu_r1/rssi/dbm/active" : 1.0,
		"ngimu_r1/rssi/percent" : 0.0,
		"ngimu_r1/rssi/percent/active" : 1.0,
		"ngimu_r1/temperature/processor" : 38.243999000000002,
		"ngimu_r1/temperature/processor/active" : 1.0,
		"ngimu_r1/temperature/sensors" : 31.207999999999998,
		"ngimu_r1/temperature/sensors/active" : 1.0,
		"ngimu_r2/barometer" : 1009.030578999999989,
		"ngimu_r2/barometer/active" : 1.0,
		"ngimu_r2/acc/pitch" : 0.050657,
		"ngimu_r2/acc/pitch/active" : 1.0,
		"ngimu_r2/acc/pitch/invert" : 0.0,
		"ngimu_r2/acc/pitch/offset" : 0.0,
		"ngimu_r2/acc/preview" : 0.0,
		"ngimu_r2/acc/roll" : 0.007094,
		"ngimu_r2/acc/roll/active" : 1.0,
		"ngimu_r2/acc/roll/invert" : 0.0,
		"ngimu_r2/acc/roll/offset" : 0.0,
		"ngimu_r2/acc/magnitude/active" : 1.0,
		"ngimu_r2/acc/magnitude/norm" : 0.0,
		"ngimu_r2/acc/magnitude/raw" : 0.0,
		"ngimu_r2/acc/orientation/preview" : 0.0,
		"ngimu_r2/acc/qom/norm" : 0.0,
		"ngimu_r2/acc/qom/raw" : -1.0,
		"ngimu_r2/acc/x/active" : 1.0,
		"ngimu_r2/acc/x/norm" : 0.00144,
		"ngimu_r2/acc/x/raw" : 0.023047,
		"ngimu_r2/acc/x/qom/norm" : 0.0,
		"ngimu_r2/acc/x/qom/raw" : 0.0,
		"ngimu_r2/acc/y/active" : 1.0,
		"ngimu_r2/acc/y/norm" : 0.000879,
		"ngimu_r2/acc/y/raw" : 0.01407,
		"ngimu_r2/acc/y/qom/norm" : 0.0,
		"ngimu_r2/acc/y/qom/raw" : 0.0,
		"ngimu_r2/acc/z/active" : 1.0,
		"ngimu_r2/acc/z/norm" : -0.063384,
		"ngimu_r2/acc/z/raw" : -1.014147,
		"ngimu_r2/acc/z/qom/norm" : 0.0,
		"ngimu_r2/acc/z/qom/raw" : 0.0,
		"ngimu_r2/altitude/active" : 1.0,
		"ngimu_r2/altitude/preview" : 0.0,
		"ngimu_r2/altitude/raw" : 0.0,
		"ngimu_r2/battery/charge" : 0.0,
		"ngimu_r2/battery/current" : 270.625,
		"ngimu_r2/battery/percentage" : 0.918945,
		"ngimu_r2/battery/time" : 178.40625,
		"ngimu_r2/battery/voltage" : 4.00375,
		"ngimu_r2/earth/preview" : 0.0,
		"ngimu_r2/earth/x/active" : 1.0,
		"ngimu_r2/earth/x/norm" : 0.0,
		"ngimu_r2/earth/x/raw" : 0.0,
		"ngimu_r2/earth/y/active" : 1.0,
		"ngimu_r2/earth/y/norm" : 0.0,
		"ngimu_r2/earth/y/raw" : 0.0,
		"ngimu_r2/earth/z/active" : 1.0,
		"ngimu_r2/earth/z/norm" : 0.0,
		"ngimu_r2/earth/z/raw" : 0.0,
		"ngimu_r2/euler/preview" : 0.0,
		"ngimu_r2/euler/pitch/active" : 1.0,
		"ngimu_r2/euler/pitch/norm" : 0.0,
		"ngimu_r2/euler/pitch/raw" : 0.0,
		"ngimu_r2/euler/roll/active" : 1.0,
		"ngimu_r2/euler/roll/norm" : 0.0,
		"ngimu_r2/euler/roll/raw" : 0.0,
		"ngimu_r2/euler/yaw/active" : 1.0,
		"ngimu_r2/euler/yaw/norm" : 0.0,
		"ngimu_r2/euler/yaw/raw" : 0.0,
		"ngimu_r2/gyro/preview" : 0.0,
		"ngimu_r2/gyro/magnitude/active" : 1.0,
		"ngimu_r2/gyro/magnitude/norm" : 0.0,
		"ngimu_r2/gyro/magnitude/raw" : 0.0,
		"ngimu_r2/gyro/qom/norm" : 0.0,
		"ngimu_r2/gyro/qom/raw" : 0.0,
		"ngimu_r2/gyro/x/active" : 1.0,
		"ngimu_r2/gyro/x/norm" : -0.000075,
		"ngimu_r2/gyro/x/raw" : -0.150841,
		"ngimu_r2/gyro/x/qom/norm" : 0.0,
		"ngimu_r2/gyro/x/qom/raw" : 0.0,
		"ngimu_r2/gyro/y/active" : 1.0,
		"ngimu_r2/gyro/y/norm" : 0.000087,
		"ngimu_r2/gyro/y/raw" : 0.173904,
		"ngimu_r2/gyro/y/qom/norm" : 0.0,
		"ngimu_r2/gyro/y/qom/raw" : 0.0,
		"ngimu_r2/gyro/z/active" : 1.0,
		"ngimu_r2/gyro/z/norm" : 0.000038,
		"ngimu_r2/gyro/z/raw" : 0.075822,
		"ngimu_r2/gyro/z/qom/norm" : 0.0,
		"ngimu_r2/gyro/z/qom/raw" : 0.0,
		"ngimu_r2/linear/preview" : 0.0,
		"ngimu_r2/linear/x/active" : 1.0,
		"ngimu_r2/linear/x/norm" : 0.0,
		"ngimu_r2/linear/x/raw" : 0.0,
		"ngimu_r2/linear/y/active" : 1.0,
		"ngimu_r2/linear/y/norm" : 0.0,
		"ngimu_r2/linear/y/raw" : 0.0,
		"ngimu_r2/linear/z/active" : 1.0,
		"ngimu_r2/linear/z/norm" : 0.0,
		"ngimu_r2/linear/z/raw" : 0.0,
		"ngimu_r2/mag/preview" : 0.0,
		"ngimu_r2/mag/qom" : 0.0,
		"ngimu_r2/mag/magnitude/active" : 1.0,
		"ngimu_r2/mag/magnitude/raw" : 0.0,
		"ngimu_r2/mag/magnitude/scaled" : 0.0,
		"ngimu_r2/mag/x/active" : 1.0,
		"ngimu_r2/mag/x/qom" : 0.0,
		"ngimu_r2/mag/x/raw" : -25.364858999999999,
		"ngimu_r2/mag/y/active" : 1.0,
		"ngimu_r2/mag/y/qom" : 0.0,
		"ngimu_r2/mag/y/raw" : -23.344131000000001,
		"ngimu_r2/mag/z/active" : 1.0,
		"ngimu_r2/mag/z/qom" : 0.0,
		"ngimu_r2/mag/z/raw" : 30.953329,
		"ngimu_r2/magnitudes/preview" : 0.0,
		"ngimu_r2/matrix/preview" : 0.0,
		"ngimu_r2/matrix/xx/active" : 1.0,
		"ngimu_r2/matrix/xx/raw" : 0.0,
		"ngimu_r2/matrix/xy/active" : 1.0,
		"ngimu_r2/matrix/xy/raw" : 0.0,
		"ngimu_r2/matrix/xz/active" : 1.0,
		"ngimu_r2/matrix/xz/raw" : 0.0,
		"ngimu_r2/matrix/yx/active" : 1.0,
		"ngimu_r2/matrix/yx/raw" : 0.0,
		"ngimu_r2/matrix/yy/active" : 1.0,
		"ngimu_r2/matrix/yy/raw" : 0.0,
		"ngimu_r2/matrix/yz/active" : 1.0,
		"ngimu_r2/matrix/yz/raw" : 0.0,
		"ngimu_r2/matrix/zx/active" : 1.0,
		"ngimu_r2/matrix/zx/raw" : 0.0,
		"ngimu_r2/matrix/zy/active" : 1.0,
		"ngimu_r2/matrix/zy/raw" : 0.0,
		"ngimu_r2/matrix/zz/active" : 1.0,
		"ngimu_r2/matrix/zz/raw" : 0.0,
		"ngimu_r2/port/in" : 7801,
		"ngimu_r2/quaternion/preview" : 0.0,
		"ngimu_r2/quaternion/w/active" : 1.0,
		"ngimu_r2/quaternion/w/raw" : 0.008966,
		"ngimu_r2/quaternion/x/active" : 1.0,
		"ngimu_r2/quaternion/x/raw" : -0.353248,
		"ngimu_r2/quaternion/y/active" : 1.0,
		"ngimu_r2/quaternion/y/raw" : 0.933682,
		"ngimu_r2/quaternion/z/active" : 1.0,
		"ngimu_r2/quaternion/z/raw" : 0.000841,
		"ngimu_r2/rssi/dbm" : 0.0,
		"ngimu_r2/rssi/dbm/active" : 1.0,
		"ngimu_r2/rssi/percent" : 0.0,
		"ngimu_r2/rssi/percent/active" : 1.0,
		"ngimu_r2/temperature/processor" : 40.658000999999999,
		"ngimu_r2/temperature/processor/active" : 1.0,
		"ngimu_r2/temperature/sensors" : 31.690000999999999,
		"ngimu_r2/temperature/sensors/active" : 1.0,
		"oscoutput1/address" : "127.0.0.1",
		"oscoutput1/oscoutput1-oscroute/abs" : 0.0,
		"oscoutput1/oscoutput1-oscroute/abs2" : 0.0,
		"oscoutput1/oscoutput1-oscroute/namespacebrowser/local_receive" : "1243-front",
		"oscoutput1/oscoutput1-oscroute/namespacebrowser/nodeAddress" : "/ngimu_r1/acc/x/raw",
		"oscoutput1/oscoutput1-oscroute/namespacebrowser/origin" : [ 262.0, 85.0 ],
		"oscoutput1/oscoutput1-oscroute/offset" : 0.0,
		"oscoutput1/oscoutput1-oscroute/offset2" : 0.0,
		"oscoutput1/oscoutput1-oscroute/scalebypass" : 1.0,
		"oscoutput1/oscoutput1-oscroute/settingList" : [ 1, 0.0, 0.0, 0.0, "s", 0, "s", 0.0, "s", 0.0, "s", "s" ],
		"oscoutput1/oscoutput1-oscroute/input/max" : 1.0,
		"oscoutput1/oscoutput1-oscroute/input/min" : 0.0,
		"oscoutput1/oscoutput1-oscroute/output/max" : 1.0,
		"oscoutput1/oscoutput1-oscroute/output/min" : 0.0,
		"oscoutput1/port" : 8801,
		"oscoutput1/prepend" : "/value/",
		"oscoutput1/sig" : 0.0,
		"oscoutput2/address" : "127.0.0.1",
		"oscoutput2/oscoutput2-oscroute/abs" : 0.0,
		"oscoutput2/oscoutput2-oscroute/abs2" : 0.0,
		"oscoutput2/oscoutput2-oscroute/namespacebrowser/local_receive" : "1233-front",
		"oscoutput2/oscoutput2-oscroute/namespacebrowser/nodeAddress" : "/ngimu_r1/acc/y/raw",
		"oscoutput2/oscoutput2-oscroute/namespacebrowser/origin" : [ 262.0, 114.0 ],
		"oscoutput2/oscoutput2-oscroute/offset" : 0.0,
		"oscoutput2/oscoutput2-oscroute/offset2" : 0.0,
		"oscoutput2/oscoutput2-oscroute/scalebypass" : 1.0,
		"oscoutput2/oscoutput2-oscroute/settingList" : [ 1, 0.0, 0.0, 0.0, "s", 0, "s", 0.0, "s", 0.0, "s", "s" ],
		"oscoutput2/oscoutput2-oscroute/input/max" : 1.0,
		"oscoutput2/oscoutput2-oscroute/input/min" : 0.0,
		"oscoutput2/oscoutput2-oscroute/output/max" : 1.0,
		"oscoutput2/oscoutput2-oscroute/output/min" : 0.0,
		"oscoutput2/port" : 8802,
		"oscoutput2/prepend" : "/value/",
		"oscoutput2/sig" : 0.0,
		"oscoutput3/address" : "127.0.0.1",
		"oscoutput3/oscoutput3-oscroute/abs" : 0.0,
		"oscoutput3/oscoutput3-oscroute/abs2" : 0.0,
		"oscoutput3/oscoutput3-oscroute/namespacebrowser/local_receive" : "1223-front",
		"oscoutput3/oscoutput3-oscroute/namespacebrowser/nodeAddress" : "/ngimu_r1/acc/z/raw",
		"oscoutput3/oscoutput3-oscroute/namespacebrowser/origin" : [ 262.0, 146.0 ],
		"oscoutput3/oscoutput3-oscroute/offset" : 0.0,
		"oscoutput3/oscoutput3-oscroute/offset2" : 0.0,
		"oscoutput3/oscoutput3-oscroute/scalebypass" : 1.0,
		"oscoutput3/oscoutput3-oscroute/settingList" : [ 1, 0.0, 0.0, 0.0, "s", 0, "s", 0.0, "s", 0.0, "s", "s" ],
		"oscoutput3/oscoutput3-oscroute/input/max" : 1.0,
		"oscoutput3/oscoutput3-oscroute/input/min" : 0.0,
		"oscoutput3/oscoutput3-oscroute/output/max" : 1.0,
		"oscoutput3/oscoutput3-oscroute/output/min" : 0.0,
		"oscoutput3/port" : 8803,
		"oscoutput3/prepend" : "/value/",
		"oscoutput3/sig" : 0.0,
		"oscoutput4/address" : "127.0.0.1",
		"oscoutput4/oscoutput4-oscroute/abs" : 0.0,
		"oscoutput4/oscoutput4-oscroute/abs2" : 0.0,
		"oscoutput4/oscoutput4-oscroute/namespacebrowser/local_receive" : "1213-front",
		"oscoutput4/oscoutput4-oscroute/namespacebrowser/nodeAddress" : "/ngimu_r1/gyro/x/raw",
		"oscoutput4/oscoutput4-oscroute/namespacebrowser/origin" : [ 262.0, 178.0 ],
		"oscoutput4/oscoutput4-oscroute/offset" : 0.0,
		"oscoutput4/oscoutput4-oscroute/offset2" : 0.0,
		"oscoutput4/oscoutput4-oscroute/scalebypass" : 1.0,
		"oscoutput4/oscoutput4-oscroute/settingList" : [ 1, 0.0, 0.0, 0.0, "s", 0, "s", 0.0, "s", 0.0, "s", "s" ],
		"oscoutput4/oscoutput4-oscroute/input/max" : 1.0,
		"oscoutput4/oscoutput4-oscroute/input/min" : 0.0,
		"oscoutput4/oscoutput4-oscroute/output/max" : 1.0,
		"oscoutput4/oscoutput4-oscroute/output/min" : 0.0,
		"oscoutput4/port" : 8804,
		"oscoutput4/prepend" : "/value/",
		"oscoutput4/sig" : 0.0,
		"oscoutput5/address" : "127.0.0.1",
		"oscoutput5/oscoutput5-oscroute/abs" : 0.0,
		"oscoutput5/oscoutput5-oscroute/abs2" : 0.0,
		"oscoutput5/oscoutput5-oscroute/namespacebrowser/local_receive" : "1203-front",
		"oscoutput5/oscoutput5-oscroute/namespacebrowser/nodeAddress" : "/ngimu_r1/gyro/y/raw",
		"oscoutput5/oscoutput5-oscroute/namespacebrowser/origin" : [ 262.0, 210.0 ],
		"oscoutput5/oscoutput5-oscroute/offset" : 0.0,
		"oscoutput5/oscoutput5-oscroute/offset2" : 0.0,
		"oscoutput5/oscoutput5-oscroute/scalebypass" : 1.0,
		"oscoutput5/oscoutput5-oscroute/settingList" : [ 1, 0.0, 0.0, 0.0, "s", 0, "s", 0.0, "s", 0.0, "s", "s" ],
		"oscoutput5/oscoutput5-oscroute/input/max" : 1.0,
		"oscoutput5/oscoutput5-oscroute/input/min" : 0.0,
		"oscoutput5/oscoutput5-oscroute/output/max" : 1.0,
		"oscoutput5/oscoutput5-oscroute/output/min" : 0.0,
		"oscoutput5/port" : 8805,
		"oscoutput5/prepend" : "/value/",
		"oscoutput5/sig" : 0.0,
		"oscoutput6/address" : "127.0.0.1",
		"oscoutput6/oscoutput6-oscroute/abs" : 0.0,
		"oscoutput6/oscoutput6-oscroute/abs2" : 0.0,
		"oscoutput6/oscoutput6-oscroute/namespacebrowser/local_receive" : "1193-front",
		"oscoutput6/oscoutput6-oscroute/namespacebrowser/nodeAddress" : "/ngimu_r1/gyro/z/raw",
		"oscoutput6/oscoutput6-oscroute/namespacebrowser/origin" : [ 262.0, 242.0 ],
		"oscoutput6/oscoutput6-oscroute/offset" : 0.0,
		"oscoutput6/oscoutput6-oscroute/offset2" : 0.0,
		"oscoutput6/oscoutput6-oscroute/scalebypass" : 1.0,
		"oscoutput6/oscoutput6-oscroute/settingList" : [ 1, 0.0, 0.0, 0.0, "s", 0, "s", 0.0, "s", 0.0, "s", "s" ],
		"oscoutput6/oscoutput6-oscroute/input/max" : 1.0,
		"oscoutput6/oscoutput6-oscroute/input/min" : 0.0,
		"oscoutput6/oscoutput6-oscroute/output/max" : 1.0,
		"oscoutput6/oscoutput6-oscroute/output/min" : 0.0,
		"oscoutput6/port" : 8806,
		"oscoutput6/prepend" : "/value/",
		"oscoutput6/sig" : 0.0,
		"oscoutput7/address" : "127.0.0.1",
		"oscoutput7/oscoutput7-oscroute/abs" : 0.0,
		"oscoutput7/oscoutput7-oscroute/abs2" : 0.0,
		"oscoutput7/oscoutput7-oscroute/namespacebrowser/local_receive" : "1183-front",
		"oscoutput7/oscoutput7-oscroute/namespacebrowser/nodeAddress" : "/wheel/acc/avg",
		"oscoutput7/oscoutput7-oscroute/namespacebrowser/origin" : [ 262.0, 274.0 ],
		"oscoutput7/oscoutput7-oscroute/offset" : 0.0,
		"oscoutput7/oscoutput7-oscroute/offset2" : 0.0,
		"oscoutput7/oscoutput7-oscroute/scalebypass" : 1.0,
		"oscoutput7/oscoutput7-oscroute/input/max" : 1.0,
		"oscoutput7/oscoutput7-oscroute/input/min" : 0.0,
		"oscoutput7/oscoutput7-oscroute/output/max" : 1.0,
		"oscoutput7/oscoutput7-oscroute/output/min" : 0.0,
		"oscoutput7/port" : 8807,
		"oscoutput7/prepend" : "/value/",
		"oscoutput7/sig" : 0.0,
		"oscoutput8/address" : "127.0.0.1",
		"oscoutput8/oscoutput8-oscroute/abs" : 0.0,
		"oscoutput8/oscoutput8-oscroute/abs2" : 0.0,
		"oscoutput8/oscoutput8-oscroute/namespacebrowser/local_receive" : "1009-front",
		"oscoutput8/oscoutput8-oscroute/namespacebrowser/nodeAddress" : "/wheel/gyro/avg",
		"oscoutput8/oscoutput8-oscroute/namespacebrowser/origin" : [ 262.0, 305.0 ],
		"oscoutput8/oscoutput8-oscroute/offset" : 0.0,
		"oscoutput8/oscoutput8-oscroute/offset2" : 0.0,
		"oscoutput8/oscoutput8-oscroute/scalebypass" : 1.0,
		"oscoutput8/oscoutput8-oscroute/input/max" : 1.0,
		"oscoutput8/oscoutput8-oscroute/input/min" : 0.0,
		"oscoutput8/oscoutput8-oscroute/output/max" : 1.0,
		"oscoutput8/oscoutput8-oscroute/output/min" : 0.0,
		"oscoutput8/port" : 8808,
		"oscoutput8/prepend" : "/value/",
		"oscoutput8/sig" : 0.0,
		"wheel/acc/avg" : -0.05444,
		"wheel/acc/qom" : 0.346023,
		"wheel/acc/shake" : 0.794823,
		"wheel/acc/x" : 0.056501,
		"wheel/acc/y" : 1.746122,
		"wheel/acc/z" : 0.994543,
		"wheel/gyro/avg" : 0.598259,
		"wheel/gyro/qom" : 0.64451,
		"wheel/gyro/shake" : 0.628116,
		"wheel/gyro/x" : 1.996515,
		"wheel/gyro/y" : 0.258869,
		"wheel/gyro/z" : -0.176893
	}

}
