{
	"cue1" : 	{
		"accavg/function" : "*",
		"accavg/function/parameter1" : 0.0,
		"accavg/function/parameter2" : 0.0,
		"accavg/function/symmetry" : "*",
		"accavg/abs" : 0.0,
		"accavg/abs2" : 0.0,
		"accavg/action" : 0.0,
		"accavg/clip" : 0,
		"accavg/delta1" : -0.000317,
		"accavg/delta2" : 0.0,
		"accavg/diffMode" : 0,
		"accavg/minMax" : [ -0.971811, 2.830423 ],
		"accavg/offset" : 0.0,
		"accavg/pre-offset" : 0.0,
		"accavg/QoM" : 0.000317,
		"accavg/schmitTrig" : 0.0,
		"accavg/velocity" : 0.0,
		"accavg/visualize" : 0.0,
		"accavg/filter/mode" : 0,
		"accavg/filter/samples" : 0,
		"accavg/out/filtered" : -0.438783,
		"accavg/out/filtered/scaled" : 0.140188,
		"accavg/out/final" : 0.140188,
		"accavg/pre-slide/down" : 0,
		"accavg/pre-slide/up" : 0,
		"accavg/ramp/grain" : 0,
		"accavg/ramp/time" : 0,
		"accavg/scale/max" : 0.0,
		"accavg/scale/min" : 0.0,
		"accavg/scale/mode" : 0,
		"accavg/scale/window" : 0,
		"accavg/scale/input/max" : 0.0,
		"accavg/scale/input/min" : 0.0,
		"accavg/schmitt/debounce" : 0,
		"accavg/schmitt/lower" : 0.0,
		"accavg/schmitt/on" : 0.0,
		"accavg/schmitt/ramp" : 0,
		"accavg/schmitt/upper" : 0.0,
		"accavg/slide/down" : 0,
		"accavg/slide/up" : 0,
		"accX/function" : "*",
		"accX/function/parameter1" : 0.0,
		"accX/function/parameter2" : 0.0,
		"accX/function/symmetry" : "*",
		"accX/abs" : 0.0,
		"accX/abs2" : 0.0,
		"accX/action" : 0.0,
		"accX/clip" : 0,
		"accX/delta1" : 0.0,
		"accX/delta2" : 0.0,
		"accX/diffMode" : 0,
		"accX/minMax" : [ 0.0, 0.0 ],
		"accX/offset" : 0.0,
		"accX/pre-offset" : 0.0,
		"accX/QoM" : 0.0,
		"accX/schmitTrig" : 0.0,
		"accX/velocity" : 0.0,
		"accX/visualize" : 0.0,
		"accX/filter/mode" : 0,
		"accX/filter/samples" : 0,
		"accX/out/filtered" : 0.0,
		"accX/out/filtered/scaled" : 0.0,
		"accX/out/final" : 0.5391,
		"accX/pre-slide/down" : 0,
		"accX/pre-slide/up" : 0,
		"accX/ramp/grain" : 0,
		"accX/ramp/time" : 0,
		"accX/scale/max" : 0.0,
		"accX/scale/min" : 0.0,
		"accX/scale/mode" : 0,
		"accX/scale/window" : 0,
		"accX/scale/input/max" : 0.0,
		"accX/scale/input/min" : 0.0,
		"accX/schmitt/debounce" : 0,
		"accX/schmitt/lower" : 0.0,
		"accX/schmitt/on" : 0.0,
		"accX/schmitt/ramp" : 0,
		"accX/schmitt/upper" : 0.0,
		"accX/slide/down" : 0,
		"accX/slide/up" : 0,
		"accXroute/abs" : 0.0,
		"accXroute/abs2" : 0.0,
		"accXroute/namespacebrowser/local_receive" : "1077-front",
		"accXroute/namespacebrowser/nodeAddress" : "none",
		"accXroute/namespacebrowser/origin" : [ 0.0, 0.0 ],
		"accXroute/offset" : 0.0,
		"accXroute/offset2" : 0.0,
		"accXroute/scalebypass" : 1.0,
		"accXroute/input/max" : 1.0,
		"accXroute/input/min" : 0.0,
		"accXroute/output/max" : 1.0,
		"accXroute/output/min" : 0.0,
		"accY/function" : "*",
		"accY/function/parameter1" : 0.0,
		"accY/function/parameter2" : 0.0,
		"accY/function/symmetry" : "*",
		"accY/abs" : 0.0,
		"accY/abs2" : 0.0,
		"accY/action" : 0.0,
		"accY/clip" : 0,
		"accY/delta1" : 0.0,
		"accY/delta2" : 0.0,
		"accY/diffMode" : 0,
		"accY/minMax" : [ 0.0, 0.0 ],
		"accY/offset" : 0.0,
		"accY/pre-offset" : 0.0,
		"accY/QoM" : 0.0,
		"accY/schmitTrig" : 0.0,
		"accY/velocity" : 0.0,
		"accY/visualize" : 0.0,
		"accY/filter/mode" : 0,
		"accY/filter/samples" : 0,
		"accY/out/filtered" : 0.0,
		"accY/out/filtered/scaled" : 0.0,
		"accY/out/final" : 0.5391,
		"accY/pre-slide/down" : 0,
		"accY/pre-slide/up" : 0,
		"accY/ramp/grain" : 0,
		"accY/ramp/time" : 0,
		"accY/scale/max" : 0.0,
		"accY/scale/min" : 0.0,
		"accY/scale/mode" : 0,
		"accY/scale/window" : 0,
		"accY/scale/input/max" : 0.0,
		"accY/scale/input/min" : 0.0,
		"accY/schmitt/debounce" : 0,
		"accY/schmitt/lower" : 0.0,
		"accY/schmitt/on" : 0.0,
		"accY/schmitt/ramp" : 0,
		"accY/schmitt/upper" : 0.0,
		"accY/slide/down" : 0,
		"accY/slide/up" : 0,
		"accYroute/abs" : 0.0,
		"accYroute/abs2" : 0.0,
		"accYroute/namespacebrowser/local_receive" : "1069-front",
		"accYroute/namespacebrowser/nodeAddress" : "none",
		"accYroute/namespacebrowser/origin" : [ 0.0, 0.0 ],
		"accYroute/offset" : 0.0,
		"accYroute/offset2" : 0.0,
		"accYroute/scalebypass" : 1.0,
		"accYroute/input/max" : 1.0,
		"accYroute/input/min" : 0.0,
		"accYroute/output/max" : 1.0,
		"accYroute/output/min" : 0.0,
		"accZ/function" : "*",
		"accZ/function/parameter1" : 0.0,
		"accZ/function/parameter2" : 0.0,
		"accZ/function/symmetry" : "*",
		"accZ/abs" : 0.0,
		"accZ/abs2" : 0.0,
		"accZ/action" : 0.0,
		"accZ/clip" : 0,
		"accZ/delta1" : 0.0,
		"accZ/delta2" : 0.0,
		"accZ/diffMode" : 0,
		"accZ/minMax" : [ 0.0, 0.0 ],
		"accZ/offset" : 0.0,
		"accZ/pre-offset" : 0.0,
		"accZ/QoM" : 0.0,
		"accZ/schmitTrig" : 0.0,
		"accZ/velocity" : 0.0,
		"accZ/visualize" : 0.0,
		"accZ/filter/mode" : 0,
		"accZ/filter/samples" : 0,
		"accZ/out/filtered" : 0.0,
		"accZ/out/filtered/scaled" : 0.0,
		"accZ/out/final" : 0.84,
		"accZ/pre-slide/down" : 0,
		"accZ/pre-slide/up" : 0,
		"accZ/ramp/grain" : 0,
		"accZ/ramp/time" : 0,
		"accZ/scale/max" : 0.0,
		"accZ/scale/min" : 0.0,
		"accZ/scale/mode" : 0,
		"accZ/scale/window" : 0,
		"accZ/scale/input/max" : 0.0,
		"accZ/scale/input/min" : 0.0,
		"accZ/schmitt/debounce" : 0,
		"accZ/schmitt/lower" : 0.0,
		"accZ/schmitt/on" : 0.0,
		"accZ/schmitt/ramp" : 0,
		"accZ/schmitt/upper" : 0.0,
		"accZ/slide/down" : 0,
		"accZ/slide/up" : 0,
		"accZroute/abs" : 0.0,
		"accZroute/abs2" : 0.0,
		"accZroute/namespacebrowser/local_receive" : "1061-front",
		"accZroute/namespacebrowser/nodeAddress" : "none",
		"accZroute/namespacebrowser/origin" : [ 0.0, 0.0 ],
		"accZroute/offset" : 0.0,
		"accZroute/offset2" : 0.0,
		"accZroute/scalebypass" : 1.0,
		"accZroute/input/max" : 1.0,
		"accZroute/input/min" : 0.0,
		"accZroute/output/max" : 1.0,
		"accZroute/output/min" : 0.0,
		"gyroavg/function" : "*",
		"gyroavg/function/parameter1" : 0.0,
		"gyroavg/function/parameter2" : 0.0,
		"gyroavg/function/symmetry" : "*",
		"gyroavg/abs" : 0.0,
		"gyroavg/abs2" : 0.0,
		"gyroavg/action" : 0.0,
		"gyroavg/clip" : 0,
		"gyroavg/delta1" : 0.0,
		"gyroavg/delta2" : 0.0,
		"gyroavg/diffMode" : 0,
		"gyroavg/minMax" : [ -258.165070000000014, 258.125427000000002 ],
		"gyroavg/offset" : 0.0,
		"gyroavg/pre-offset" : 0.0,
		"gyroavg/QoM" : 0.0,
		"gyroavg/schmitTrig" : 0.0,
		"gyroavg/velocity" : 0.0,
		"gyroavg/visualize" : 0.0,
		"gyroavg/filter/mode" : 0,
		"gyroavg/filter/samples" : 3,
		"gyroavg/out/filtered" : 0.11645,
		"gyroavg/out/filtered/scaled" : 0.500447,
		"gyroavg/out/final" : 0.000388,
		"gyroavg/pre-slide/down" : 0,
		"gyroavg/pre-slide/up" : 0,
		"gyroavg/ramp/grain" : 0,
		"gyroavg/ramp/time" : 0,
		"gyroavg/scale/max" : 1.0,
		"gyroavg/scale/min" : -1.0,
		"gyroavg/scale/mode" : 5,
		"gyroavg/scale/window" : 0,
		"gyroavg/scale/input/max" : 300.0,
		"gyroavg/scale/input/min" : -300.0,
		"gyroavg/schmitt/debounce" : 0,
		"gyroavg/schmitt/lower" : 0.0,
		"gyroavg/schmitt/on" : 0.0,
		"gyroavg/schmitt/ramp" : 0,
		"gyroavg/schmitt/upper" : 0.0,
		"gyroavg/slide/down" : 0,
		"gyroavg/slide/up" : 0,
		"gyroX/function" : "*",
		"gyroX/function/parameter1" : 0.0,
		"gyroX/function/parameter2" : 0.0,
		"gyroX/function/symmetry" : "*",
		"gyroX/abs" : 0.0,
		"gyroX/abs2" : 0.0,
		"gyroX/action" : 0.0,
		"gyroX/clip" : 0,
		"gyroX/delta1" : 0.0,
		"gyroX/delta2" : 0.0,
		"gyroX/diffMode" : 0,
		"gyroX/minMax" : [ 0.0, 0.0 ],
		"gyroX/offset" : 0.0,
		"gyroX/pre-offset" : 0.0,
		"gyroX/QoM" : 0.0,
		"gyroX/schmitTrig" : 0.0,
		"gyroX/velocity" : 0.0,
		"gyroX/visualize" : 0.0,
		"gyroX/filter/mode" : 0,
		"gyroX/filter/samples" : 0,
		"gyroX/out/filtered" : 0.0,
		"gyroX/out/filtered/scaled" : 0.0,
		"gyroX/out/final" : 0.5391,
		"gyroX/pre-slide/down" : 0,
		"gyroX/pre-slide/up" : 0,
		"gyroX/ramp/grain" : 0,
		"gyroX/ramp/time" : 0,
		"gyroX/scale/max" : 0.0,
		"gyroX/scale/min" : 0.0,
		"gyroX/scale/mode" : 0,
		"gyroX/scale/window" : 0,
		"gyroX/scale/input/max" : 0.0,
		"gyroX/scale/input/min" : 0.0,
		"gyroX/schmitt/debounce" : 0,
		"gyroX/schmitt/lower" : 0.0,
		"gyroX/schmitt/on" : 0.0,
		"gyroX/schmitt/ramp" : 0,
		"gyroX/schmitt/upper" : 0.0,
		"gyroX/slide/down" : 0,
		"gyroX/slide/up" : 0,
		"gyroXroute/abs" : 0.0,
		"gyroXroute/abs2" : 0.0,
		"gyroXroute/namespacebrowser/local_receive" : "1032-front",
		"gyroXroute/namespacebrowser/nodeAddress" : "none",
		"gyroXroute/namespacebrowser/origin" : [ 0.0, 0.0 ],
		"gyroXroute/offset" : 0.0,
		"gyroXroute/offset2" : 0.0,
		"gyroXroute/scalebypass" : 1.0,
		"gyroXroute/input/max" : 1.0,
		"gyroXroute/input/min" : 0.0,
		"gyroXroute/output/max" : 1.0,
		"gyroXroute/output/min" : 0.0,
		"gyroY/function" : "*",
		"gyroY/function/parameter1" : 0.0,
		"gyroY/function/parameter2" : 0.0,
		"gyroY/function/symmetry" : "*",
		"gyroY/abs" : 0.0,
		"gyroY/abs2" : 0.0,
		"gyroY/action" : 0.0,
		"gyroY/clip" : 0,
		"gyroY/delta1" : 0.0,
		"gyroY/delta2" : 0.0,
		"gyroY/diffMode" : 0,
		"gyroY/minMax" : [ 0.0, 0.0 ],
		"gyroY/offset" : 0.0,
		"gyroY/pre-offset" : 0.0,
		"gyroY/QoM" : 0.0,
		"gyroY/schmitTrig" : 0.0,
		"gyroY/velocity" : 0.0,
		"gyroY/visualize" : 0.0,
		"gyroY/filter/mode" : 0,
		"gyroY/filter/samples" : 0,
		"gyroY/out/filtered" : 0.0,
		"gyroY/out/filtered/scaled" : 0.0,
		"gyroY/out/final" : 0.84,
		"gyroY/pre-slide/down" : 0,
		"gyroY/pre-slide/up" : 0,
		"gyroY/ramp/grain" : 0,
		"gyroY/ramp/time" : 0,
		"gyroY/scale/max" : 0.0,
		"gyroY/scale/min" : 0.0,
		"gyroY/scale/mode" : 0,
		"gyroY/scale/window" : 0,
		"gyroY/scale/input/max" : 0.0,
		"gyroY/scale/input/min" : 0.0,
		"gyroY/schmitt/debounce" : 0,
		"gyroY/schmitt/lower" : 0.0,
		"gyroY/schmitt/on" : 0.0,
		"gyroY/schmitt/ramp" : 0,
		"gyroY/schmitt/upper" : 0.0,
		"gyroY/slide/down" : 0,
		"gyroY/slide/up" : 0,
		"gyroYroute/abs" : 0.0,
		"gyroYroute/abs2" : 0.0,
		"gyroYroute/namespacebrowser/local_receive" : "1024-front",
		"gyroYroute/namespacebrowser/nodeAddress" : "none",
		"gyroYroute/namespacebrowser/origin" : [ 0.0, 0.0 ],
		"gyroYroute/offset" : 0.0,
		"gyroYroute/offset2" : 0.0,
		"gyroYroute/scalebypass" : 1.0,
		"gyroYroute/input/max" : 1.0,
		"gyroYroute/input/min" : 0.0,
		"gyroYroute/output/max" : 1.0,
		"gyroYroute/output/min" : 0.0,
		"gyroZ/function" : "*",
		"gyroZ/function/parameter1" : 0.0,
		"gyroZ/function/parameter2" : 0.0,
		"gyroZ/function/symmetry" : "*",
		"gyroZ/abs" : 0.0,
		"gyroZ/abs2" : 0.0,
		"gyroZ/action" : 0.0,
		"gyroZ/clip" : 0,
		"gyroZ/delta1" : 0.0,
		"gyroZ/delta2" : 0.0,
		"gyroZ/diffMode" : 0,
		"gyroZ/minMax" : [ 0.0, 0.0 ],
		"gyroZ/offset" : 0.0,
		"gyroZ/pre-offset" : 0.0,
		"gyroZ/QoM" : 0.0,
		"gyroZ/schmitTrig" : 0.0,
		"gyroZ/velocity" : 0.0,
		"gyroZ/visualize" : 0.0,
		"gyroZ/filter/mode" : 0,
		"gyroZ/filter/samples" : 0,
		"gyroZ/out/filtered" : 0.0,
		"gyroZ/out/filtered/scaled" : 0.0,
		"gyroZ/out/final" : 0.84,
		"gyroZ/pre-slide/down" : 0,
		"gyroZ/pre-slide/up" : 0,
		"gyroZ/ramp/grain" : 0,
		"gyroZ/ramp/time" : 0,
		"gyroZ/scale/max" : 0.0,
		"gyroZ/scale/min" : 0.0,
		"gyroZ/scale/mode" : 0,
		"gyroZ/scale/window" : 0,
		"gyroZ/scale/input/max" : 0.0,
		"gyroZ/scale/input/min" : 0.0,
		"gyroZ/schmitt/debounce" : 0,
		"gyroZ/schmitt/lower" : 0.0,
		"gyroZ/schmitt/on" : 0.0,
		"gyroZ/schmitt/ramp" : 0,
		"gyroZ/schmitt/upper" : 0.0,
		"gyroZ/slide/down" : 0,
		"gyroZ/slide/up" : 0,
		"gyroZroute/abs" : 0.0,
		"gyroZroute/abs2" : 0.0,
		"gyroZroute/namespacebrowser/local_receive" : "1016-front",
		"gyroZroute/namespacebrowser/nodeAddress" : "none",
		"gyroZroute/namespacebrowser/origin" : [ 0.0, 0.0 ],
		"gyroZroute/offset" : 0.0,
		"gyroZroute/offset2" : 0.0,
		"gyroZroute/scalebypass" : 1.0,
		"gyroZroute/input/max" : 1.0,
		"gyroZroute/input/min" : 0.0,
		"gyroZroute/output/max" : 1.0,
		"gyroZroute/output/min" : 0.0,
		"navrand1/grain" : 10,
		"navrand1/interpolate" : 500,
		"navrand1/max" : 1.0,
		"navrand1/min" : 0.0,
		"navrand1/on" : 0.0,
		"navrand1/step" : 1.0,
		"navrand1/out/final" : 0.0,
		"navrand1/out/final/int" : 0,
		"navrand1/out/pre-interpolation" : 0.0,
		"navrand1/rate/max" : 1000,
		"navrand1/rate/min" : 30,
		"navvalues/navaccavg" : 0.0,
		"navvalues/navaccqom" : 0.0,
		"navvalues/navgyroavg" : 0.0,
		"navvalues/navgyroqom" : 0.0,
		"ngimu_r1/barometer" : 1004.991149999999948,
		"ngimu_r1/barometer/active" : 1.0,
		"ngimu_r1/acc/pitch" : 0.050657,
		"ngimu_r1/acc/pitch/active" : 1.0,
		"ngimu_r1/acc/pitch/invert" : 0.0,
		"ngimu_r1/acc/pitch/offset" : 0.0,
		"ngimu_r1/acc/preview" : 1.0,
		"ngimu_r1/acc/roll" : 0.007094,
		"ngimu_r1/acc/roll/active" : 1.0,
		"ngimu_r1/acc/roll/invert" : 0.0,
		"ngimu_r1/acc/roll/offset" : 0.0,
		"ngimu_r1/acc/magnitude/active" : 1.0,
		"ngimu_r1/acc/magnitude/norm" : 0.0,
		"ngimu_r1/acc/magnitude/raw" : 0.0,
		"ngimu_r1/acc/orientation/preview" : 0.0,
		"ngimu_r1/acc/qom/norm" : 0.0,
		"ngimu_r1/acc/qom/raw" : -1.0,
		"ngimu_r1/acc/x/active" : 1.0,
		"ngimu_r1/acc/x/norm" : -0.014752,
		"ngimu_r1/acc/x/raw" : -0.236033,
		"ngimu_r1/acc/x/qom/norm" : 0.0,
		"ngimu_r1/acc/x/qom/raw" : 0.0,
		"ngimu_r1/acc/y/active" : 1.0,
		"ngimu_r1/acc/y/norm" : -0.007084,
		"ngimu_r1/acc/y/raw" : -0.113349,
		"ngimu_r1/acc/y/qom/norm" : 0.0,
		"ngimu_r1/acc/y/qom/raw" : 0.0,
		"ngimu_r1/acc/z/active" : 1.0,
		"ngimu_r1/acc/z/norm" : -0.060925,
		"ngimu_r1/acc/z/raw" : -0.974799,
		"ngimu_r1/acc/z/qom/norm" : 0.0,
		"ngimu_r1/acc/z/qom/raw" : 0.0,
		"ngimu_r1/altitude/active" : 1.0,
		"ngimu_r1/altitude/preview" : 0.0,
		"ngimu_r1/altitude/raw" : 0.0,
		"ngimu_r1/battery/charge" : 0.0,
		"ngimu_r1/battery/current" : 271.25,
		"ngimu_r1/battery/percentage" : 0.260117,
		"ngimu_r1/battery/time" : 45.0,
		"ngimu_r1/battery/voltage" : 3.62875,
		"ngimu_r1/earth/preview" : 1.0,
		"ngimu_r1/earth/x/active" : 1.0,
		"ngimu_r1/earth/x/norm" : 0.0,
		"ngimu_r1/earth/x/raw" : 0.0,
		"ngimu_r1/earth/y/active" : 1.0,
		"ngimu_r1/earth/y/norm" : 0.0,
		"ngimu_r1/earth/y/raw" : 0.0,
		"ngimu_r1/earth/z/active" : 1.0,
		"ngimu_r1/earth/z/norm" : 0.0,
		"ngimu_r1/earth/z/raw" : 0.0,
		"ngimu_r1/euler/preview" : 1.0,
		"ngimu_r1/euler/pitch/active" : 1.0,
		"ngimu_r1/euler/pitch/norm" : 0.0,
		"ngimu_r1/euler/pitch/raw" : 0.0,
		"ngimu_r1/euler/roll/active" : 1.0,
		"ngimu_r1/euler/roll/norm" : 0.0,
		"ngimu_r1/euler/roll/raw" : 0.0,
		"ngimu_r1/euler/yaw/active" : 1.0,
		"ngimu_r1/euler/yaw/norm" : 0.0,
		"ngimu_r1/euler/yaw/raw" : 0.0,
		"ngimu_r1/gyro/preview" : 1.0,
		"ngimu_r1/gyro/magnitude/active" : 1.0,
		"ngimu_r1/gyro/magnitude/norm" : 0.0,
		"ngimu_r1/gyro/magnitude/raw" : 0.0,
		"ngimu_r1/gyro/qom/norm" : 0.0,
		"ngimu_r1/gyro/qom/raw" : 0.0,
		"ngimu_r1/gyro/x/active" : 1.0,
		"ngimu_r1/gyro/x/norm" : 0.000151,
		"ngimu_r1/gyro/x/raw" : 0.302725,
		"ngimu_r1/gyro/x/qom/norm" : 0.0,
		"ngimu_r1/gyro/x/qom/raw" : 0.0,
		"ngimu_r1/gyro/y/active" : 1.0,
		"ngimu_r1/gyro/y/norm" : -0.000067,
		"ngimu_r1/gyro/y/raw" : -0.13455,
		"ngimu_r1/gyro/y/qom/norm" : 0.0,
		"ngimu_r1/gyro/y/qom/raw" : 0.0,
		"ngimu_r1/gyro/z/active" : 1.0,
		"ngimu_r1/gyro/z/norm" : 0.000061,
		"ngimu_r1/gyro/z/raw" : 0.122401,
		"ngimu_r1/gyro/z/qom/norm" : 0.0,
		"ngimu_r1/gyro/z/qom/raw" : 0.0,
		"ngimu_r1/linear/preview" : 1.0,
		"ngimu_r1/linear/x/active" : 1.0,
		"ngimu_r1/linear/x/norm" : 0.0,
		"ngimu_r1/linear/x/raw" : 0.0,
		"ngimu_r1/linear/y/active" : 1.0,
		"ngimu_r1/linear/y/norm" : 0.0,
		"ngimu_r1/linear/y/raw" : 0.0,
		"ngimu_r1/linear/z/active" : 1.0,
		"ngimu_r1/linear/z/norm" : 0.0,
		"ngimu_r1/linear/z/raw" : 0.0,
		"ngimu_r1/mag/preview" : 1.0,
		"ngimu_r1/mag/qom" : 0.0,
		"ngimu_r1/mag/magnitude/active" : 1.0,
		"ngimu_r1/mag/magnitude/raw" : 0.0,
		"ngimu_r1/mag/magnitude/scaled" : 0.0,
		"ngimu_r1/mag/x/active" : 1.0,
		"ngimu_r1/mag/x/qom" : 0.0,
		"ngimu_r1/mag/x/raw" : 32.749760000000002,
		"ngimu_r1/mag/y/active" : 1.0,
		"ngimu_r1/mag/y/qom" : 0.0,
		"ngimu_r1/mag/y/raw" : 12.161576999999999,
		"ngimu_r1/mag/z/active" : 1.0,
		"ngimu_r1/mag/z/qom" : 0.0,
		"ngimu_r1/mag/z/raw" : 34.438828000000001,
		"ngimu_r1/magnitudes/preview" : 0.0,
		"ngimu_r1/matrix/preview" : 1.0,
		"ngimu_r1/matrix/xx/active" : 1.0,
		"ngimu_r1/matrix/xx/raw" : 0.0,
		"ngimu_r1/matrix/xy/active" : 1.0,
		"ngimu_r1/matrix/xy/raw" : 0.0,
		"ngimu_r1/matrix/xz/active" : 1.0,
		"ngimu_r1/matrix/xz/raw" : 0.0,
		"ngimu_r1/matrix/yx/active" : 1.0,
		"ngimu_r1/matrix/yx/raw" : 0.0,
		"ngimu_r1/matrix/yy/active" : 1.0,
		"ngimu_r1/matrix/yy/raw" : 0.0,
		"ngimu_r1/matrix/yz/active" : 1.0,
		"ngimu_r1/matrix/yz/raw" : 0.0,
		"ngimu_r1/matrix/zx/active" : 1.0,
		"ngimu_r1/matrix/zx/raw" : 0.0,
		"ngimu_r1/matrix/zy/active" : 1.0,
		"ngimu_r1/matrix/zy/raw" : 0.0,
		"ngimu_r1/matrix/zz/active" : 1.0,
		"ngimu_r1/matrix/zz/raw" : 0.0,
		"ngimu_r1/port/in" : 7802,
		"ngimu_r1/quaternion/preview" : 0.0,
		"ngimu_r1/quaternion/w/active" : 1.0,
		"ngimu_r1/quaternion/w/raw" : -0.036944,
		"ngimu_r1/quaternion/x/active" : 1.0,
		"ngimu_r1/quaternion/x/raw" : -0.976299,
		"ngimu_r1/quaternion/y/active" : 1.0,
		"ngimu_r1/quaternion/y/raw" : -0.15957,
		"ngimu_r1/quaternion/z/active" : 1.0,
		"ngimu_r1/quaternion/z/raw" : 0.128998,
		"ngimu_r1/rssi/dbm" : 0.0,
		"ngimu_r1/rssi/dbm/active" : 1.0,
		"ngimu_r1/rssi/percent" : 0.0,
		"ngimu_r1/rssi/percent/active" : 1.0,
		"ngimu_r1/temperature/processor" : 0.0,
		"ngimu_r1/temperature/processor/active" : 1.0,
		"ngimu_r1/temperature/sensors" : 0.0,
		"ngimu_r1/temperature/sensors/active" : 1.0,
		"ngimu_r2/barometer" : 0.0,
		"ngimu_r2/barometer/active" : 1.0,
		"ngimu_r2/acc/pitch" : 0.050657,
		"ngimu_r2/acc/pitch/active" : 1.0,
		"ngimu_r2/acc/pitch/invert" : 0.0,
		"ngimu_r2/acc/pitch/offset" : 0.0,
		"ngimu_r2/acc/preview" : 0.0,
		"ngimu_r2/acc/roll" : 0.111577,
		"ngimu_r2/acc/roll/active" : 1.0,
		"ngimu_r2/acc/roll/invert" : 0.0,
		"ngimu_r2/acc/roll/offset" : 0.0,
		"ngimu_r2/acc/magnitude/active" : 1.0,
		"ngimu_r2/acc/magnitude/norm" : 0.0,
		"ngimu_r2/acc/magnitude/raw" : 0.0,
		"ngimu_r2/acc/orientation/preview" : 0.0,
		"ngimu_r2/acc/qom/norm" : 0.0,
		"ngimu_r2/acc/qom/raw" : -1.0,
		"ngimu_r2/acc/x/active" : 1.0,
		"ngimu_r2/acc/x/norm" : 0.0,
		"ngimu_r2/acc/x/raw" : 0.0,
		"ngimu_r2/acc/x/qom/norm" : 0.0,
		"ngimu_r2/acc/x/qom/raw" : 0.0,
		"ngimu_r2/acc/y/active" : 1.0,
		"ngimu_r2/acc/y/norm" : 0.0,
		"ngimu_r2/acc/y/raw" : 0.0,
		"ngimu_r2/acc/y/qom/norm" : 0.0,
		"ngimu_r2/acc/y/qom/raw" : 0.0,
		"ngimu_r2/acc/z/active" : 1.0,
		"ngimu_r2/acc/z/norm" : 0.0,
		"ngimu_r2/acc/z/raw" : 0.0,
		"ngimu_r2/acc/z/qom/norm" : 0.0,
		"ngimu_r2/acc/z/qom/raw" : 0.0,
		"ngimu_r2/altitude/active" : 1.0,
		"ngimu_r2/altitude/preview" : 0.0,
		"ngimu_r2/altitude/raw" : 0.0,
		"ngimu_r2/battery/charge" : 0.0,
		"ngimu_r2/battery/current" : 0.0,
		"ngimu_r2/battery/percentage" : 0.0,
		"ngimu_r2/battery/time" : 0.0,
		"ngimu_r2/battery/voltage" : 0.0,
		"ngimu_r2/earth/preview" : 0.0,
		"ngimu_r2/earth/x/active" : 1.0,
		"ngimu_r2/earth/x/norm" : 0.0,
		"ngimu_r2/earth/x/raw" : 0.0,
		"ngimu_r2/earth/y/active" : 1.0,
		"ngimu_r2/earth/y/norm" : 0.0,
		"ngimu_r2/earth/y/raw" : 0.0,
		"ngimu_r2/earth/z/active" : 1.0,
		"ngimu_r2/earth/z/norm" : 0.0,
		"ngimu_r2/earth/z/raw" : 0.0,
		"ngimu_r2/euler/preview" : 0.0,
		"ngimu_r2/euler/pitch/active" : 1.0,
		"ngimu_r2/euler/pitch/norm" : 0.0,
		"ngimu_r2/euler/pitch/raw" : 0.0,
		"ngimu_r2/euler/roll/active" : 1.0,
		"ngimu_r2/euler/roll/norm" : 0.0,
		"ngimu_r2/euler/roll/raw" : 0.0,
		"ngimu_r2/euler/yaw/active" : 1.0,
		"ngimu_r2/euler/yaw/norm" : 0.0,
		"ngimu_r2/euler/yaw/raw" : 0.0,
		"ngimu_r2/gyro/preview" : 0.0,
		"ngimu_r2/gyro/magnitude/active" : 1.0,
		"ngimu_r2/gyro/magnitude/norm" : 0.0,
		"ngimu_r2/gyro/magnitude/raw" : 0.0,
		"ngimu_r2/gyro/qom/norm" : 0.0,
		"ngimu_r2/gyro/qom/raw" : 0.0,
		"ngimu_r2/gyro/x/active" : 1.0,
		"ngimu_r2/gyro/x/norm" : 0.0,
		"ngimu_r2/gyro/x/raw" : 0.0,
		"ngimu_r2/gyro/x/qom/norm" : 0.0,
		"ngimu_r2/gyro/x/qom/raw" : 0.0,
		"ngimu_r2/gyro/y/active" : 1.0,
		"ngimu_r2/gyro/y/norm" : 0.0,
		"ngimu_r2/gyro/y/raw" : 0.0,
		"ngimu_r2/gyro/y/qom/norm" : 0.0,
		"ngimu_r2/gyro/y/qom/raw" : 0.0,
		"ngimu_r2/gyro/z/active" : 1.0,
		"ngimu_r2/gyro/z/norm" : 0.0,
		"ngimu_r2/gyro/z/raw" : 0.0,
		"ngimu_r2/gyro/z/qom/norm" : 0.0,
		"ngimu_r2/gyro/z/qom/raw" : 0.0,
		"ngimu_r2/linear/preview" : 0.0,
		"ngimu_r2/linear/x/active" : 1.0,
		"ngimu_r2/linear/x/norm" : 0.0,
		"ngimu_r2/linear/x/raw" : 0.0,
		"ngimu_r2/linear/y/active" : 1.0,
		"ngimu_r2/linear/y/norm" : 0.0,
		"ngimu_r2/linear/y/raw" : 0.0,
		"ngimu_r2/linear/z/active" : 1.0,
		"ngimu_r2/linear/z/norm" : 0.0,
		"ngimu_r2/linear/z/raw" : 0.0,
		"ngimu_r2/mag/preview" : 0.0,
		"ngimu_r2/mag/qom" : 0.0,
		"ngimu_r2/mag/magnitude/active" : 1.0,
		"ngimu_r2/mag/magnitude/raw" : 0.0,
		"ngimu_r2/mag/magnitude/scaled" : 0.0,
		"ngimu_r2/mag/x/active" : 1.0,
		"ngimu_r2/mag/x/qom" : 0.0,
		"ngimu_r2/mag/x/raw" : 0.0,
		"ngimu_r2/mag/y/active" : 1.0,
		"ngimu_r2/mag/y/qom" : 0.0,
		"ngimu_r2/mag/y/raw" : 0.0,
		"ngimu_r2/mag/z/active" : 1.0,
		"ngimu_r2/mag/z/qom" : 0.0,
		"ngimu_r2/mag/z/raw" : 0.0,
		"ngimu_r2/magnitudes/preview" : 0.0,
		"ngimu_r2/matrix/preview" : 0.0,
		"ngimu_r2/matrix/xx/active" : 1.0,
		"ngimu_r2/matrix/xx/raw" : 0.0,
		"ngimu_r2/matrix/xy/active" : 1.0,
		"ngimu_r2/matrix/xy/raw" : 0.0,
		"ngimu_r2/matrix/xz/active" : 1.0,
		"ngimu_r2/matrix/xz/raw" : 0.0,
		"ngimu_r2/matrix/yx/active" : 1.0,
		"ngimu_r2/matrix/yx/raw" : 0.0,
		"ngimu_r2/matrix/yy/active" : 1.0,
		"ngimu_r2/matrix/yy/raw" : 0.0,
		"ngimu_r2/matrix/yz/active" : 1.0,
		"ngimu_r2/matrix/yz/raw" : 0.0,
		"ngimu_r2/matrix/zx/active" : 1.0,
		"ngimu_r2/matrix/zx/raw" : 0.0,
		"ngimu_r2/matrix/zy/active" : 1.0,
		"ngimu_r2/matrix/zy/raw" : 0.0,
		"ngimu_r2/matrix/zz/active" : 1.0,
		"ngimu_r2/matrix/zz/raw" : 0.0,
		"ngimu_r2/port/in" : 7968,
		"ngimu_r2/quaternion/preview" : 0.0,
		"ngimu_r2/quaternion/w/active" : 1.0,
		"ngimu_r2/quaternion/w/raw" : 0.0,
		"ngimu_r2/quaternion/x/active" : 1.0,
		"ngimu_r2/quaternion/x/raw" : 0.0,
		"ngimu_r2/quaternion/y/active" : 1.0,
		"ngimu_r2/quaternion/y/raw" : 0.0,
		"ngimu_r2/quaternion/z/active" : 1.0,
		"ngimu_r2/quaternion/z/raw" : 0.0,
		"ngimu_r2/rssi/dbm" : 0.0,
		"ngimu_r2/rssi/dbm/active" : 1.0,
		"ngimu_r2/rssi/percent" : 0.0,
		"ngimu_r2/rssi/percent/active" : 1.0,
		"ngimu_r2/temperature/processor" : 0.0,
		"ngimu_r2/temperature/processor/active" : 1.0,
		"ngimu_r2/temperature/sensors" : 0.0,
		"ngimu_r2/temperature/sensors/active" : 1.0,
		"oscoutput1/address" : "127.0.0.1",
		"oscoutput1/oscoutput1-oscroute/abs" : 0.0,
		"oscoutput1/oscoutput1-oscroute/abs2" : 0.0,
		"oscoutput1/oscoutput1-oscroute/namespacebrowser/local_receive" : "1244-front",
		"oscoutput1/oscoutput1-oscroute/namespacebrowser/nodeAddress" : "/navrand1/out/final",
		"oscoutput1/oscoutput1-oscroute/namespacebrowser/origin" : [ 262.0, 85.0 ],
		"oscoutput1/oscoutput1-oscroute/offset" : 0.0,
		"oscoutput1/oscoutput1-oscroute/offset2" : 0.0,
		"oscoutput1/oscoutput1-oscroute/scalebypass" : 1.0,
		"oscoutput1/oscoutput1-oscroute/settingList" : [ 1, 0.0, 0.0, 0.0, "s", 0, "s", 0.0, "s", 0.0, "s", "s" ],
		"oscoutput1/oscoutput1-oscroute/input/max" : 1.0,
		"oscoutput1/oscoutput1-oscroute/input/min" : 0.0,
		"oscoutput1/oscoutput1-oscroute/output/max" : 1.0,
		"oscoutput1/oscoutput1-oscroute/output/min" : 0.0,
		"oscoutput1/port" : 8801,
		"oscoutput1/prepend" : "/value/",
		"oscoutput1/sig" : 0.0,
		"oscoutput2/address" : "127.0.0.1",
		"oscoutput2/oscoutput2-oscroute/abs" : 0.0,
		"oscoutput2/oscoutput2-oscroute/abs2" : 0.0,
		"oscoutput2/oscoutput2-oscroute/namespacebrowser/local_receive" : "1234-front",
		"oscoutput2/oscoutput2-oscroute/namespacebrowser/nodeAddress" : "none",
		"oscoutput2/oscoutput2-oscroute/namespacebrowser/origin" : [ 0.0, 0.0 ],
		"oscoutput2/oscoutput2-oscroute/offset" : 0.0,
		"oscoutput2/oscoutput2-oscroute/offset2" : 0.0,
		"oscoutput2/oscoutput2-oscroute/scalebypass" : 1.0,
		"oscoutput2/oscoutput2-oscroute/input/max" : 1.0,
		"oscoutput2/oscoutput2-oscroute/input/min" : 0.0,
		"oscoutput2/oscoutput2-oscroute/output/max" : 1.0,
		"oscoutput2/oscoutput2-oscroute/output/min" : 0.0,
		"oscoutput2/port" : 8802,
		"oscoutput2/prepend" : "/value/",
		"oscoutput2/sig" : 0.0,
		"oscoutput3/address" : "127.0.0.1",
		"oscoutput3/oscoutput3-oscroute/abs" : 0.0,
		"oscoutput3/oscoutput3-oscroute/abs2" : 0.0,
		"oscoutput3/oscoutput3-oscroute/namespacebrowser/local_receive" : "1224-front",
		"oscoutput3/oscoutput3-oscroute/namespacebrowser/nodeAddress" : "/gyroavg/out/final",
		"oscoutput3/oscoutput3-oscroute/namespacebrowser/origin" : [ 756.0, 219.0 ],
		"oscoutput3/oscoutput3-oscroute/offset" : 0.0,
		"oscoutput3/oscoutput3-oscroute/offset2" : 0.0,
		"oscoutput3/oscoutput3-oscroute/scalebypass" : 1.0,
		"oscoutput3/oscoutput3-oscroute/settingList" : [ 1, 0.0, 0.0, 0.0, "s", 0, "s", 0.0, "s", 0.0, "s", "s" ],
		"oscoutput3/oscoutput3-oscroute/input/max" : 1.0,
		"oscoutput3/oscoutput3-oscroute/input/min" : 0.0,
		"oscoutput3/oscoutput3-oscroute/output/max" : 1.0,
		"oscoutput3/oscoutput3-oscroute/output/min" : 0.0,
		"oscoutput3/port" : 8803,
		"oscoutput3/prepend" : "/value/",
		"oscoutput3/sig" : 0.0,
		"oscoutput4/address" : "127.0.0.1",
		"oscoutput4/oscoutput4-oscroute/abs" : 0.0,
		"oscoutput4/oscoutput4-oscroute/abs2" : 0.0,
		"oscoutput4/oscoutput4-oscroute/namespacebrowser/local_receive" : "1214-front",
		"oscoutput4/oscoutput4-oscroute/namespacebrowser/nodeAddress" : "none",
		"oscoutput4/oscoutput4-oscroute/namespacebrowser/origin" : [ 0.0, 0.0 ],
		"oscoutput4/oscoutput4-oscroute/offset" : 0.0,
		"oscoutput4/oscoutput4-oscroute/offset2" : 0.0,
		"oscoutput4/oscoutput4-oscroute/scalebypass" : 1.0,
		"oscoutput4/oscoutput4-oscroute/input/max" : 1.0,
		"oscoutput4/oscoutput4-oscroute/input/min" : 0.0,
		"oscoutput4/oscoutput4-oscroute/output/max" : 1.0,
		"oscoutput4/oscoutput4-oscroute/output/min" : 0.0,
		"oscoutput4/port" : 8804,
		"oscoutput4/prepend" : "/value/",
		"oscoutput4/sig" : 0.0,
		"oscoutput5/address" : "127.0.0.1",
		"oscoutput5/oscoutput5-oscroute/abs" : 0.0,
		"oscoutput5/oscoutput5-oscroute/abs2" : 0.0,
		"oscoutput5/oscoutput5-oscroute/namespacebrowser/local_receive" : "1204-front",
		"oscoutput5/oscoutput5-oscroute/namespacebrowser/nodeAddress" : "none",
		"oscoutput5/oscoutput5-oscroute/namespacebrowser/origin" : [ 0.0, 0.0 ],
		"oscoutput5/oscoutput5-oscroute/offset" : 0.0,
		"oscoutput5/oscoutput5-oscroute/offset2" : 0.0,
		"oscoutput5/oscoutput5-oscroute/scalebypass" : 1.0,
		"oscoutput5/oscoutput5-oscroute/input/max" : 1.0,
		"oscoutput5/oscoutput5-oscroute/input/min" : 0.0,
		"oscoutput5/oscoutput5-oscroute/output/max" : 1.0,
		"oscoutput5/oscoutput5-oscroute/output/min" : 0.0,
		"oscoutput5/port" : 8805,
		"oscoutput5/prepend" : "/value/",
		"oscoutput5/sig" : 0.0,
		"oscoutput6/address" : "127.0.0.1",
		"oscoutput6/oscoutput6-oscroute/abs" : 0.0,
		"oscoutput6/oscoutput6-oscroute/abs2" : 0.0,
		"oscoutput6/oscoutput6-oscroute/namespacebrowser/local_receive" : "1194-front",
		"oscoutput6/oscoutput6-oscroute/namespacebrowser/nodeAddress" : "none",
		"oscoutput6/oscoutput6-oscroute/namespacebrowser/origin" : [ 0.0, 0.0 ],
		"oscoutput6/oscoutput6-oscroute/offset" : 0.0,
		"oscoutput6/oscoutput6-oscroute/offset2" : 0.0,
		"oscoutput6/oscoutput6-oscroute/scalebypass" : 1.0,
		"oscoutput6/oscoutput6-oscroute/input/max" : 1.0,
		"oscoutput6/oscoutput6-oscroute/input/min" : 0.0,
		"oscoutput6/oscoutput6-oscroute/output/max" : 1.0,
		"oscoutput6/oscoutput6-oscroute/output/min" : 0.0,
		"oscoutput6/port" : 8806,
		"oscoutput6/prepend" : "/value/",
		"oscoutput6/sig" : 0.0,
		"oscoutput7/address" : "127.0.0.1",
		"oscoutput7/oscoutput7-oscroute/abs" : 0.0,
		"oscoutput7/oscoutput7-oscroute/abs2" : 0.0,
		"oscoutput7/oscoutput7-oscroute/namespacebrowser/local_receive" : "1184-front",
		"oscoutput7/oscoutput7-oscroute/namespacebrowser/nodeAddress" : "none",
		"oscoutput7/oscoutput7-oscroute/namespacebrowser/origin" : [ 0.0, 0.0 ],
		"oscoutput7/oscoutput7-oscroute/offset" : 0.0,
		"oscoutput7/oscoutput7-oscroute/offset2" : 0.0,
		"oscoutput7/oscoutput7-oscroute/scalebypass" : 1.0,
		"oscoutput7/oscoutput7-oscroute/input/max" : 1.0,
		"oscoutput7/oscoutput7-oscroute/input/min" : 0.0,
		"oscoutput7/oscoutput7-oscroute/output/max" : 1.0,
		"oscoutput7/oscoutput7-oscroute/output/min" : 0.0,
		"oscoutput7/port" : 8807,
		"oscoutput7/prepend" : "/value/",
		"oscoutput7/sig" : 0.0,
		"oscoutput8/address" : "127.0.0.1",
		"oscoutput8/oscoutput8-oscroute/abs" : 0.0,
		"oscoutput8/oscoutput8-oscroute/abs2" : 0.0,
		"oscoutput8/oscoutput8-oscroute/namespacebrowser/local_receive" : "1008-front",
		"oscoutput8/oscoutput8-oscroute/namespacebrowser/nodeAddress" : "none",
		"oscoutput8/oscoutput8-oscroute/namespacebrowser/origin" : [ 0.0, 0.0 ],
		"oscoutput8/oscoutput8-oscroute/offset" : 0.0,
		"oscoutput8/oscoutput8-oscroute/offset2" : 0.0,
		"oscoutput8/oscoutput8-oscroute/scalebypass" : 1.0,
		"oscoutput8/oscoutput8-oscroute/input/max" : 1.0,
		"oscoutput8/oscoutput8-oscroute/input/min" : 0.0,
		"oscoutput8/oscoutput8-oscroute/output/max" : 1.0,
		"oscoutput8/oscoutput8-oscroute/output/min" : 0.0,
		"oscoutput8/port" : 8808,
		"oscoutput8/prepend" : "/value/",
		"oscoutput8/sig" : 0.0
	}
,
	"cue2" : 	{
		"accavg/function" : "*",
		"accavg/function/parameter1" : 0.0,
		"accavg/function/parameter2" : 0.0,
		"accavg/function/symmetry" : "*",
		"accavg/abs" : 0.0,
		"accavg/abs2" : 0.0,
		"accavg/action" : 0.0,
		"accavg/clip" : 0,
		"accavg/delta1" : -0.001802,
		"accavg/delta2" : 0.0,
		"accavg/diffMode" : 0,
		"accavg/minMax" : [ -0.971811, 2.830423 ],
		"accavg/offset" : 0.0,
		"accavg/pre-offset" : 0.0,
		"accavg/QoM" : 0.001802,
		"accavg/schmitTrig" : 0.0,
		"accavg/velocity" : 0.0,
		"accavg/visualize" : 0.0,
		"accavg/filter/mode" : 0,
		"accavg/filter/samples" : 0,
		"accavg/out/filtered" : 0.346891,
		"accavg/out/filtered/scaled" : 0.346823,
		"accavg/out/final" : 0.346823,
		"accavg/pre-slide/down" : 0,
		"accavg/pre-slide/up" : 0,
		"accavg/ramp/grain" : 0,
		"accavg/ramp/time" : 0,
		"accavg/scale/max" : 0.0,
		"accavg/scale/min" : 0.0,
		"accavg/scale/mode" : 0,
		"accavg/scale/window" : 0,
		"accavg/scale/input/max" : 0.0,
		"accavg/scale/input/min" : 0.0,
		"accavg/schmitt/debounce" : 0,
		"accavg/schmitt/lower" : 0.0,
		"accavg/schmitt/on" : 0.0,
		"accavg/schmitt/ramp" : 0,
		"accavg/schmitt/upper" : 0.0,
		"accavg/slide/down" : 0,
		"accavg/slide/up" : 0,
		"accX/function" : "*",
		"accX/function/parameter1" : 0.0,
		"accX/function/parameter2" : 0.0,
		"accX/function/symmetry" : "*",
		"accX/abs" : 0.0,
		"accX/abs2" : 0.0,
		"accX/action" : 0.0,
		"accX/clip" : 0,
		"accX/delta1" : 0.0,
		"accX/delta2" : 0.0,
		"accX/diffMode" : 0,
		"accX/minMax" : [ 0.0, 0.0 ],
		"accX/offset" : 0.0,
		"accX/pre-offset" : 0.0,
		"accX/QoM" : 0.0,
		"accX/schmitTrig" : 0.0,
		"accX/velocity" : 0.0,
		"accX/visualize" : 0.0,
		"accX/filter/mode" : 0,
		"accX/filter/samples" : 0,
		"accX/out/filtered" : 0.0,
		"accX/out/filtered/scaled" : 0.0,
		"accX/out/final" : 0.5391,
		"accX/pre-slide/down" : 0,
		"accX/pre-slide/up" : 0,
		"accX/ramp/grain" : 0,
		"accX/ramp/time" : 0,
		"accX/scale/max" : 0.0,
		"accX/scale/min" : 0.0,
		"accX/scale/mode" : 0,
		"accX/scale/window" : 0,
		"accX/scale/input/max" : 0.0,
		"accX/scale/input/min" : 0.0,
		"accX/schmitt/debounce" : 0,
		"accX/schmitt/lower" : 0.0,
		"accX/schmitt/on" : 0.0,
		"accX/schmitt/ramp" : 0,
		"accX/schmitt/upper" : 0.0,
		"accX/slide/down" : 0,
		"accX/slide/up" : 0,
		"accXroute/abs" : 0.0,
		"accXroute/abs2" : 0.0,
		"accXroute/namespacebrowser/local_receive" : "1077-front",
		"accXroute/namespacebrowser/nodeAddress" : "none",
		"accXroute/namespacebrowser/origin" : [ 0.0, 0.0 ],
		"accXroute/offset" : 0.0,
		"accXroute/offset2" : 0.0,
		"accXroute/scalebypass" : 1.0,
		"accXroute/input/max" : 1.0,
		"accXroute/input/min" : 0.0,
		"accXroute/output/max" : 1.0,
		"accXroute/output/min" : 0.0,
		"accY/function" : "*",
		"accY/function/parameter1" : 0.0,
		"accY/function/parameter2" : 0.0,
		"accY/function/symmetry" : "*",
		"accY/abs" : 0.0,
		"accY/abs2" : 0.0,
		"accY/action" : 0.0,
		"accY/clip" : 0,
		"accY/delta1" : 0.0,
		"accY/delta2" : 0.0,
		"accY/diffMode" : 0,
		"accY/minMax" : [ 0.0, 0.0 ],
		"accY/offset" : 0.0,
		"accY/pre-offset" : 0.0,
		"accY/QoM" : 0.0,
		"accY/schmitTrig" : 0.0,
		"accY/velocity" : 0.0,
		"accY/visualize" : 0.0,
		"accY/filter/mode" : 0,
		"accY/filter/samples" : 0,
		"accY/out/filtered" : 0.0,
		"accY/out/filtered/scaled" : 0.0,
		"accY/out/final" : 0.5391,
		"accY/pre-slide/down" : 0,
		"accY/pre-slide/up" : 0,
		"accY/ramp/grain" : 0,
		"accY/ramp/time" : 0,
		"accY/scale/max" : 0.0,
		"accY/scale/min" : 0.0,
		"accY/scale/mode" : 0,
		"accY/scale/window" : 0,
		"accY/scale/input/max" : 0.0,
		"accY/scale/input/min" : 0.0,
		"accY/schmitt/debounce" : 0,
		"accY/schmitt/lower" : 0.0,
		"accY/schmitt/on" : 0.0,
		"accY/schmitt/ramp" : 0,
		"accY/schmitt/upper" : 0.0,
		"accY/slide/down" : 0,
		"accY/slide/up" : 0,
		"accYroute/abs" : 0.0,
		"accYroute/abs2" : 0.0,
		"accYroute/namespacebrowser/local_receive" : "1069-front",
		"accYroute/namespacebrowser/nodeAddress" : "none",
		"accYroute/namespacebrowser/origin" : [ 0.0, 0.0 ],
		"accYroute/offset" : 0.0,
		"accYroute/offset2" : 0.0,
		"accYroute/scalebypass" : 1.0,
		"accYroute/input/max" : 1.0,
		"accYroute/input/min" : 0.0,
		"accYroute/output/max" : 1.0,
		"accYroute/output/min" : 0.0,
		"accZ/function" : "*",
		"accZ/function/parameter1" : 0.0,
		"accZ/function/parameter2" : 0.0,
		"accZ/function/symmetry" : "*",
		"accZ/abs" : 0.0,
		"accZ/abs2" : 0.0,
		"accZ/action" : 0.0,
		"accZ/clip" : 0,
		"accZ/delta1" : 0.0,
		"accZ/delta2" : 0.0,
		"accZ/diffMode" : 0,
		"accZ/minMax" : [ 0.0, 0.0 ],
		"accZ/offset" : 0.0,
		"accZ/pre-offset" : 0.0,
		"accZ/QoM" : 0.0,
		"accZ/schmitTrig" : 0.0,
		"accZ/velocity" : 0.0,
		"accZ/visualize" : 0.0,
		"accZ/filter/mode" : 0,
		"accZ/filter/samples" : 0,
		"accZ/out/filtered" : 0.0,
		"accZ/out/filtered/scaled" : 0.0,
		"accZ/out/final" : 0.84,
		"accZ/pre-slide/down" : 0,
		"accZ/pre-slide/up" : 0,
		"accZ/ramp/grain" : 0,
		"accZ/ramp/time" : 0,
		"accZ/scale/max" : 0.0,
		"accZ/scale/min" : 0.0,
		"accZ/scale/mode" : 0,
		"accZ/scale/window" : 0,
		"accZ/scale/input/max" : 0.0,
		"accZ/scale/input/min" : 0.0,
		"accZ/schmitt/debounce" : 0,
		"accZ/schmitt/lower" : 0.0,
		"accZ/schmitt/on" : 0.0,
		"accZ/schmitt/ramp" : 0,
		"accZ/schmitt/upper" : 0.0,
		"accZ/slide/down" : 0,
		"accZ/slide/up" : 0,
		"accZroute/abs" : 0.0,
		"accZroute/abs2" : 0.0,
		"accZroute/namespacebrowser/local_receive" : "1061-front",
		"accZroute/namespacebrowser/nodeAddress" : "none",
		"accZroute/namespacebrowser/origin" : [ 0.0, 0.0 ],
		"accZroute/offset" : 0.0,
		"accZroute/offset2" : 0.0,
		"accZroute/scalebypass" : 1.0,
		"accZroute/input/max" : 1.0,
		"accZroute/input/min" : 0.0,
		"accZroute/output/max" : 1.0,
		"accZroute/output/min" : 0.0,
		"gyroavg/function" : "*",
		"gyroavg/function/parameter1" : 0.0,
		"gyroavg/function/parameter2" : 0.0,
		"gyroavg/function/symmetry" : "*",
		"gyroavg/abs" : 0.0,
		"gyroavg/abs2" : 0.0,
		"gyroavg/action" : 0.0,
		"gyroavg/clip" : 0,
		"gyroavg/delta1" : -0.040542,
		"gyroavg/delta2" : 0.0,
		"gyroavg/diffMode" : 0,
		"gyroavg/minMax" : [ -258.165070000000014, 258.125427000000002 ],
		"gyroavg/offset" : 0.0,
		"gyroavg/pre-offset" : 0.0,
		"gyroavg/QoM" : 0.040542,
		"gyroavg/schmitTrig" : 0.0,
		"gyroavg/velocity" : 0.0,
		"gyroavg/visualize" : 0.0,
		"gyroavg/filter/mode" : 0,
		"gyroavg/filter/samples" : 3,
		"gyroavg/out/filtered" : 0.007808,
		"gyroavg/out/filtered/scaled" : 0.500447,
		"gyroavg/out/final" : 0.000026,
		"gyroavg/pre-slide/down" : 0,
		"gyroavg/pre-slide/up" : 0,
		"gyroavg/ramp/grain" : 0,
		"gyroavg/ramp/time" : 0,
		"gyroavg/scale/max" : 1.0,
		"gyroavg/scale/min" : -1.0,
		"gyroavg/scale/mode" : 5,
		"gyroavg/scale/window" : 0,
		"gyroavg/scale/input/max" : 300.0,
		"gyroavg/scale/input/min" : -300.0,
		"gyroavg/schmitt/debounce" : 0,
		"gyroavg/schmitt/lower" : 0.0,
		"gyroavg/schmitt/on" : 0.0,
		"gyroavg/schmitt/ramp" : 0,
		"gyroavg/schmitt/upper" : 0.0,
		"gyroavg/slide/down" : 0,
		"gyroavg/slide/up" : 0,
		"gyroX/function" : "*",
		"gyroX/function/parameter1" : 0.0,
		"gyroX/function/parameter2" : 0.0,
		"gyroX/function/symmetry" : "*",
		"gyroX/abs" : 0.0,
		"gyroX/abs2" : 0.0,
		"gyroX/action" : 0.0,
		"gyroX/clip" : 0,
		"gyroX/delta1" : 0.0,
		"gyroX/delta2" : 0.0,
		"gyroX/diffMode" : 0,
		"gyroX/minMax" : [ 0.0, 0.0 ],
		"gyroX/offset" : 0.0,
		"gyroX/pre-offset" : 0.0,
		"gyroX/QoM" : 0.0,
		"gyroX/schmitTrig" : 0.0,
		"gyroX/velocity" : 0.0,
		"gyroX/visualize" : 0.0,
		"gyroX/filter/mode" : 0,
		"gyroX/filter/samples" : 0,
		"gyroX/out/filtered" : 0.0,
		"gyroX/out/filtered/scaled" : 0.0,
		"gyroX/out/final" : 0.5391,
		"gyroX/pre-slide/down" : 0,
		"gyroX/pre-slide/up" : 0,
		"gyroX/ramp/grain" : 0,
		"gyroX/ramp/time" : 0,
		"gyroX/scale/max" : 0.0,
		"gyroX/scale/min" : 0.0,
		"gyroX/scale/mode" : 0,
		"gyroX/scale/window" : 0,
		"gyroX/scale/input/max" : 0.0,
		"gyroX/scale/input/min" : 0.0,
		"gyroX/schmitt/debounce" : 0,
		"gyroX/schmitt/lower" : 0.0,
		"gyroX/schmitt/on" : 0.0,
		"gyroX/schmitt/ramp" : 0,
		"gyroX/schmitt/upper" : 0.0,
		"gyroX/slide/down" : 0,
		"gyroX/slide/up" : 0,
		"gyroXroute/abs" : 0.0,
		"gyroXroute/abs2" : 0.0,
		"gyroXroute/namespacebrowser/local_receive" : "1032-front",
		"gyroXroute/namespacebrowser/nodeAddress" : "none",
		"gyroXroute/namespacebrowser/origin" : [ 0.0, 0.0 ],
		"gyroXroute/offset" : 0.0,
		"gyroXroute/offset2" : 0.0,
		"gyroXroute/scalebypass" : 1.0,
		"gyroXroute/input/max" : 1.0,
		"gyroXroute/input/min" : 0.0,
		"gyroXroute/output/max" : 1.0,
		"gyroXroute/output/min" : 0.0,
		"gyroY/function" : "*",
		"gyroY/function/parameter1" : 0.0,
		"gyroY/function/parameter2" : 0.0,
		"gyroY/function/symmetry" : "*",
		"gyroY/abs" : 0.0,
		"gyroY/abs2" : 0.0,
		"gyroY/action" : 0.0,
		"gyroY/clip" : 0,
		"gyroY/delta1" : 0.0,
		"gyroY/delta2" : 0.0,
		"gyroY/diffMode" : 0,
		"gyroY/minMax" : [ 0.0, 0.0 ],
		"gyroY/offset" : 0.0,
		"gyroY/pre-offset" : 0.0,
		"gyroY/QoM" : 0.0,
		"gyroY/schmitTrig" : 0.0,
		"gyroY/velocity" : 0.0,
		"gyroY/visualize" : 0.0,
		"gyroY/filter/mode" : 0,
		"gyroY/filter/samples" : 0,
		"gyroY/out/filtered" : 0.0,
		"gyroY/out/filtered/scaled" : 0.0,
		"gyroY/out/final" : 0.84,
		"gyroY/pre-slide/down" : 0,
		"gyroY/pre-slide/up" : 0,
		"gyroY/ramp/grain" : 0,
		"gyroY/ramp/time" : 0,
		"gyroY/scale/max" : 0.0,
		"gyroY/scale/min" : 0.0,
		"gyroY/scale/mode" : 0,
		"gyroY/scale/window" : 0,
		"gyroY/scale/input/max" : 0.0,
		"gyroY/scale/input/min" : 0.0,
		"gyroY/schmitt/debounce" : 0,
		"gyroY/schmitt/lower" : 0.0,
		"gyroY/schmitt/on" : 0.0,
		"gyroY/schmitt/ramp" : 0,
		"gyroY/schmitt/upper" : 0.0,
		"gyroY/slide/down" : 0,
		"gyroY/slide/up" : 0,
		"gyroYroute/abs" : 0.0,
		"gyroYroute/abs2" : 0.0,
		"gyroYroute/namespacebrowser/local_receive" : "1024-front",
		"gyroYroute/namespacebrowser/nodeAddress" : "none",
		"gyroYroute/namespacebrowser/origin" : [ 0.0, 0.0 ],
		"gyroYroute/offset" : 0.0,
		"gyroYroute/offset2" : 0.0,
		"gyroYroute/scalebypass" : 1.0,
		"gyroYroute/input/max" : 1.0,
		"gyroYroute/input/min" : 0.0,
		"gyroYroute/output/max" : 1.0,
		"gyroYroute/output/min" : 0.0,
		"gyroZ/function" : "*",
		"gyroZ/function/parameter1" : 0.0,
		"gyroZ/function/parameter2" : 0.0,
		"gyroZ/function/symmetry" : "*",
		"gyroZ/abs" : 0.0,
		"gyroZ/abs2" : 0.0,
		"gyroZ/action" : 0.0,
		"gyroZ/clip" : 0,
		"gyroZ/delta1" : 0.0,
		"gyroZ/delta2" : 0.0,
		"gyroZ/diffMode" : 0,
		"gyroZ/minMax" : [ 0.0, 0.0 ],
		"gyroZ/offset" : 0.0,
		"gyroZ/pre-offset" : 0.0,
		"gyroZ/QoM" : 0.0,
		"gyroZ/schmitTrig" : 0.0,
		"gyroZ/velocity" : 0.0,
		"gyroZ/visualize" : 0.0,
		"gyroZ/filter/mode" : 0,
		"gyroZ/filter/samples" : 0,
		"gyroZ/out/filtered" : 0.0,
		"gyroZ/out/filtered/scaled" : 0.0,
		"gyroZ/out/final" : 0.84,
		"gyroZ/pre-slide/down" : 0,
		"gyroZ/pre-slide/up" : 0,
		"gyroZ/ramp/grain" : 0,
		"gyroZ/ramp/time" : 0,
		"gyroZ/scale/max" : 0.0,
		"gyroZ/scale/min" : 0.0,
		"gyroZ/scale/mode" : 0,
		"gyroZ/scale/window" : 0,
		"gyroZ/scale/input/max" : 0.0,
		"gyroZ/scale/input/min" : 0.0,
		"gyroZ/schmitt/debounce" : 0,
		"gyroZ/schmitt/lower" : 0.0,
		"gyroZ/schmitt/on" : 0.0,
		"gyroZ/schmitt/ramp" : 0,
		"gyroZ/schmitt/upper" : 0.0,
		"gyroZ/slide/down" : 0,
		"gyroZ/slide/up" : 0,
		"gyroZroute/abs" : 0.0,
		"gyroZroute/abs2" : 0.0,
		"gyroZroute/namespacebrowser/local_receive" : "1016-front",
		"gyroZroute/namespacebrowser/nodeAddress" : "none",
		"gyroZroute/namespacebrowser/origin" : [ 0.0, 0.0 ],
		"gyroZroute/offset" : 0.0,
		"gyroZroute/offset2" : 0.0,
		"gyroZroute/scalebypass" : 1.0,
		"gyroZroute/input/max" : 1.0,
		"gyroZroute/input/min" : 0.0,
		"gyroZroute/output/max" : 1.0,
		"gyroZroute/output/min" : 0.0,
		"navrand1/grain" : 10,
		"navrand1/interpolate" : 500,
		"navrand1/max" : 1.0,
		"navrand1/min" : 0.0,
		"navrand1/on" : 0.0,
		"navrand1/step" : 1.0,
		"navrand1/out/final" : 0.0,
		"navrand1/out/final/int" : 0,
		"navrand1/out/pre-interpolation" : 0.0,
		"navrand1/rate/max" : 1000,
		"navrand1/rate/min" : 30,
		"navvalues/navaccavg" : 0.0,
		"navvalues/navaccqom" : 0.0,
		"navvalues/navgyroavg" : 0.0,
		"navvalues/navgyroqom" : 0.0,
		"ngimu_r1/barometer" : 1005.016540999999961,
		"ngimu_r1/barometer/active" : 1.0,
		"ngimu_r1/acc/pitch" : 0.050657,
		"ngimu_r1/acc/pitch/active" : 1.0,
		"ngimu_r1/acc/pitch/invert" : 0.0,
		"ngimu_r1/acc/pitch/offset" : 0.0,
		"ngimu_r1/acc/preview" : 1.0,
		"ngimu_r1/acc/roll" : 0.007094,
		"ngimu_r1/acc/roll/active" : 1.0,
		"ngimu_r1/acc/roll/invert" : 0.0,
		"ngimu_r1/acc/roll/offset" : 0.0,
		"ngimu_r1/acc/magnitude/active" : 1.0,
		"ngimu_r1/acc/magnitude/norm" : 0.0,
		"ngimu_r1/acc/magnitude/raw" : 0.0,
		"ngimu_r1/acc/orientation/preview" : 0.0,
		"ngimu_r1/acc/qom/norm" : 0.0,
		"ngimu_r1/acc/qom/raw" : -1.0,
		"ngimu_r1/acc/x/active" : 1.0,
		"ngimu_r1/acc/x/norm" : 0.003187,
		"ngimu_r1/acc/x/raw" : 0.050993,
		"ngimu_r1/acc/x/qom/norm" : 0.0,
		"ngimu_r1/acc/x/qom/raw" : 0.0,
		"ngimu_r1/acc/y/active" : 1.0,
		"ngimu_r1/acc/y/norm" : 0.062609,
		"ngimu_r1/acc/y/raw" : 1.00175,
		"ngimu_r1/acc/y/qom/norm" : 0.0,
		"ngimu_r1/acc/y/qom/raw" : 0.0,
		"ngimu_r1/acc/z/active" : 1.0,
		"ngimu_r1/acc/z/norm" : -0.001127,
		"ngimu_r1/acc/z/raw" : -0.018035,
		"ngimu_r1/acc/z/qom/norm" : 0.0,
		"ngimu_r1/acc/z/qom/raw" : 0.0,
		"ngimu_r1/altitude/active" : 1.0,
		"ngimu_r1/altitude/preview" : 0.0,
		"ngimu_r1/altitude/raw" : 0.0,
		"ngimu_r1/battery/charge" : 0.0,
		"ngimu_r1/battery/current" : 278.75,
		"ngimu_r1/battery/percentage" : 0.179688,
		"ngimu_r1/battery/time" : 30.65625,
		"ngimu_r1/battery/voltage" : 3.604375,
		"ngimu_r1/earth/preview" : 1.0,
		"ngimu_r1/earth/x/active" : 1.0,
		"ngimu_r1/earth/x/norm" : 0.0,
		"ngimu_r1/earth/x/raw" : 0.0,
		"ngimu_r1/earth/y/active" : 1.0,
		"ngimu_r1/earth/y/norm" : 0.0,
		"ngimu_r1/earth/y/raw" : 0.0,
		"ngimu_r1/earth/z/active" : 1.0,
		"ngimu_r1/earth/z/norm" : 0.0,
		"ngimu_r1/earth/z/raw" : 0.0,
		"ngimu_r1/euler/preview" : 1.0,
		"ngimu_r1/euler/pitch/active" : 1.0,
		"ngimu_r1/euler/pitch/norm" : 0.0,
		"ngimu_r1/euler/pitch/raw" : 0.0,
		"ngimu_r1/euler/roll/active" : 1.0,
		"ngimu_r1/euler/roll/norm" : 0.0,
		"ngimu_r1/euler/roll/raw" : 0.0,
		"ngimu_r1/euler/yaw/active" : 1.0,
		"ngimu_r1/euler/yaw/norm" : 0.0,
		"ngimu_r1/euler/yaw/raw" : 0.0,
		"ngimu_r1/gyro/preview" : 1.0,
		"ngimu_r1/gyro/magnitude/active" : 1.0,
		"ngimu_r1/gyro/magnitude/norm" : 0.0,
		"ngimu_r1/gyro/magnitude/raw" : 0.0,
		"ngimu_r1/gyro/qom/norm" : 0.0,
		"ngimu_r1/gyro/qom/raw" : 0.0,
		"ngimu_r1/gyro/x/active" : 1.0,
		"ngimu_r1/gyro/x/norm" : 0.000022,
		"ngimu_r1/gyro/x/raw" : 0.045035,
		"ngimu_r1/gyro/x/qom/norm" : 0.0,
		"ngimu_r1/gyro/x/qom/raw" : 0.0,
		"ngimu_r1/gyro/y/active" : 1.0,
		"ngimu_r1/gyro/y/norm" : 0.000019,
		"ngimu_r1/gyro/y/raw" : 0.037721,
		"ngimu_r1/gyro/y/qom/norm" : 0.0,
		"ngimu_r1/gyro/y/qom/raw" : 0.0,
		"ngimu_r1/gyro/z/active" : 1.0,
		"ngimu_r1/gyro/z/norm" : -0.00003,
		"ngimu_r1/gyro/z/raw" : -0.059332,
		"ngimu_r1/gyro/z/qom/norm" : 0.0,
		"ngimu_r1/gyro/z/qom/raw" : 0.0,
		"ngimu_r1/linear/preview" : 1.0,
		"ngimu_r1/linear/x/active" : 1.0,
		"ngimu_r1/linear/x/norm" : 0.0,
		"ngimu_r1/linear/x/raw" : 0.0,
		"ngimu_r1/linear/y/active" : 1.0,
		"ngimu_r1/linear/y/norm" : 0.0,
		"ngimu_r1/linear/y/raw" : 0.0,
		"ngimu_r1/linear/z/active" : 1.0,
		"ngimu_r1/linear/z/norm" : 0.0,
		"ngimu_r1/linear/z/raw" : 0.0,
		"ngimu_r1/mag/preview" : 1.0,
		"ngimu_r1/mag/qom" : 0.0,
		"ngimu_r1/mag/magnitude/active" : 1.0,
		"ngimu_r1/mag/magnitude/raw" : 0.0,
		"ngimu_r1/mag/magnitude/scaled" : 0.0,
		"ngimu_r1/mag/x/active" : 1.0,
		"ngimu_r1/mag/x/qom" : 0.0,
		"ngimu_r1/mag/x/raw" : 21.994596000000001,
		"ngimu_r1/mag/y/active" : 1.0,
		"ngimu_r1/mag/y/qom" : 0.0,
		"ngimu_r1/mag/y/raw" : -45.117424,
		"ngimu_r1/mag/z/active" : 1.0,
		"ngimu_r1/mag/z/qom" : 0.0,
		"ngimu_r1/mag/z/raw" : -2.845301,
		"ngimu_r1/magnitudes/preview" : 0.0,
		"ngimu_r1/matrix/preview" : 1.0,
		"ngimu_r1/matrix/xx/active" : 1.0,
		"ngimu_r1/matrix/xx/raw" : 0.0,
		"ngimu_r1/matrix/xy/active" : 1.0,
		"ngimu_r1/matrix/xy/raw" : 0.0,
		"ngimu_r1/matrix/xz/active" : 1.0,
		"ngimu_r1/matrix/xz/raw" : 0.0,
		"ngimu_r1/matrix/yx/active" : 1.0,
		"ngimu_r1/matrix/yx/raw" : 0.0,
		"ngimu_r1/matrix/yy/active" : 1.0,
		"ngimu_r1/matrix/yy/raw" : 0.0,
		"ngimu_r1/matrix/yz/active" : 1.0,
		"ngimu_r1/matrix/yz/raw" : 0.0,
		"ngimu_r1/matrix/zx/active" : 1.0,
		"ngimu_r1/matrix/zx/raw" : 0.0,
		"ngimu_r1/matrix/zy/active" : 1.0,
		"ngimu_r1/matrix/zy/raw" : 0.0,
		"ngimu_r1/matrix/zz/active" : 1.0,
		"ngimu_r1/matrix/zz/raw" : 0.0,
		"ngimu_r1/port/in" : 7802,
		"ngimu_r1/quaternion/preview" : 0.0,
		"ngimu_r1/quaternion/w/active" : 1.0,
		"ngimu_r1/quaternion/w/raw" : 0.701849,
		"ngimu_r1/quaternion/x/active" : 1.0,
		"ngimu_r1/quaternion/x/raw" : -0.706047,
		"ngimu_r1/quaternion/y/active" : 1.0,
		"ngimu_r1/quaternion/y/raw" : 0.068047,
		"ngimu_r1/quaternion/z/active" : 1.0,
		"ngimu_r1/quaternion/z/raw" : 0.030063,
		"ngimu_r1/rssi/dbm" : 0.0,
		"ngimu_r1/rssi/dbm/active" : 1.0,
		"ngimu_r1/rssi/percent" : 0.0,
		"ngimu_r1/rssi/percent/active" : 1.0,
		"ngimu_r1/temperature/processor" : 0.0,
		"ngimu_r1/temperature/processor/active" : 1.0,
		"ngimu_r1/temperature/sensors" : 0.0,
		"ngimu_r1/temperature/sensors/active" : 1.0,
		"ngimu_r2/barometer" : 0.0,
		"ngimu_r2/barometer/active" : 1.0,
		"ngimu_r2/acc/pitch" : 0.050657,
		"ngimu_r2/acc/pitch/active" : 1.0,
		"ngimu_r2/acc/pitch/invert" : 0.0,
		"ngimu_r2/acc/pitch/offset" : 0.0,
		"ngimu_r2/acc/preview" : 0.0,
		"ngimu_r2/acc/roll" : 0.111577,
		"ngimu_r2/acc/roll/active" : 1.0,
		"ngimu_r2/acc/roll/invert" : 0.0,
		"ngimu_r2/acc/roll/offset" : 0.0,
		"ngimu_r2/acc/magnitude/active" : 1.0,
		"ngimu_r2/acc/magnitude/norm" : 0.0,
		"ngimu_r2/acc/magnitude/raw" : 0.0,
		"ngimu_r2/acc/orientation/preview" : 0.0,
		"ngimu_r2/acc/qom/norm" : 0.0,
		"ngimu_r2/acc/qom/raw" : -1.0,
		"ngimu_r2/acc/x/active" : 1.0,
		"ngimu_r2/acc/x/norm" : 0.0,
		"ngimu_r2/acc/x/raw" : 0.0,
		"ngimu_r2/acc/x/qom/norm" : 0.0,
		"ngimu_r2/acc/x/qom/raw" : 0.0,
		"ngimu_r2/acc/y/active" : 1.0,
		"ngimu_r2/acc/y/norm" : 0.0,
		"ngimu_r2/acc/y/raw" : 0.0,
		"ngimu_r2/acc/y/qom/norm" : 0.0,
		"ngimu_r2/acc/y/qom/raw" : 0.0,
		"ngimu_r2/acc/z/active" : 1.0,
		"ngimu_r2/acc/z/norm" : 0.0,
		"ngimu_r2/acc/z/raw" : 0.0,
		"ngimu_r2/acc/z/qom/norm" : 0.0,
		"ngimu_r2/acc/z/qom/raw" : 0.0,
		"ngimu_r2/altitude/active" : 1.0,
		"ngimu_r2/altitude/preview" : 0.0,
		"ngimu_r2/altitude/raw" : 0.0,
		"ngimu_r2/battery/charge" : 0.0,
		"ngimu_r2/battery/current" : 0.0,
		"ngimu_r2/battery/percentage" : 0.0,
		"ngimu_r2/battery/time" : 0.0,
		"ngimu_r2/battery/voltage" : 0.0,
		"ngimu_r2/earth/preview" : 0.0,
		"ngimu_r2/earth/x/active" : 1.0,
		"ngimu_r2/earth/x/norm" : 0.0,
		"ngimu_r2/earth/x/raw" : 0.0,
		"ngimu_r2/earth/y/active" : 1.0,
		"ngimu_r2/earth/y/norm" : 0.0,
		"ngimu_r2/earth/y/raw" : 0.0,
		"ngimu_r2/earth/z/active" : 1.0,
		"ngimu_r2/earth/z/norm" : 0.0,
		"ngimu_r2/earth/z/raw" : 0.0,
		"ngimu_r2/euler/preview" : 0.0,
		"ngimu_r2/euler/pitch/active" : 1.0,
		"ngimu_r2/euler/pitch/norm" : 0.0,
		"ngimu_r2/euler/pitch/raw" : 0.0,
		"ngimu_r2/euler/roll/active" : 1.0,
		"ngimu_r2/euler/roll/norm" : 0.0,
		"ngimu_r2/euler/roll/raw" : 0.0,
		"ngimu_r2/euler/yaw/active" : 1.0,
		"ngimu_r2/euler/yaw/norm" : 0.0,
		"ngimu_r2/euler/yaw/raw" : 0.0,
		"ngimu_r2/gyro/preview" : 0.0,
		"ngimu_r2/gyro/magnitude/active" : 1.0,
		"ngimu_r2/gyro/magnitude/norm" : 0.0,
		"ngimu_r2/gyro/magnitude/raw" : 0.0,
		"ngimu_r2/gyro/qom/norm" : 0.0,
		"ngimu_r2/gyro/qom/raw" : 0.0,
		"ngimu_r2/gyro/x/active" : 1.0,
		"ngimu_r2/gyro/x/norm" : 0.0,
		"ngimu_r2/gyro/x/raw" : 0.0,
		"ngimu_r2/gyro/x/qom/norm" : 0.0,
		"ngimu_r2/gyro/x/qom/raw" : 0.0,
		"ngimu_r2/gyro/y/active" : 1.0,
		"ngimu_r2/gyro/y/norm" : 0.0,
		"ngimu_r2/gyro/y/raw" : 0.0,
		"ngimu_r2/gyro/y/qom/norm" : 0.0,
		"ngimu_r2/gyro/y/qom/raw" : 0.0,
		"ngimu_r2/gyro/z/active" : 1.0,
		"ngimu_r2/gyro/z/norm" : 0.0,
		"ngimu_r2/gyro/z/raw" : 0.0,
		"ngimu_r2/gyro/z/qom/norm" : 0.0,
		"ngimu_r2/gyro/z/qom/raw" : 0.0,
		"ngimu_r2/linear/preview" : 0.0,
		"ngimu_r2/linear/x/active" : 1.0,
		"ngimu_r2/linear/x/norm" : 0.0,
		"ngimu_r2/linear/x/raw" : 0.0,
		"ngimu_r2/linear/y/active" : 1.0,
		"ngimu_r2/linear/y/norm" : 0.0,
		"ngimu_r2/linear/y/raw" : 0.0,
		"ngimu_r2/linear/z/active" : 1.0,
		"ngimu_r2/linear/z/norm" : 0.0,
		"ngimu_r2/linear/z/raw" : 0.0,
		"ngimu_r2/mag/preview" : 0.0,
		"ngimu_r2/mag/qom" : 0.0,
		"ngimu_r2/mag/magnitude/active" : 1.0,
		"ngimu_r2/mag/magnitude/raw" : 0.0,
		"ngimu_r2/mag/magnitude/scaled" : 0.0,
		"ngimu_r2/mag/x/active" : 1.0,
		"ngimu_r2/mag/x/qom" : 0.0,
		"ngimu_r2/mag/x/raw" : 0.0,
		"ngimu_r2/mag/y/active" : 1.0,
		"ngimu_r2/mag/y/qom" : 0.0,
		"ngimu_r2/mag/y/raw" : 0.0,
		"ngimu_r2/mag/z/active" : 1.0,
		"ngimu_r2/mag/z/qom" : 0.0,
		"ngimu_r2/mag/z/raw" : 0.0,
		"ngimu_r2/magnitudes/preview" : 0.0,
		"ngimu_r2/matrix/preview" : 0.0,
		"ngimu_r2/matrix/xx/active" : 1.0,
		"ngimu_r2/matrix/xx/raw" : 0.0,
		"ngimu_r2/matrix/xy/active" : 1.0,
		"ngimu_r2/matrix/xy/raw" : 0.0,
		"ngimu_r2/matrix/xz/active" : 1.0,
		"ngimu_r2/matrix/xz/raw" : 0.0,
		"ngimu_r2/matrix/yx/active" : 1.0,
		"ngimu_r2/matrix/yx/raw" : 0.0,
		"ngimu_r2/matrix/yy/active" : 1.0,
		"ngimu_r2/matrix/yy/raw" : 0.0,
		"ngimu_r2/matrix/yz/active" : 1.0,
		"ngimu_r2/matrix/yz/raw" : 0.0,
		"ngimu_r2/matrix/zx/active" : 1.0,
		"ngimu_r2/matrix/zx/raw" : 0.0,
		"ngimu_r2/matrix/zy/active" : 1.0,
		"ngimu_r2/matrix/zy/raw" : 0.0,
		"ngimu_r2/matrix/zz/active" : 1.0,
		"ngimu_r2/matrix/zz/raw" : 0.0,
		"ngimu_r2/port/in" : 7968,
		"ngimu_r2/quaternion/preview" : 0.0,
		"ngimu_r2/quaternion/w/active" : 1.0,
		"ngimu_r2/quaternion/w/raw" : 0.0,
		"ngimu_r2/quaternion/x/active" : 1.0,
		"ngimu_r2/quaternion/x/raw" : 0.0,
		"ngimu_r2/quaternion/y/active" : 1.0,
		"ngimu_r2/quaternion/y/raw" : 0.0,
		"ngimu_r2/quaternion/z/active" : 1.0,
		"ngimu_r2/quaternion/z/raw" : 0.0,
		"ngimu_r2/rssi/dbm" : 0.0,
		"ngimu_r2/rssi/dbm/active" : 1.0,
		"ngimu_r2/rssi/percent" : 0.0,
		"ngimu_r2/rssi/percent/active" : 1.0,
		"ngimu_r2/temperature/processor" : 0.0,
		"ngimu_r2/temperature/processor/active" : 1.0,
		"ngimu_r2/temperature/sensors" : 0.0,
		"ngimu_r2/temperature/sensors/active" : 1.0,
		"oscoutput1/address" : "127.0.0.1",
		"oscoutput1/oscoutput1-oscroute/abs" : 0.0,
		"oscoutput1/oscoutput1-oscroute/abs2" : 0.0,
		"oscoutput1/oscoutput1-oscroute/namespacebrowser/local_receive" : "1244-front",
		"oscoutput1/oscoutput1-oscroute/namespacebrowser/nodeAddress" : "/gyroavg/out/final",
		"oscoutput1/oscoutput1-oscroute/namespacebrowser/origin" : [ 262.0, 85.0 ],
		"oscoutput1/oscoutput1-oscroute/offset" : 0.0,
		"oscoutput1/oscoutput1-oscroute/offset2" : 0.0,
		"oscoutput1/oscoutput1-oscroute/scalebypass" : 1.0,
		"oscoutput1/oscoutput1-oscroute/settingList" : [ 1, 0.0, 0.0, 0.0, "s", 0, "s", 0.0, "s", 0.0, "s", "s" ],
		"oscoutput1/oscoutput1-oscroute/input/max" : 1.0,
		"oscoutput1/oscoutput1-oscroute/input/min" : 0.0,
		"oscoutput1/oscoutput1-oscroute/output/max" : 1.0,
		"oscoutput1/oscoutput1-oscroute/output/min" : 0.0,
		"oscoutput1/port" : 8801,
		"oscoutput1/prepend" : "/value/",
		"oscoutput1/sig" : 0.0,
		"oscoutput2/address" : "127.0.0.1",
		"oscoutput2/oscoutput2-oscroute/abs" : 0.0,
		"oscoutput2/oscoutput2-oscroute/abs2" : 0.0,
		"oscoutput2/oscoutput2-oscroute/namespacebrowser/local_receive" : "1234-front",
		"oscoutput2/oscoutput2-oscroute/namespacebrowser/nodeAddress" : "/gyroavg/out/final",
		"oscoutput2/oscoutput2-oscroute/namespacebrowser/origin" : [ 0.0, 0.0 ],
		"oscoutput2/oscoutput2-oscroute/offset" : 0.0,
		"oscoutput2/oscoutput2-oscroute/offset2" : 0.0,
		"oscoutput2/oscoutput2-oscroute/scalebypass" : 1.0,
		"oscoutput2/oscoutput2-oscroute/settingList" : [ 1, 0.0, 0.0, 0.0, "s", 0, "s", 0.0, "s", 0.0, "s", "s" ],
		"oscoutput2/oscoutput2-oscroute/input/max" : 1.0,
		"oscoutput2/oscoutput2-oscroute/input/min" : 0.0,
		"oscoutput2/oscoutput2-oscroute/output/max" : 1.0,
		"oscoutput2/oscoutput2-oscroute/output/min" : 0.0,
		"oscoutput2/port" : 8802,
		"oscoutput2/prepend" : "/value/",
		"oscoutput2/sig" : 0.0,
		"oscoutput3/address" : "127.0.0.1",
		"oscoutput3/oscoutput3-oscroute/abs" : 0.0,
		"oscoutput3/oscoutput3-oscroute/abs2" : 0.0,
		"oscoutput3/oscoutput3-oscroute/namespacebrowser/local_receive" : "1224-front",
		"oscoutput3/oscoutput3-oscroute/namespacebrowser/nodeAddress" : "/gyroavg/out/final",
		"oscoutput3/oscoutput3-oscroute/namespacebrowser/origin" : [ 756.0, 219.0 ],
		"oscoutput3/oscoutput3-oscroute/offset" : 0.0,
		"oscoutput3/oscoutput3-oscroute/offset2" : 0.0,
		"oscoutput3/oscoutput3-oscroute/scalebypass" : 1.0,
		"oscoutput3/oscoutput3-oscroute/settingList" : [ 1, 0.0, 0.0, 0.0, "s", 0, "s", 0.0, "s", 0.0, "s", "s" ],
		"oscoutput3/oscoutput3-oscroute/input/max" : 1.0,
		"oscoutput3/oscoutput3-oscroute/input/min" : 0.0,
		"oscoutput3/oscoutput3-oscroute/output/max" : 1.0,
		"oscoutput3/oscoutput3-oscroute/output/min" : 0.0,
		"oscoutput3/port" : 8803,
		"oscoutput3/prepend" : "/value/",
		"oscoutput3/sig" : 0.0,
		"oscoutput4/address" : "127.0.0.1",
		"oscoutput4/oscoutput4-oscroute/abs" : 0.0,
		"oscoutput4/oscoutput4-oscroute/abs2" : 0.0,
		"oscoutput4/oscoutput4-oscroute/namespacebrowser/local_receive" : "1214-front",
		"oscoutput4/oscoutput4-oscroute/namespacebrowser/nodeAddress" : "none",
		"oscoutput4/oscoutput4-oscroute/namespacebrowser/origin" : [ 0.0, 0.0 ],
		"oscoutput4/oscoutput4-oscroute/offset" : 0.0,
		"oscoutput4/oscoutput4-oscroute/offset2" : 0.0,
		"oscoutput4/oscoutput4-oscroute/scalebypass" : 1.0,
		"oscoutput4/oscoutput4-oscroute/input/max" : 1.0,
		"oscoutput4/oscoutput4-oscroute/input/min" : 0.0,
		"oscoutput4/oscoutput4-oscroute/output/max" : 1.0,
		"oscoutput4/oscoutput4-oscroute/output/min" : 0.0,
		"oscoutput4/port" : 8804,
		"oscoutput4/prepend" : "/value/",
		"oscoutput4/sig" : 0.0,
		"oscoutput5/address" : "127.0.0.1",
		"oscoutput5/oscoutput5-oscroute/abs" : 0.0,
		"oscoutput5/oscoutput5-oscroute/abs2" : 0.0,
		"oscoutput5/oscoutput5-oscroute/namespacebrowser/local_receive" : "1204-front",
		"oscoutput5/oscoutput5-oscroute/namespacebrowser/nodeAddress" : "none",
		"oscoutput5/oscoutput5-oscroute/namespacebrowser/origin" : [ 0.0, 0.0 ],
		"oscoutput5/oscoutput5-oscroute/offset" : 0.0,
		"oscoutput5/oscoutput5-oscroute/offset2" : 0.0,
		"oscoutput5/oscoutput5-oscroute/scalebypass" : 1.0,
		"oscoutput5/oscoutput5-oscroute/input/max" : 1.0,
		"oscoutput5/oscoutput5-oscroute/input/min" : 0.0,
		"oscoutput5/oscoutput5-oscroute/output/max" : 1.0,
		"oscoutput5/oscoutput5-oscroute/output/min" : 0.0,
		"oscoutput5/port" : 8805,
		"oscoutput5/prepend" : "/value/",
		"oscoutput5/sig" : 0.0,
		"oscoutput6/address" : "127.0.0.1",
		"oscoutput6/oscoutput6-oscroute/abs" : 0.0,
		"oscoutput6/oscoutput6-oscroute/abs2" : 0.0,
		"oscoutput6/oscoutput6-oscroute/namespacebrowser/local_receive" : "1194-front",
		"oscoutput6/oscoutput6-oscroute/namespacebrowser/nodeAddress" : "none",
		"oscoutput6/oscoutput6-oscroute/namespacebrowser/origin" : [ 0.0, 0.0 ],
		"oscoutput6/oscoutput6-oscroute/offset" : 0.0,
		"oscoutput6/oscoutput6-oscroute/offset2" : 0.0,
		"oscoutput6/oscoutput6-oscroute/scalebypass" : 1.0,
		"oscoutput6/oscoutput6-oscroute/input/max" : 1.0,
		"oscoutput6/oscoutput6-oscroute/input/min" : 0.0,
		"oscoutput6/oscoutput6-oscroute/output/max" : 1.0,
		"oscoutput6/oscoutput6-oscroute/output/min" : 0.0,
		"oscoutput6/port" : 8806,
		"oscoutput6/prepend" : "/value/",
		"oscoutput6/sig" : 0.0,
		"oscoutput7/address" : "127.0.0.1",
		"oscoutput7/oscoutput7-oscroute/abs" : 0.0,
		"oscoutput7/oscoutput7-oscroute/abs2" : 0.0,
		"oscoutput7/oscoutput7-oscroute/namespacebrowser/local_receive" : "1184-front",
		"oscoutput7/oscoutput7-oscroute/namespacebrowser/nodeAddress" : "none",
		"oscoutput7/oscoutput7-oscroute/namespacebrowser/origin" : [ 0.0, 0.0 ],
		"oscoutput7/oscoutput7-oscroute/offset" : 0.0,
		"oscoutput7/oscoutput7-oscroute/offset2" : 0.0,
		"oscoutput7/oscoutput7-oscroute/scalebypass" : 1.0,
		"oscoutput7/oscoutput7-oscroute/input/max" : 1.0,
		"oscoutput7/oscoutput7-oscroute/input/min" : 0.0,
		"oscoutput7/oscoutput7-oscroute/output/max" : 1.0,
		"oscoutput7/oscoutput7-oscroute/output/min" : 0.0,
		"oscoutput7/port" : 8807,
		"oscoutput7/prepend" : "/value/",
		"oscoutput7/sig" : 0.0,
		"oscoutput8/address" : "127.0.0.1",
		"oscoutput8/oscoutput8-oscroute/abs" : 0.0,
		"oscoutput8/oscoutput8-oscroute/abs2" : 0.0,
		"oscoutput8/oscoutput8-oscroute/namespacebrowser/local_receive" : "1008-front",
		"oscoutput8/oscoutput8-oscroute/namespacebrowser/nodeAddress" : "none",
		"oscoutput8/oscoutput8-oscroute/namespacebrowser/origin" : [ 0.0, 0.0 ],
		"oscoutput8/oscoutput8-oscroute/offset" : 0.0,
		"oscoutput8/oscoutput8-oscroute/offset2" : 0.0,
		"oscoutput8/oscoutput8-oscroute/scalebypass" : 1.0,
		"oscoutput8/oscoutput8-oscroute/input/max" : 1.0,
		"oscoutput8/oscoutput8-oscroute/input/min" : 0.0,
		"oscoutput8/oscoutput8-oscroute/output/max" : 1.0,
		"oscoutput8/oscoutput8-oscroute/output/min" : 0.0,
		"oscoutput8/port" : 8808,
		"oscoutput8/prepend" : "/value/",
		"oscoutput8/sig" : 0.0
	}

}
